0.31048599566914037,"[ 0.00000000e+00  9.74032280e-01 -4.32427558e-01  0.00000000e+00
  9.42479464e-01  5.66806618e+01  1.57176228e+02  1.06992974e+02
  1.50134812e+00  2.25056509e+02  1.88961214e+02  3.07977613e+00
  9.10206160e+00  0.00000000e+00  2.12481529e-01  3.00000000e+05
  0.00000000e+00  0.00000000e+00  0.00000000e+00  1.48232425e-02
  8.90898217e+03  5.78545678e-01  9.54919394e-01]"
0.19819747013733746,"[0.00000000e+00 3.43447379e-01 1.07040829e+00 0.00000000e+00
 8.97349707e-01 7.06752083e+01 1.75770818e+02 8.80463249e+01
 2.10102933e+00 1.99406024e+02 3.37192890e+00 8.85228144e-01
 1.33192483e+01 0.00000000e+00 1.26107666e-02 3.00000000e+05
 0.00000000e+00 0.00000000e+00 0.00000000e+00 1.14206136e-02
 8.77026769e+03 8.51110120e-02 7.83938419e-01]"
0.19819747013733746,"[0.00000000e+00 3.43447379e-01 1.07040829e+00 0.00000000e+00
 8.97349707e-01 7.06752083e+01 1.75770818e+02 8.80463249e+01
 2.10102933e+00 1.99406024e+02 3.37192890e+00 8.85228144e-01
 1.33192483e+01 0.00000000e+00 1.26107666e-02 3.00000000e+05
 0.00000000e+00 0.00000000e+00 0.00000000e+00 1.14206136e-02
 8.77026769e+03 8.51110120e-02 7.83938419e-01]"
0.185868625134604,"[ 0.00000000e+00 -6.96146502e-02  1.07040829e+00  0.00000000e+00
  8.05404141e-01  2.32346659e+01  1.75770818e+02  8.80463249e+01
  2.10102933e+00  1.99406024e+02  3.37192890e+00  9.81239987e-01
  1.33192483e+01  0.00000000e+00  5.34604749e-01  3.00000000e+05
  0.00000000e+00  0.00000000e+00  0.00000000e+00  1.14206136e-02
  6.97313843e+03  7.38232577e-01  7.83938419e-01]"
0.185868625134604,"[ 0.00000000e+00 -6.96146502e-02  1.07040829e+00  0.00000000e+00
  8.05404141e-01  2.32346659e+01  1.75770818e+02  8.80463249e+01
  2.10102933e+00  1.99406024e+02  3.37192890e+00  9.81239987e-01
  1.33192483e+01  0.00000000e+00  5.34604749e-01  3.00000000e+05
  0.00000000e+00  0.00000000e+00  0.00000000e+00  1.14206136e-02
  6.97313843e+03  7.38232577e-01  7.83938419e-01]"
0.1763640785533387,"[ 0.00000000e+00 -4.51839190e-01  1.67308976e-01  0.00000000e+00
  4.53516303e-01  6.87707962e+01  1.56655022e+02  1.33713865e+02
  1.73953005e+00  4.27223921e+01  4.61905289e+01  2.55002599e+00
  1.33845130e+01  0.00000000e+00  6.80138901e-01  3.00000000e+05
  0.00000000e+00  0.00000000e+00  0.00000000e+00  7.96651269e-03
  4.65936574e+03  8.83416038e-01  9.54151501e-01]"
0.1763640785533387,"[ 0.00000000e+00 -4.51839190e-01  1.67308976e-01  0.00000000e+00
  4.53516303e-01  6.87707962e+01  1.56655022e+02  1.33713865e+02
  1.73953005e+00  4.27223921e+01  4.61905289e+01  2.55002599e+00
  1.33845130e+01  0.00000000e+00  6.80138901e-01  3.00000000e+05
  0.00000000e+00  0.00000000e+00  0.00000000e+00  7.96651269e-03
  4.65936574e+03  8.83416038e-01  9.54151501e-01]"
0.1763640785533387,"[ 0.00000000e+00 -4.51839190e-01  1.67308976e-01  0.00000000e+00
  4.53516303e-01  6.87707962e+01  1.56655022e+02  1.33713865e+02
  1.73953005e+00  4.27223921e+01  4.61905289e+01  2.55002599e+00
  1.33845130e+01  0.00000000e+00  6.80138901e-01  3.00000000e+05
  0.00000000e+00  0.00000000e+00  0.00000000e+00  7.96651269e-03
  4.65936574e+03  8.83416038e-01  9.54151501e-01]"
0.1763640785533387,"[ 0.00000000e+00 -4.51839190e-01  1.67308976e-01  0.00000000e+00
  4.53516303e-01  6.87707962e+01  1.56655022e+02  1.33713865e+02
  1.73953005e+00  4.27223921e+01  4.61905289e+01  2.55002599e+00
  1.33845130e+01  0.00000000e+00  6.80138901e-01  3.00000000e+05
  0.00000000e+00  0.00000000e+00  0.00000000e+00  7.96651269e-03
  4.65936574e+03  8.83416038e-01  9.54151501e-01]"
0.1763640785533387,"[ 0.00000000e+00 -4.51839190e-01  1.67308976e-01  0.00000000e+00
  4.53516303e-01  6.87707962e+01  1.56655022e+02  1.33713865e+02
  1.73953005e+00  4.27223921e+01  4.61905289e+01  2.55002599e+00
  1.33845130e+01  0.00000000e+00  6.80138901e-01  3.00000000e+05
  0.00000000e+00  0.00000000e+00  0.00000000e+00  7.96651269e-03
  4.65936574e+03  8.83416038e-01  9.54151501e-01]"
0.1763640785533387,"[ 0.00000000e+00 -4.51839190e-01  1.67308976e-01  0.00000000e+00
  4.53516303e-01  6.87707962e+01  1.56655022e+02  1.33713865e+02
  1.73953005e+00  4.27223921e+01  4.61905289e+01  2.55002599e+00
  1.33845130e+01  0.00000000e+00  6.80138901e-01  3.00000000e+05
  0.00000000e+00  0.00000000e+00  0.00000000e+00  7.96651269e-03
  4.65936574e+03  8.83416038e-01  9.54151501e-01]"
0.17575716967021038,"[0.00000000e+00 2.88895447e-01 7.38212229e-02 0.00000000e+00
 4.61963302e-01 5.85154043e+01 1.55567728e+02 1.11544580e+02
 2.81559244e+00 8.36218178e+01 2.85186229e+01 2.46931466e+00
 7.78104580e+00 0.00000000e+00 3.10594178e-01 3.00000000e+05
 0.00000000e+00 0.00000000e+00 0.00000000e+00 1.32919664e-02
 4.42903107e+03 3.87961380e-01 8.43932813e-01]"
0.13620745627333897,"[ 0.00000000e+00 -6.88270307e-01  9.53184484e-01  0.00000000e+00
  7.80575544e-01  5.25533447e+01  1.62171657e+02  1.00851033e+02
  2.92691116e+00  3.39708027e+02  5.39535495e+01  2.58670005e+00
  1.47819875e-01  0.00000000e+00  3.97061367e-02  3.00000000e+05
  0.00000000e+00  0.00000000e+00  0.00000000e+00  9.56397742e-03
  5.83821234e+03  8.36691278e-02  9.86241084e-01]"
0.13620745627333897,"[ 0.00000000e+00 -6.88270307e-01  9.53184484e-01  0.00000000e+00
  7.80575544e-01  5.25533447e+01  1.62171657e+02  1.00851033e+02
  2.92691116e+00  3.39708027e+02  5.39535495e+01  2.58670005e+00
  1.47819875e-01  0.00000000e+00  3.97061367e-02  3.00000000e+05
  0.00000000e+00  0.00000000e+00  0.00000000e+00  9.56397742e-03
  5.83821234e+03  8.36691278e-02  9.86241084e-01]"
0.13195353757900596,"[0.00000000e+00 9.65153640e-01 5.03674330e-02 0.00000000e+00
 5.44514438e-01 4.62822214e+01 1.39677755e+02 9.15154655e+01
 1.58344593e+00 3.82249198e+02 9.86827702e+01 3.98315780e+00
 1.51151751e+00 0.00000000e+00 9.48719880e-01 3.00000000e+05
 0.00000000e+00 0.00000000e+00 0.00000000e+00 7.84606801e-03
 5.13158609e+03 3.33354649e-01 9.55483564e-01]"
0.13195353757900596,"[0.00000000e+00 9.65153640e-01 5.03674330e-02 0.00000000e+00
 5.44514438e-01 4.62822214e+01 1.39677755e+02 9.15154655e+01
 1.58344593e+00 3.82249198e+02 9.86827702e+01 3.98315780e+00
 1.51151751e+00 0.00000000e+00 9.48719880e-01 3.00000000e+05
 0.00000000e+00 0.00000000e+00 0.00000000e+00 7.84606801e-03
 5.13158609e+03 3.33354649e-01 9.55483564e-01]"
0.13195353757900596,"[0.00000000e+00 9.65153640e-01 5.03674330e-02 0.00000000e+00
 5.44514438e-01 4.62822214e+01 1.39677755e+02 9.15154655e+01
 1.58344593e+00 3.82249198e+02 9.86827702e+01 3.98315780e+00
 1.51151751e+00 0.00000000e+00 9.48719880e-01 3.00000000e+05
 0.00000000e+00 0.00000000e+00 0.00000000e+00 7.84606801e-03
 5.13158609e+03 3.33354649e-01 9.55483564e-01]"
0.13195353757900596,"[0.00000000e+00 9.65153640e-01 5.03674330e-02 0.00000000e+00
 5.44514438e-01 4.62822214e+01 1.39677755e+02 9.15154655e+01
 1.58344593e+00 3.82249198e+02 9.86827702e+01 3.98315780e+00
 1.51151751e+00 0.00000000e+00 9.48719880e-01 3.00000000e+05
 0.00000000e+00 0.00000000e+00 0.00000000e+00 7.84606801e-03
 5.13158609e+03 3.33354649e-01 9.55483564e-01]"
0.13195353757900596,"[0.00000000e+00 9.65153640e-01 5.03674330e-02 0.00000000e+00
 5.44514438e-01 4.62822214e+01 1.39677755e+02 9.15154655e+01
 1.58344593e+00 3.82249198e+02 9.86827702e+01 3.98315780e+00
 1.51151751e+00 0.00000000e+00 9.48719880e-01 3.00000000e+05
 0.00000000e+00 0.00000000e+00 0.00000000e+00 7.84606801e-03
 5.13158609e+03 3.33354649e-01 9.55483564e-01]"
0.13195353757900596,"[0.00000000e+00 9.65153640e-01 5.03674330e-02 0.00000000e+00
 5.44514438e-01 4.62822214e+01 1.39677755e+02 9.15154655e+01
 1.58344593e+00 3.82249198e+02 9.86827702e+01 3.98315780e+00
 1.51151751e+00 0.00000000e+00 9.48719880e-01 3.00000000e+05
 0.00000000e+00 0.00000000e+00 0.00000000e+00 7.84606801e-03
 5.13158609e+03 3.33354649e-01 9.55483564e-01]"
0.12632738891460882,"[ 0.00000000e+00  7.16307486e-01 -8.59835475e-02  0.00000000e+00
  4.83750968e-01  2.26791033e+01  1.28196516e+02  9.09754405e+01
  1.55529174e+00  1.83493149e+02  4.75822485e+01  3.74752254e+00
  7.59522845e+00  0.00000000e+00  2.87479025e-01  3.00000000e+05
  0.00000000e+00  0.00000000e+00  0.00000000e+00  1.09341329e-02
  4.51291971e+03  1.47058672e-01  9.57732231e-01]"
0.12632738891460882,"[ 0.00000000e+00  7.16307486e-01 -8.59835475e-02  0.00000000e+00
  4.83750968e-01  2.26791033e+01  1.28196516e+02  9.09754405e+01
  1.55529174e+00  1.83493149e+02  4.75822485e+01  3.74752254e+00
  7.59522845e+00  0.00000000e+00  2.87479025e-01  3.00000000e+05
  0.00000000e+00  0.00000000e+00  0.00000000e+00  1.09341329e-02
  4.51291971e+03  1.47058672e-01  9.57732231e-01]"
0.12632738891460882,"[ 0.00000000e+00  7.16307486e-01 -8.59835475e-02  0.00000000e+00
  4.83750968e-01  2.26791033e+01  1.28196516e+02  9.09754405e+01
  1.55529174e+00  1.83493149e+02  4.75822485e+01  3.74752254e+00
  7.59522845e+00  0.00000000e+00  2.87479025e-01  3.00000000e+05
  0.00000000e+00  0.00000000e+00  0.00000000e+00  1.09341329e-02
  4.51291971e+03  1.47058672e-01  9.57732231e-01]"
0.12632738891460882,"[ 0.00000000e+00  7.16307486e-01 -8.59835475e-02  0.00000000e+00
  4.83750968e-01  2.26791033e+01  1.28196516e+02  9.09754405e+01
  1.55529174e+00  1.83493149e+02  4.75822485e+01  3.74752254e+00
  7.59522845e+00  0.00000000e+00  2.87479025e-01  3.00000000e+05
  0.00000000e+00  0.00000000e+00  0.00000000e+00  1.09341329e-02
  4.51291971e+03  1.47058672e-01  9.57732231e-01]"
0.12632738891460882,"[ 0.00000000e+00  7.16307486e-01 -8.59835475e-02  0.00000000e+00
  4.83750968e-01  2.26791033e+01  1.28196516e+02  9.09754405e+01
  1.55529174e+00  1.83493149e+02  4.75822485e+01  3.74752254e+00
  7.59522845e+00  0.00000000e+00  2.87479025e-01  3.00000000e+05
  0.00000000e+00  0.00000000e+00  0.00000000e+00  1.09341329e-02
  4.51291971e+03  1.47058672e-01  9.57732231e-01]"
0.12632738891460882,"[ 0.00000000e+00  7.16307486e-01 -8.59835475e-02  0.00000000e+00
  4.83750968e-01  2.26791033e+01  1.28196516e+02  9.09754405e+01
  1.55529174e+00  1.83493149e+02  4.75822485e+01  3.74752254e+00
  7.59522845e+00  0.00000000e+00  2.87479025e-01  3.00000000e+05
  0.00000000e+00  0.00000000e+00  0.00000000e+00  1.09341329e-02
  4.51291971e+03  1.47058672e-01  9.57732231e-01]"
0.12632738891460882,"[ 0.00000000e+00  7.16307486e-01 -8.59835475e-02  0.00000000e+00
  4.83750968e-01  2.26791033e+01  1.28196516e+02  9.09754405e+01
  1.55529174e+00  1.83493149e+02  4.75822485e+01  3.74752254e+00
  7.59522845e+00  0.00000000e+00  2.87479025e-01  3.00000000e+05
  0.00000000e+00  0.00000000e+00  0.00000000e+00  1.09341329e-02
  4.51291971e+03  1.47058672e-01  9.57732231e-01]"
0.12632738891460882,"[ 0.00000000e+00  7.16307486e-01 -8.59835475e-02  0.00000000e+00
  4.83750968e-01  2.26791033e+01  1.28196516e+02  9.09754405e+01
  1.55529174e+00  1.83493149e+02  4.75822485e+01  3.74752254e+00
  7.59522845e+00  0.00000000e+00  2.87479025e-01  3.00000000e+05
  0.00000000e+00  0.00000000e+00  0.00000000e+00  1.09341329e-02
  4.51291971e+03  1.47058672e-01  9.57732231e-01]"
0.12632738891460882,"[ 0.00000000e+00  7.16307486e-01 -8.59835475e-02  0.00000000e+00
  4.83750968e-01  2.26791033e+01  1.28196516e+02  9.09754405e+01
  1.55529174e+00  1.83493149e+02  4.75822485e+01  3.74752254e+00
  7.59522845e+00  0.00000000e+00  2.87479025e-01  3.00000000e+05
  0.00000000e+00  0.00000000e+00  0.00000000e+00  1.09341329e-02
  4.51291971e+03  1.47058672e-01  9.57732231e-01]"
0.10432650464819837,"[ 0.00000000e+00 -9.07806917e-01  1.60393324e+00  0.00000000e+00
  7.30808985e-01  2.25442624e+01  1.86684439e+02  9.55203054e+01
  1.34190524e+00  2.64173154e+01  9.27525646e+00  3.92595627e+00
  5.73170448e+00  0.00000000e+00  1.71806711e-01  3.00000000e+05
  0.00000000e+00  0.00000000e+00  0.00000000e+00  1.12133861e-02
  1.44160193e+03  1.34633020e-01  9.38048019e-01]"
0.10432650464819837,"[ 0.00000000e+00 -9.07806917e-01  1.60393324e+00  0.00000000e+00
  7.30808985e-01  2.25442624e+01  1.86684439e+02  9.55203054e+01
  1.34190524e+00  2.64173154e+01  9.27525646e+00  3.92595627e+00
  5.73170448e+00  0.00000000e+00  1.71806711e-01  3.00000000e+05
  0.00000000e+00  0.00000000e+00  0.00000000e+00  1.12133861e-02
  1.44160193e+03  1.34633020e-01  9.38048019e-01]"
0.10432650464819837,"[ 0.00000000e+00 -9.07806917e-01  1.60393324e+00  0.00000000e+00
  7.30808985e-01  2.25442624e+01  1.86684439e+02  9.55203054e+01
  1.34190524e+00  2.64173154e+01  9.27525646e+00  3.92595627e+00
  5.73170448e+00  0.00000000e+00  1.71806711e-01  3.00000000e+05
  0.00000000e+00  0.00000000e+00  0.00000000e+00  1.12133861e-02
  1.44160193e+03  1.34633020e-01  9.38048019e-01]"
0.10432650464819837,"[ 0.00000000e+00 -9.07806917e-01  1.60393324e+00  0.00000000e+00
  7.30808985e-01  2.25442624e+01  1.86684439e+02  9.55203054e+01
  1.34190524e+00  2.64173154e+01  9.27525646e+00  3.92595627e+00
  5.73170448e+00  0.00000000e+00  1.71806711e-01  3.00000000e+05
  0.00000000e+00  0.00000000e+00  0.00000000e+00  1.12133861e-02
  1.44160193e+03  1.34633020e-01  9.38048019e-01]"
0.10432650464819837,"[ 0.00000000e+00 -9.07806917e-01  1.60393324e+00  0.00000000e+00
  7.30808985e-01  2.25442624e+01  1.86684439e+02  9.55203054e+01
  1.34190524e+00  2.64173154e+01  9.27525646e+00  3.92595627e+00
  5.73170448e+00  0.00000000e+00  1.71806711e-01  3.00000000e+05
  0.00000000e+00  0.00000000e+00  0.00000000e+00  1.12133861e-02
  1.44160193e+03  1.34633020e-01  9.38048019e-01]"
0.10432650464819837,"[ 0.00000000e+00 -9.07806917e-01  1.60393324e+00  0.00000000e+00
  7.30808985e-01  2.25442624e+01  1.86684439e+02  9.55203054e+01
  1.34190524e+00  2.64173154e+01  9.27525646e+00  3.92595627e+00
  5.73170448e+00  0.00000000e+00  1.71806711e-01  3.00000000e+05
  0.00000000e+00  0.00000000e+00  0.00000000e+00  1.12133861e-02
  1.44160193e+03  1.34633020e-01  9.38048019e-01]"
0.10418167487250796,"[ 0.00000000e+00 -5.61372454e-01  1.28318963e+00  0.00000000e+00
  1.02411170e+00  2.15936879e+01  1.60428472e+02  9.36320234e+01
  1.22389004e+00  3.35426174e+02  1.33749074e+02  3.51191658e-01
  1.00642462e+00  0.00000000e+00  4.36562508e-01  3.00000000e+05
  0.00000000e+00  0.00000000e+00  0.00000000e+00  1.00909036e-02
  3.81135307e+03  1.15921251e-01  9.56813005e-01]"
0.09953093902381083,"[ 0.00000000e+00 -9.56440309e-01  1.86695794e+00  0.00000000e+00
  1.47820709e+00  4.71467624e+01  1.58421801e+02  1.13424189e+02
  1.43214977e+00  1.05845011e+02  1.01063959e+02  2.44081904e+00
  3.71080108e+00  0.00000000e+00  7.21409249e-01  3.00000000e+05
  0.00000000e+00  0.00000000e+00  0.00000000e+00  8.91090448e-03
  9.59007130e+03  1.60427257e-01  9.61139915e-01]"
0.09953093902381083,"[ 0.00000000e+00 -9.56440309e-01  1.86695794e+00  0.00000000e+00
  1.47820709e+00  4.71467624e+01  1.58421801e+02  1.13424189e+02
  1.43214977e+00  1.05845011e+02  1.01063959e+02  2.44081904e+00
  3.71080108e+00  0.00000000e+00  7.21409249e-01  3.00000000e+05
  0.00000000e+00  0.00000000e+00  0.00000000e+00  8.91090448e-03
  9.59007130e+03  1.60427257e-01  9.61139915e-01]"
0.09953093902381083,"[ 0.00000000e+00 -9.56440309e-01  1.86695794e+00  0.00000000e+00
  1.47820709e+00  4.71467624e+01  1.58421801e+02  1.13424189e+02
  1.43214977e+00  1.05845011e+02  1.01063959e+02  2.44081904e+00
  3.71080108e+00  0.00000000e+00  7.21409249e-01  3.00000000e+05
  0.00000000e+00  0.00000000e+00  0.00000000e+00  8.91090448e-03
  9.59007130e+03  1.60427257e-01  9.61139915e-01]"
0.09953093902381083,"[ 0.00000000e+00 -9.56440309e-01  1.86695794e+00  0.00000000e+00
  1.47820709e+00  4.71467624e+01  1.58421801e+02  1.13424189e+02
  1.43214977e+00  1.05845011e+02  1.01063959e+02  2.44081904e+00
  3.71080108e+00  0.00000000e+00  7.21409249e-01  3.00000000e+05
  0.00000000e+00  0.00000000e+00  0.00000000e+00  8.91090448e-03
  9.59007130e+03  1.60427257e-01  9.61139915e-01]"
0.09723964437343202,"[ 0.00000000e+00 -9.71968414e-01  1.97788321e+00  0.00000000e+00
  1.71029597e+00  4.51046681e+01  1.06029650e+02  1.12996785e+02
  1.95768858e+00  2.25049293e+02  1.03386676e+02  2.27575454e+00
  4.50411249e+00  0.00000000e+00  8.49402912e-01  3.00000000e+05
  0.00000000e+00  0.00000000e+00  0.00000000e+00  8.50900629e-03
  2.98141882e+03  1.52109696e-01  9.97621284e-01]"
0.09723964437343202,"[ 0.00000000e+00 -9.71968414e-01  1.97788321e+00  0.00000000e+00
  1.71029597e+00  4.51046681e+01  1.06029650e+02  1.12996785e+02
  1.95768858e+00  2.25049293e+02  1.03386676e+02  2.27575454e+00
  4.50411249e+00  0.00000000e+00  8.49402912e-01  3.00000000e+05
  0.00000000e+00  0.00000000e+00  0.00000000e+00  8.50900629e-03
  2.98141882e+03  1.52109696e-01  9.97621284e-01]"
0.09723964437343202,"[ 0.00000000e+00 -9.71968414e-01  1.97788321e+00  0.00000000e+00
  1.71029597e+00  4.51046681e+01  1.06029650e+02  1.12996785e+02
  1.95768858e+00  2.25049293e+02  1.03386676e+02  2.27575454e+00
  4.50411249e+00  0.00000000e+00  8.49402912e-01  3.00000000e+05
  0.00000000e+00  0.00000000e+00  0.00000000e+00  8.50900629e-03
  2.98141882e+03  1.52109696e-01  9.97621284e-01]"
0.09723964437343202,"[ 0.00000000e+00 -9.71968414e-01  1.97788321e+00  0.00000000e+00
  1.71029597e+00  4.51046681e+01  1.06029650e+02  1.12996785e+02
  1.95768858e+00  2.25049293e+02  1.03386676e+02  2.27575454e+00
  4.50411249e+00  0.00000000e+00  8.49402912e-01  3.00000000e+05
  0.00000000e+00  0.00000000e+00  0.00000000e+00  8.50900629e-03
  2.98141882e+03  1.52109696e-01  9.97621284e-01]"
0.09723964437343202,"[ 0.00000000e+00 -9.71968414e-01  1.97788321e+00  0.00000000e+00
  1.71029597e+00  4.51046681e+01  1.06029650e+02  1.12996785e+02
  1.95768858e+00  2.25049293e+02  1.03386676e+02  2.27575454e+00
  4.50411249e+00  0.00000000e+00  8.49402912e-01  3.00000000e+05
  0.00000000e+00  0.00000000e+00  0.00000000e+00  8.50900629e-03
  2.98141882e+03  1.52109696e-01  9.97621284e-01]"
0.09723964437343202,"[ 0.00000000e+00 -9.71968414e-01  1.97788321e+00  0.00000000e+00
  1.71029597e+00  4.51046681e+01  1.06029650e+02  1.12996785e+02
  1.95768858e+00  2.25049293e+02  1.03386676e+02  2.27575454e+00
  4.50411249e+00  0.00000000e+00  8.49402912e-01  3.00000000e+05
  0.00000000e+00  0.00000000e+00  0.00000000e+00  8.50900629e-03
  2.98141882e+03  1.52109696e-01  9.97621284e-01]"
0.09723964437343202,"[ 0.00000000e+00 -9.71968414e-01  1.97788321e+00  0.00000000e+00
  1.71029597e+00  4.51046681e+01  1.06029650e+02  1.12996785e+02
  1.95768858e+00  2.25049293e+02  1.03386676e+02  2.27575454e+00
  4.50411249e+00  0.00000000e+00  8.49402912e-01  3.00000000e+05
  0.00000000e+00  0.00000000e+00  0.00000000e+00  8.50900629e-03
  2.98141882e+03  1.52109696e-01  9.97621284e-01]"
0.09723964437343202,"[ 0.00000000e+00 -9.71968414e-01  1.97788321e+00  0.00000000e+00
  1.71029597e+00  4.51046681e+01  1.06029650e+02  1.12996785e+02
  1.95768858e+00  2.25049293e+02  1.03386676e+02  2.27575454e+00
  4.50411249e+00  0.00000000e+00  8.49402912e-01  3.00000000e+05
  0.00000000e+00  0.00000000e+00  0.00000000e+00  8.50900629e-03
  2.98141882e+03  1.52109696e-01  9.97621284e-01]"
0.09723964437343202,"[ 0.00000000e+00 -9.71968414e-01  1.97788321e+00  0.00000000e+00
  1.71029597e+00  4.51046681e+01  1.06029650e+02  1.12996785e+02
  1.95768858e+00  2.25049293e+02  1.03386676e+02  2.27575454e+00
  4.50411249e+00  0.00000000e+00  8.49402912e-01  3.00000000e+05
  0.00000000e+00  0.00000000e+00  0.00000000e+00  8.50900629e-03
  2.98141882e+03  1.52109696e-01  9.97621284e-01]"
0.09723964437343202,"[ 0.00000000e+00 -9.71968414e-01  1.97788321e+00  0.00000000e+00
  1.71029597e+00  4.51046681e+01  1.06029650e+02  1.12996785e+02
  1.95768858e+00  2.25049293e+02  1.03386676e+02  2.27575454e+00
  4.50411249e+00  0.00000000e+00  8.49402912e-01  3.00000000e+05
  0.00000000e+00  0.00000000e+00  0.00000000e+00  8.50900629e-03
  2.98141882e+03  1.52109696e-01  9.97621284e-01]"
0.09723964437343202,"[ 0.00000000e+00 -9.71968414e-01  1.97788321e+00  0.00000000e+00
  1.71029597e+00  4.51046681e+01  1.06029650e+02  1.12996785e+02
  1.95768858e+00  2.25049293e+02  1.03386676e+02  2.27575454e+00
  4.50411249e+00  0.00000000e+00  8.49402912e-01  3.00000000e+05
  0.00000000e+00  0.00000000e+00  0.00000000e+00  8.50900629e-03
  2.98141882e+03  1.52109696e-01  9.97621284e-01]"
0.09723964437343202,"[ 0.00000000e+00 -9.71968414e-01  1.97788321e+00  0.00000000e+00
  1.71029597e+00  4.51046681e+01  1.06029650e+02  1.12996785e+02
  1.95768858e+00  2.25049293e+02  1.03386676e+02  2.27575454e+00
  4.50411249e+00  0.00000000e+00  8.49402912e-01  3.00000000e+05
  0.00000000e+00  0.00000000e+00  0.00000000e+00  8.50900629e-03
  2.98141882e+03  1.52109696e-01  9.97621284e-01]"
0.09723964437343202,"[ 0.00000000e+00 -9.71968414e-01  1.97788321e+00  0.00000000e+00
  1.71029597e+00  4.51046681e+01  1.06029650e+02  1.12996785e+02
  1.95768858e+00  2.25049293e+02  1.03386676e+02  2.27575454e+00
  4.50411249e+00  0.00000000e+00  8.49402912e-01  3.00000000e+05
  0.00000000e+00  0.00000000e+00  0.00000000e+00  8.50900629e-03
  2.98141882e+03  1.52109696e-01  9.97621284e-01]"
0.09723964437343202,"[ 0.00000000e+00 -9.71968414e-01  1.97788321e+00  0.00000000e+00
  1.71029597e+00  4.51046681e+01  1.06029650e+02  1.12996785e+02
  1.95768858e+00  2.25049293e+02  1.03386676e+02  2.27575454e+00
  4.50411249e+00  0.00000000e+00  8.49402912e-01  3.00000000e+05
  0.00000000e+00  0.00000000e+00  0.00000000e+00  8.50900629e-03
  2.98141882e+03  1.52109696e-01  9.97621284e-01]"
0.09723964437343202,"[ 0.00000000e+00 -9.71968414e-01  1.97788321e+00  0.00000000e+00
  1.71029597e+00  4.51046681e+01  1.06029650e+02  1.12996785e+02
  1.95768858e+00  2.25049293e+02  1.03386676e+02  2.27575454e+00
  4.50411249e+00  0.00000000e+00  8.49402912e-01  3.00000000e+05
  0.00000000e+00  0.00000000e+00  0.00000000e+00  8.50900629e-03
  2.98141882e+03  1.52109696e-01  9.97621284e-01]"
0.09723964437343202,"[ 0.00000000e+00 -9.71968414e-01  1.97788321e+00  0.00000000e+00
  1.71029597e+00  4.51046681e+01  1.06029650e+02  1.12996785e+02
  1.95768858e+00  2.25049293e+02  1.03386676e+02  2.27575454e+00
  4.50411249e+00  0.00000000e+00  8.49402912e-01  3.00000000e+05
  0.00000000e+00  0.00000000e+00  0.00000000e+00  8.50900629e-03
  2.98141882e+03  1.52109696e-01  9.97621284e-01]"
0.09694110872414086,"[ 0.00000000e+00 -9.39525990e-01  1.87333987e+00  0.00000000e+00
  1.51838704e+00  2.71845214e+01  1.29814168e+02  1.02324508e+02
  1.38851043e+00  3.39805209e+02  7.91667604e+01  1.31961456e+00
  4.28494236e+00  0.00000000e+00  7.36448218e-01  3.00000000e+05
  0.00000000e+00  0.00000000e+00  0.00000000e+00  9.39084936e-03
  4.86993435e+02  1.48211755e-01  9.90315612e-01]"
0.09694110872414086,"[ 0.00000000e+00 -9.39525990e-01  1.87333987e+00  0.00000000e+00
  1.51838704e+00  2.71845214e+01  1.29814168e+02  1.02324508e+02
  1.38851043e+00  3.39805209e+02  7.91667604e+01  1.31961456e+00
  4.28494236e+00  0.00000000e+00  7.36448218e-01  3.00000000e+05
  0.00000000e+00  0.00000000e+00  0.00000000e+00  9.39084936e-03
  4.86993435e+02  1.48211755e-01  9.90315612e-01]"
0.09694110872414086,"[ 0.00000000e+00 -9.39525990e-01  1.87333987e+00  0.00000000e+00
  1.51838704e+00  2.71845214e+01  1.29814168e+02  1.02324508e+02
  1.38851043e+00  3.39805209e+02  7.91667604e+01  1.31961456e+00
  4.28494236e+00  0.00000000e+00  7.36448218e-01  3.00000000e+05
  0.00000000e+00  0.00000000e+00  0.00000000e+00  9.39084936e-03
  4.86993435e+02  1.48211755e-01  9.90315612e-01]"
0.09694110872414086,"[ 0.00000000e+00 -9.39525990e-01  1.87333987e+00  0.00000000e+00
  1.51838704e+00  2.71845214e+01  1.29814168e+02  1.02324508e+02
  1.38851043e+00  3.39805209e+02  7.91667604e+01  1.31961456e+00
  4.28494236e+00  0.00000000e+00  7.36448218e-01  3.00000000e+05
  0.00000000e+00  0.00000000e+00  0.00000000e+00  9.39084936e-03
  4.86993435e+02  1.48211755e-01  9.90315612e-01]"
0.09694110872414086,"[ 0.00000000e+00 -9.39525990e-01  1.87333987e+00  0.00000000e+00
  1.51838704e+00  2.71845214e+01  1.29814168e+02  1.02324508e+02
  1.38851043e+00  3.39805209e+02  7.91667604e+01  1.31961456e+00
  4.28494236e+00  0.00000000e+00  7.36448218e-01  3.00000000e+05
  0.00000000e+00  0.00000000e+00  0.00000000e+00  9.39084936e-03
  4.86993435e+02  1.48211755e-01  9.90315612e-01]"
0.09669566950607389,"[ 0.00000000e+00 -7.85758621e-01  1.57894033e+00  0.00000000e+00
  1.16878919e+00  5.19316903e+01  1.14415471e+02  1.26258073e+02
  1.82214003e+00  1.53799458e+02  5.50105903e+01  5.46730978e-01
  4.17538662e+00  0.00000000e+00  8.88975588e-01  3.00000000e+05
  0.00000000e+00  0.00000000e+00  0.00000000e+00  1.01705619e-02
  2.35191438e+03  1.29255810e-01  9.92009993e-01]"
0.09414484037925741,"[ 0.00000000e+00 -8.57700251e-01  1.57878947e+00  0.00000000e+00
  1.14017537e+00  6.96918994e+01  1.30391692e+02  1.35816969e+02
  2.01676428e+00  1.42225736e+02  5.96690872e+00  2.48674651e+00
  2.14780693e+00  0.00000000e+00  9.17285370e-01  3.00000000e+05
  0.00000000e+00  0.00000000e+00  0.00000000e+00  9.75007741e-03
  7.36263767e+03  1.68252505e-01  9.81944268e-01]"
0.09414484037925741,"[ 0.00000000e+00 -8.57700251e-01  1.57878947e+00  0.00000000e+00
  1.14017537e+00  6.96918994e+01  1.30391692e+02  1.35816969e+02
  2.01676428e+00  1.42225736e+02  5.96690872e+00  2.48674651e+00
  2.14780693e+00  0.00000000e+00  9.17285370e-01  3.00000000e+05
  0.00000000e+00  0.00000000e+00  0.00000000e+00  9.75007741e-03
  7.36263767e+03  1.68252505e-01  9.81944268e-01]"
0.09414484037925741,"[ 0.00000000e+00 -8.57700251e-01  1.57878947e+00  0.00000000e+00
  1.14017537e+00  6.96918994e+01  1.30391692e+02  1.35816969e+02
  2.01676428e+00  1.42225736e+02  5.96690872e+00  2.48674651e+00
  2.14780693e+00  0.00000000e+00  9.17285370e-01  3.00000000e+05
  0.00000000e+00  0.00000000e+00  0.00000000e+00  9.75007741e-03
  7.36263767e+03  1.68252505e-01  9.81944268e-01]"
0.09414484037925741,"[ 0.00000000e+00 -8.57700251e-01  1.57878947e+00  0.00000000e+00
  1.14017537e+00  6.96918994e+01  1.30391692e+02  1.35816969e+02
  2.01676428e+00  1.42225736e+02  5.96690872e+00  2.48674651e+00
  2.14780693e+00  0.00000000e+00  9.17285370e-01  3.00000000e+05
  0.00000000e+00  0.00000000e+00  0.00000000e+00  9.75007741e-03
  7.36263767e+03  1.68252505e-01  9.81944268e-01]"
0.09414484037925741,"[ 0.00000000e+00 -8.57700251e-01  1.57878947e+00  0.00000000e+00
  1.14017537e+00  6.96918994e+01  1.30391692e+02  1.35816969e+02
  2.01676428e+00  1.42225736e+02  5.96690872e+00  2.48674651e+00
  2.14780693e+00  0.00000000e+00  9.17285370e-01  3.00000000e+05
  0.00000000e+00  0.00000000e+00  0.00000000e+00  9.75007741e-03
  7.36263767e+03  1.68252505e-01  9.81944268e-01]"
0.09414484037925741,"[ 0.00000000e+00 -8.57700251e-01  1.57878947e+00  0.00000000e+00
  1.14017537e+00  6.96918994e+01  1.30391692e+02  1.35816969e+02
  2.01676428e+00  1.42225736e+02  5.96690872e+00  2.48674651e+00
  2.14780693e+00  0.00000000e+00  9.17285370e-01  3.00000000e+05
  0.00000000e+00  0.00000000e+00  0.00000000e+00  9.75007741e-03
  7.36263767e+03  1.68252505e-01  9.81944268e-01]"
0.09414484037925741,"[ 0.00000000e+00 -8.57700251e-01  1.57878947e+00  0.00000000e+00
  1.14017537e+00  6.96918994e+01  1.30391692e+02  1.35816969e+02
  2.01676428e+00  1.42225736e+02  5.96690872e+00  2.48674651e+00
  2.14780693e+00  0.00000000e+00  9.17285370e-01  3.00000000e+05
  0.00000000e+00  0.00000000e+00  0.00000000e+00  9.75007741e-03
  7.36263767e+03  1.68252505e-01  9.81944268e-01]"
0.0940262902388288,"[ 0.00000000e+00 -8.61441966e-01  1.66294453e+00  0.00000000e+00
  1.25787548e+00  6.53657551e+01  1.51728748e+02  1.33369793e+02
  2.13298989e+00  1.35165448e+02  1.60766308e+01  2.69891123e+00
  2.44092708e+00  0.00000000e+00  8.98821657e-01  3.00000000e+05
  0.00000000e+00  0.00000000e+00  0.00000000e+00  9.86178386e-03
  9.01060815e+03  1.62370623e-01  9.85279423e-01]"
0.09368115802024968,"[ 0.00000000e+00 -8.65033438e-01  1.55585167e+00  0.00000000e+00
  1.16199830e+00  8.87110902e+01  1.70246584e+02  1.56253114e+02
  2.66736755e+00  9.90357625e+01  1.71553260e+01  3.08252672e+00
  1.55490743e+00  0.00000000e+00  9.12233767e-01  3.00000000e+05
  0.00000000e+00  0.00000000e+00  0.00000000e+00  9.49809630e-03
  4.46479684e+03  1.80016901e-01  9.75234409e-01]"
0.09368115802024968,"[ 0.00000000e+00 -8.65033438e-01  1.55585167e+00  0.00000000e+00
  1.16199830e+00  8.87110902e+01  1.70246584e+02  1.56253114e+02
  2.66736755e+00  9.90357625e+01  1.71553260e+01  3.08252672e+00
  1.55490743e+00  0.00000000e+00  9.12233767e-01  3.00000000e+05
  0.00000000e+00  0.00000000e+00  0.00000000e+00  9.49809630e-03
  4.46479684e+03  1.80016901e-01  9.75234409e-01]"
0.09368115802024968,"[ 0.00000000e+00 -8.65033438e-01  1.55585167e+00  0.00000000e+00
  1.16199830e+00  8.87110902e+01  1.70246584e+02  1.56253114e+02
  2.66736755e+00  9.90357625e+01  1.71553260e+01  3.08252672e+00
  1.55490743e+00  0.00000000e+00  9.12233767e-01  3.00000000e+05
  0.00000000e+00  0.00000000e+00  0.00000000e+00  9.49809630e-03
  4.46479684e+03  1.80016901e-01  9.75234409e-01]"
0.09368115802024968,"[ 0.00000000e+00 -8.65033438e-01  1.55585167e+00  0.00000000e+00
  1.16199830e+00  8.87110902e+01  1.70246584e+02  1.56253114e+02
  2.66736755e+00  9.90357625e+01  1.71553260e+01  3.08252672e+00
  1.55490743e+00  0.00000000e+00  9.12233767e-01  3.00000000e+05
  0.00000000e+00  0.00000000e+00  0.00000000e+00  9.49809630e-03
  4.46479684e+03  1.80016901e-01  9.75234409e-01]"
0.09368115802024968,"[ 0.00000000e+00 -8.65033438e-01  1.55585167e+00  0.00000000e+00
  1.16199830e+00  8.87110902e+01  1.70246584e+02  1.56253114e+02
  2.66736755e+00  9.90357625e+01  1.71553260e+01  3.08252672e+00
  1.55490743e+00  0.00000000e+00  9.12233767e-01  3.00000000e+05
  0.00000000e+00  0.00000000e+00  0.00000000e+00  9.49809630e-03
  4.46479684e+03  1.80016901e-01  9.75234409e-01]"
0.09368115802024968,"[ 0.00000000e+00 -8.65033438e-01  1.55585167e+00  0.00000000e+00
  1.16199830e+00  8.87110902e+01  1.70246584e+02  1.56253114e+02
  2.66736755e+00  9.90357625e+01  1.71553260e+01  3.08252672e+00
  1.55490743e+00  0.00000000e+00  9.12233767e-01  3.00000000e+05
  0.00000000e+00  0.00000000e+00  0.00000000e+00  9.49809630e-03
  4.46479684e+03  1.80016901e-01  9.75234409e-01]"
0.09368115802024968,"[ 0.00000000e+00 -8.65033438e-01  1.55585167e+00  0.00000000e+00
  1.16199830e+00  8.87110902e+01  1.70246584e+02  1.56253114e+02
  2.66736755e+00  9.90357625e+01  1.71553260e+01  3.08252672e+00
  1.55490743e+00  0.00000000e+00  9.12233767e-01  3.00000000e+05
  0.00000000e+00  0.00000000e+00  0.00000000e+00  9.49809630e-03
  4.46479684e+03  1.80016901e-01  9.75234409e-01]"
0.09292149986373244,"[ 0.00000000e+00 -8.56186228e-01  1.51904336e+00  0.00000000e+00
  1.24831853e+00  8.88064598e+01  9.87814262e+01  1.57949353e+02
  2.50073162e+00  2.47909629e+02  5.03309963e+01  2.57113123e+00
  3.17452967e+00  0.00000000e+00  9.89857843e-01  3.00000000e+05
  0.00000000e+00  0.00000000e+00  0.00000000e+00  9.41113592e-03
  6.46360774e+03  1.40773389e-01  9.95499363e-01]"
0.09292149986373244,"[ 0.00000000e+00 -8.56186228e-01  1.51904336e+00  0.00000000e+00
  1.24831853e+00  8.88064598e+01  9.87814262e+01  1.57949353e+02
  2.50073162e+00  2.47909629e+02  5.03309963e+01  2.57113123e+00
  3.17452967e+00  0.00000000e+00  9.89857843e-01  3.00000000e+05
  0.00000000e+00  0.00000000e+00  0.00000000e+00  9.41113592e-03
  6.46360774e+03  1.40773389e-01  9.95499363e-01]"
0.09292149986373244,"[ 0.00000000e+00 -8.56186228e-01  1.51904336e+00  0.00000000e+00
  1.24831853e+00  8.88064598e+01  9.87814262e+01  1.57949353e+02
  2.50073162e+00  2.47909629e+02  5.03309963e+01  2.57113123e+00
  3.17452967e+00  0.00000000e+00  9.89857843e-01  3.00000000e+05
  0.00000000e+00  0.00000000e+00  0.00000000e+00  9.41113592e-03
  6.46360774e+03  1.40773389e-01  9.95499363e-01]"
0.09292149986373244,"[ 0.00000000e+00 -8.56186228e-01  1.51904336e+00  0.00000000e+00
  1.24831853e+00  8.88064598e+01  9.87814262e+01  1.57949353e+02
  2.50073162e+00  2.47909629e+02  5.03309963e+01  2.57113123e+00
  3.17452967e+00  0.00000000e+00  9.89857843e-01  3.00000000e+05
  0.00000000e+00  0.00000000e+00  0.00000000e+00  9.41113592e-03
  6.46360774e+03  1.40773389e-01  9.95499363e-01]"
0.09292149986373244,"[ 0.00000000e+00 -8.56186228e-01  1.51904336e+00  0.00000000e+00
  1.24831853e+00  8.88064598e+01  9.87814262e+01  1.57949353e+02
  2.50073162e+00  2.47909629e+02  5.03309963e+01  2.57113123e+00
  3.17452967e+00  0.00000000e+00  9.89857843e-01  3.00000000e+05
  0.00000000e+00  0.00000000e+00  0.00000000e+00  9.41113592e-03
  6.46360774e+03  1.40773389e-01  9.95499363e-01]"
0.0927918188330531,"[ 0.00000000e+00 -7.82475649e-01  1.53807416e+00  0.00000000e+00
  1.19302589e+00  8.18826953e+01  1.51922096e+02  1.54180982e+02
  2.50044486e+00  1.69281163e+02  1.73767854e+01  1.50174199e+00
  3.20139628e+00  0.00000000e+00  8.55538711e-01  3.00000000e+05
  0.00000000e+00  0.00000000e+00  0.00000000e+00  9.02399811e-03
  7.07721248e+03  2.03335534e-01  9.99119430e-01]"
0.0927918188330531,"[ 0.00000000e+00 -7.82475649e-01  1.53807416e+00  0.00000000e+00
  1.19302589e+00  8.18826953e+01  1.51922096e+02  1.54180982e+02
  2.50044486e+00  1.69281163e+02  1.73767854e+01  1.50174199e+00
  3.20139628e+00  0.00000000e+00  8.55538711e-01  3.00000000e+05
  0.00000000e+00  0.00000000e+00  0.00000000e+00  9.02399811e-03
  7.07721248e+03  2.03335534e-01  9.99119430e-01]"
0.0927918188330531,"[ 0.00000000e+00 -7.82475649e-01  1.53807416e+00  0.00000000e+00
  1.19302589e+00  8.18826953e+01  1.51922096e+02  1.54180982e+02
  2.50044486e+00  1.69281163e+02  1.73767854e+01  1.50174199e+00
  3.20139628e+00  0.00000000e+00  8.55538711e-01  3.00000000e+05
  0.00000000e+00  0.00000000e+00  0.00000000e+00  9.02399811e-03
  7.07721248e+03  2.03335534e-01  9.99119430e-01]"
0.0927918188330531,"[ 0.00000000e+00 -7.82475649e-01  1.53807416e+00  0.00000000e+00
  1.19302589e+00  8.18826953e+01  1.51922096e+02  1.54180982e+02
  2.50044486e+00  1.69281163e+02  1.73767854e+01  1.50174199e+00
  3.20139628e+00  0.00000000e+00  8.55538711e-01  3.00000000e+05
  0.00000000e+00  0.00000000e+00  0.00000000e+00  9.02399811e-03
  7.07721248e+03  2.03335534e-01  9.99119430e-01]"
0.0927918188330531,"[ 0.00000000e+00 -7.82475649e-01  1.53807416e+00  0.00000000e+00
  1.19302589e+00  8.18826953e+01  1.51922096e+02  1.54180982e+02
  2.50044486e+00  1.69281163e+02  1.73767854e+01  1.50174199e+00
  3.20139628e+00  0.00000000e+00  8.55538711e-01  3.00000000e+05
  0.00000000e+00  0.00000000e+00  0.00000000e+00  9.02399811e-03
  7.07721248e+03  2.03335534e-01  9.99119430e-01]"
0.0927918188330531,"[ 0.00000000e+00 -7.82475649e-01  1.53807416e+00  0.00000000e+00
  1.19302589e+00  8.18826953e+01  1.51922096e+02  1.54180982e+02
  2.50044486e+00  1.69281163e+02  1.73767854e+01  1.50174199e+00
  3.20139628e+00  0.00000000e+00  8.55538711e-01  3.00000000e+05
  0.00000000e+00  0.00000000e+00  0.00000000e+00  9.02399811e-03
  7.07721248e+03  2.03335534e-01  9.99119430e-01]"
0.0927918188330531,"[ 0.00000000e+00 -7.82475649e-01  1.53807416e+00  0.00000000e+00
  1.19302589e+00  8.18826953e+01  1.51922096e+02  1.54180982e+02
  2.50044486e+00  1.69281163e+02  1.73767854e+01  1.50174199e+00
  3.20139628e+00  0.00000000e+00  8.55538711e-01  3.00000000e+05
  0.00000000e+00  0.00000000e+00  0.00000000e+00  9.02399811e-03
  7.07721248e+03  2.03335534e-01  9.99119430e-01]"
0.0927918188330531,"[ 0.00000000e+00 -7.82475649e-01  1.53807416e+00  0.00000000e+00
  1.19302589e+00  8.18826953e+01  1.51922096e+02  1.54180982e+02
  2.50044486e+00  1.69281163e+02  1.73767854e+01  1.50174199e+00
  3.20139628e+00  0.00000000e+00  8.55538711e-01  3.00000000e+05
  0.00000000e+00  0.00000000e+00  0.00000000e+00  9.02399811e-03
  7.07721248e+03  2.03335534e-01  9.99119430e-01]"
0.0927918188330531,"[ 0.00000000e+00 -7.82475649e-01  1.53807416e+00  0.00000000e+00
  1.19302589e+00  8.18826953e+01  1.51922096e+02  1.54180982e+02
  2.50044486e+00  1.69281163e+02  1.73767854e+01  1.50174199e+00
  3.20139628e+00  0.00000000e+00  8.55538711e-01  3.00000000e+05
  0.00000000e+00  0.00000000e+00  0.00000000e+00  9.02399811e-03
  7.07721248e+03  2.03335534e-01  9.99119430e-01]"
0.09246675190443432,"[ 0.00000000e+00 -9.82616308e-01  1.64359456e+00  0.00000000e+00
  1.27631460e+00  8.45812141e+01  1.95761704e+02  1.57650349e+02
  2.58643446e+00  6.06945490e+01  1.49063684e+01  1.67400187e+00
  2.54878094e+00  0.00000000e+00  6.91120680e-01  3.00000000e+05
  0.00000000e+00  0.00000000e+00  0.00000000e+00  9.42315934e-03
  3.27845185e+03  1.53484783e-01  9.99051987e-01]"
0.09246675190443432,"[ 0.00000000e+00 -9.82616308e-01  1.64359456e+00  0.00000000e+00
  1.27631460e+00  8.45812141e+01  1.95761704e+02  1.57650349e+02
  2.58643446e+00  6.06945490e+01  1.49063684e+01  1.67400187e+00
  2.54878094e+00  0.00000000e+00  6.91120680e-01  3.00000000e+05
  0.00000000e+00  0.00000000e+00  0.00000000e+00  9.42315934e-03
  3.27845185e+03  1.53484783e-01  9.99051987e-01]"
0.09246675190443432,"[ 0.00000000e+00 -9.82616308e-01  1.64359456e+00  0.00000000e+00
  1.27631460e+00  8.45812141e+01  1.95761704e+02  1.57650349e+02
  2.58643446e+00  6.06945490e+01  1.49063684e+01  1.67400187e+00
  2.54878094e+00  0.00000000e+00  6.91120680e-01  3.00000000e+05
  0.00000000e+00  0.00000000e+00  0.00000000e+00  9.42315934e-03
  3.27845185e+03  1.53484783e-01  9.99051987e-01]"
0.09246675190443432,"[ 0.00000000e+00 -9.82616308e-01  1.64359456e+00  0.00000000e+00
  1.27631460e+00  8.45812141e+01  1.95761704e+02  1.57650349e+02
  2.58643446e+00  6.06945490e+01  1.49063684e+01  1.67400187e+00
  2.54878094e+00  0.00000000e+00  6.91120680e-01  3.00000000e+05
  0.00000000e+00  0.00000000e+00  0.00000000e+00  9.42315934e-03
  3.27845185e+03  1.53484783e-01  9.99051987e-01]"
0.09246675190443432,"[ 0.00000000e+00 -9.82616308e-01  1.64359456e+00  0.00000000e+00
  1.27631460e+00  8.45812141e+01  1.95761704e+02  1.57650349e+02
  2.58643446e+00  6.06945490e+01  1.49063684e+01  1.67400187e+00
  2.54878094e+00  0.00000000e+00  6.91120680e-01  3.00000000e+05
  0.00000000e+00  0.00000000e+00  0.00000000e+00  9.42315934e-03
  3.27845185e+03  1.53484783e-01  9.99051987e-01]"
0.09246675190443432,"[ 0.00000000e+00 -9.82616308e-01  1.64359456e+00  0.00000000e+00
  1.27631460e+00  8.45812141e+01  1.95761704e+02  1.57650349e+02
  2.58643446e+00  6.06945490e+01  1.49063684e+01  1.67400187e+00
  2.54878094e+00  0.00000000e+00  6.91120680e-01  3.00000000e+05
  0.00000000e+00  0.00000000e+00  0.00000000e+00  9.42315934e-03
  3.27845185e+03  1.53484783e-01  9.99051987e-01]"
0.09246675190443432,"[ 0.00000000e+00 -9.82616308e-01  1.64359456e+00  0.00000000e+00
  1.27631460e+00  8.45812141e+01  1.95761704e+02  1.57650349e+02
  2.58643446e+00  6.06945490e+01  1.49063684e+01  1.67400187e+00
  2.54878094e+00  0.00000000e+00  6.91120680e-01  3.00000000e+05
  0.00000000e+00  0.00000000e+00  0.00000000e+00  9.42315934e-03
  3.27845185e+03  1.53484783e-01  9.99051987e-01]"
0.09246675190443432,"[ 0.00000000e+00 -9.82616308e-01  1.64359456e+00  0.00000000e+00
  1.27631460e+00  8.45812141e+01  1.95761704e+02  1.57650349e+02
  2.58643446e+00  6.06945490e+01  1.49063684e+01  1.67400187e+00
  2.54878094e+00  0.00000000e+00  6.91120680e-01  3.00000000e+05
  0.00000000e+00  0.00000000e+00  0.00000000e+00  9.42315934e-03
  3.27845185e+03  1.53484783e-01  9.99051987e-01]"
0.09246675190443432,"[ 0.00000000e+00 -9.82616308e-01  1.64359456e+00  0.00000000e+00
  1.27631460e+00  8.45812141e+01  1.95761704e+02  1.57650349e+02
  2.58643446e+00  6.06945490e+01  1.49063684e+01  1.67400187e+00
  2.54878094e+00  0.00000000e+00  6.91120680e-01  3.00000000e+05
  0.00000000e+00  0.00000000e+00  0.00000000e+00  9.42315934e-03
  3.27845185e+03  1.53484783e-01  9.99051987e-01]"
0.09224348753834677,"[ 0.00000000e+00 -8.30876030e-01  1.50493498e+00  0.00000000e+00
  1.20912730e+00  9.57295378e+01  1.50239061e+02  1.62929300e+02
  2.87507856e+00  6.07823652e+01  5.82072129e+01  1.32675418e+00
  1.99097800e+00  0.00000000e+00  8.87119313e-01  3.00000000e+05
  0.00000000e+00  0.00000000e+00  0.00000000e+00  9.18756402e-03
  7.62857176e+03  1.61934323e-01  9.99092484e-01]"
0.09224348753834677,"[ 0.00000000e+00 -8.30876030e-01  1.50493498e+00  0.00000000e+00
  1.20912730e+00  9.57295378e+01  1.50239061e+02  1.62929300e+02
  2.87507856e+00  6.07823652e+01  5.82072129e+01  1.32675418e+00
  1.99097800e+00  0.00000000e+00  8.87119313e-01  3.00000000e+05
  0.00000000e+00  0.00000000e+00  0.00000000e+00  9.18756402e-03
  7.62857176e+03  1.61934323e-01  9.99092484e-01]"
0.09224348753834677,"[ 0.00000000e+00 -8.30876030e-01  1.50493498e+00  0.00000000e+00
  1.20912730e+00  9.57295378e+01  1.50239061e+02  1.62929300e+02
  2.87507856e+00  6.07823652e+01  5.82072129e+01  1.32675418e+00
  1.99097800e+00  0.00000000e+00  8.87119313e-01  3.00000000e+05
  0.00000000e+00  0.00000000e+00  0.00000000e+00  9.18756402e-03
  7.62857176e+03  1.61934323e-01  9.99092484e-01]"
0.09224348753834677,"[ 0.00000000e+00 -8.30876030e-01  1.50493498e+00  0.00000000e+00
  1.20912730e+00  9.57295378e+01  1.50239061e+02  1.62929300e+02
  2.87507856e+00  6.07823652e+01  5.82072129e+01  1.32675418e+00
  1.99097800e+00  0.00000000e+00  8.87119313e-01  3.00000000e+05
  0.00000000e+00  0.00000000e+00  0.00000000e+00  9.18756402e-03
  7.62857176e+03  1.61934323e-01  9.99092484e-01]"
0.09224348753834677,"[ 0.00000000e+00 -8.30876030e-01  1.50493498e+00  0.00000000e+00
  1.20912730e+00  9.57295378e+01  1.50239061e+02  1.62929300e+02
  2.87507856e+00  6.07823652e+01  5.82072129e+01  1.32675418e+00
  1.99097800e+00  0.00000000e+00  8.87119313e-01  3.00000000e+05
  0.00000000e+00  0.00000000e+00  0.00000000e+00  9.18756402e-03
  7.62857176e+03  1.61934323e-01  9.99092484e-01]"
0.0921847442048297,"[ 0.00000000e+00 -8.10902318e-01  1.51553526e+00  0.00000000e+00
  1.19889410e+00  9.76142264e+01  1.61936922e+02  1.64189963e+02
  2.91443882e+00  4.91032129e+01  8.82807995e+01  1.23613197e+00
  2.88173271e+00  0.00000000e+00  8.70631165e-01  3.00000000e+05
  0.00000000e+00  0.00000000e+00  0.00000000e+00  9.16726414e-03
  6.17720950e+03  1.71331929e-01  9.98913237e-01]"
0.09185347737168359,"[ 0.00000000e+00 -8.58934591e-01  1.51121867e+00  0.00000000e+00
  1.11842428e+00  8.80671344e+01  1.44743977e+02  1.57942774e+02
  2.62994008e+00  2.31686116e+02  7.04067379e+01  2.01233970e+00
  3.03517967e+00  0.00000000e+00  9.57077008e-01  3.00000000e+05
  0.00000000e+00  0.00000000e+00  0.00000000e+00  9.48369501e-03
  7.47399792e+03  1.71416808e-01  9.98708534e-01]"
0.09162651415610668,"[ 0.00000000e+00 -8.93931103e-01  1.54638175e+00  0.00000000e+00
  1.19480620e+00  8.64092125e+01  1.15441505e+02  1.55928258e+02
  2.62348396e+00  2.13934095e+02  5.72405749e+01  2.19737643e+00
  2.40095026e+00  0.00000000e+00  9.57728963e-01  3.00000000e+05
  0.00000000e+00  0.00000000e+00  0.00000000e+00  9.43036461e-03
  8.45506007e+03  1.66163194e-01  9.99932096e-01]"
0.09162651415610668,"[ 0.00000000e+00 -8.93931103e-01  1.54638175e+00  0.00000000e+00
  1.19480620e+00  8.64092125e+01  1.15441505e+02  1.55928258e+02
  2.62348396e+00  2.13934095e+02  5.72405749e+01  2.19737643e+00
  2.40095026e+00  0.00000000e+00  9.57728963e-01  3.00000000e+05
  0.00000000e+00  0.00000000e+00  0.00000000e+00  9.43036461e-03
  8.45506007e+03  1.66163194e-01  9.99932096e-01]"
0.09162651415610668,"[ 0.00000000e+00 -8.93931103e-01  1.54638175e+00  0.00000000e+00
  1.19480620e+00  8.64092125e+01  1.15441505e+02  1.55928258e+02
  2.62348396e+00  2.13934095e+02  5.72405749e+01  2.19737643e+00
  2.40095026e+00  0.00000000e+00  9.57728963e-01  3.00000000e+05
  0.00000000e+00  0.00000000e+00  0.00000000e+00  9.43036461e-03
  8.45506007e+03  1.66163194e-01  9.99932096e-01]"
0.09162651415610668,"[ 0.00000000e+00 -8.93931103e-01  1.54638175e+00  0.00000000e+00
  1.19480620e+00  8.64092125e+01  1.15441505e+02  1.55928258e+02
  2.62348396e+00  2.13934095e+02  5.72405749e+01  2.19737643e+00
  2.40095026e+00  0.00000000e+00  9.57728963e-01  3.00000000e+05
  0.00000000e+00  0.00000000e+00  0.00000000e+00  9.43036461e-03
  8.45506007e+03  1.66163194e-01  9.99932096e-01]"
0.09162651415610668,"[ 0.00000000e+00 -8.93931103e-01  1.54638175e+00  0.00000000e+00
  1.19480620e+00  8.64092125e+01  1.15441505e+02  1.55928258e+02
  2.62348396e+00  2.13934095e+02  5.72405749e+01  2.19737643e+00
  2.40095026e+00  0.00000000e+00  9.57728963e-01  3.00000000e+05
  0.00000000e+00  0.00000000e+00  0.00000000e+00  9.43036461e-03
  8.45506007e+03  1.66163194e-01  9.99932096e-01]"
0.09162651415610668,"[ 0.00000000e+00 -8.93931103e-01  1.54638175e+00  0.00000000e+00
  1.19480620e+00  8.64092125e+01  1.15441505e+02  1.55928258e+02
  2.62348396e+00  2.13934095e+02  5.72405749e+01  2.19737643e+00
  2.40095026e+00  0.00000000e+00  9.57728963e-01  3.00000000e+05
  0.00000000e+00  0.00000000e+00  0.00000000e+00  9.43036461e-03
  8.45506007e+03  1.66163194e-01  9.99932096e-01]"
0.09162640262574906,"[ 0.00000000e+00 -8.93931103e-01  1.54638175e+00  0.00000000e+00
  1.17585175e+00  8.64092125e+01  8.88788065e+01  1.55928258e+02
  2.62348396e+00  2.13934095e+02  7.09690850e+01  2.19737643e+00
  2.83789565e+00  0.00000000e+00  9.77194537e-01  3.00000000e+05
  0.00000000e+00  0.00000000e+00  0.00000000e+00  9.43036461e-03
  5.39855072e+03  1.66163194e-01  9.99932096e-01]"
0.09162640262574906,"[ 0.00000000e+00 -8.93931103e-01  1.54638175e+00  0.00000000e+00
  1.17585175e+00  8.64092125e+01  8.88788065e+01  1.55928258e+02
  2.62348396e+00  2.13934095e+02  7.09690850e+01  2.19737643e+00
  2.83789565e+00  0.00000000e+00  9.77194537e-01  3.00000000e+05
  0.00000000e+00  0.00000000e+00  0.00000000e+00  9.43036461e-03
  5.39855072e+03  1.66163194e-01  9.99932096e-01]"
