0;1;2;3;4;5;6;7;8;9;10;11;12;13;14;15;16;17;18;19;20;21;22
0.08665703583196505;0.09536925143584829;0.09525641422792919;0.09156433658050778;0.08698895412977936;0.09235377350609053;0.09065512772378881;0.10211865876887527;0.08831570679752332;0.08665703583196505;0.08665703583196505;0.08665703583196505;0.08671203853037224;0.08666805994015159;0.086908859106553;0.08665703583196505;0.08665703583196505;0.08662526759662015;0.08665148362277708;0.0878295359020207;0.08665873217994469;0.10262109014626164;0.1671530045050904
0.08665703583196505;0.09536925143584829;0.09477433188039397;0.0913203475417067;0.08697611292070218;0.09211880810645479;0.0903206942558652;0.10123804608358333;0.0882138258376296;0.08665703583196505;0.08665703583196505;0.08665703583196505;0.08671006898768985;0.08666773365096336;0.08690224624480192;0.08665703583196505;0.08665703583196505;0.08662616407104717;0.08665161873875182;0.08776405653896002;0.08665879182015546;0.10174469595809355;0.1636011708048133
0.08665703583196505;0.09512188740682803;0.09430650091435022;0.09108397452185302;0.08696351737249675;0.09188860225883555;0.09000187006534455;0.10038560829094045;0.08811568086058652;0.08665703583196505;0.08665703583196505;0.08665703583196505;0.086708148729717;0.0866674157154631;0.0868956902445851;0.08665703583196505;0.08665703583196505;0.08662690378152904;0.08665175647113454;0.08770098751283362;0.08665872062798752;0.10089659623658709;0.160128282373472
0.08665703583196505;0.0949892969052466;0.09385182470197417;0.09085418774560283;0.08695091694160606;0.09166301516263542;0.08969863528747357;0.09956056557993032;0.08802105908626356;0.08665703583196505;0.08665703583196505;0.08665703583196505;0.08670624257744697;0.08666710304105929;0.08688898538237622;0.08665703583196505;0.08665703583196505;0.08662770900971772;0.08665189325812994;0.08764044598021004;0.08665867194510934;0.10007654010249967;0.15673433777420198
0.08665703583196505;0.0949892969052466;0.09341136500182967;0.09063132879868374;0.08693877416835716;0.09144206076076744;0.08941104575210757;0.09876300738784882;0.08792995803207893;0.08665703583196505;0.08665703583196505;0.08665703583196505;0.08670437225579841;0.08666678669959604;0.08688250756641314;0.08665703583196505;0.08665703583196505;0.0866285245354741;0.08665202994143928;0.08758226248818413;0.08665854552904728;0.09928420333364807;0.15341933867437296
0.08665703583196505;0.08883273255380453;0.09298519799695448;0.09041535857738514;0.08692676926931298;0.09122576658110737;0.08913919024206884;0.09799268730752397;0.08784248067500189;0.08665703583196505;0.08665703583196505;0.08665703583196505;0.08670252933457889;0.0866664779301094;0.08687588570639315;0.08665703583196505;0.08665703583196505;0.08662929349778992;0.0866521675239954;0.08752639126628947;0.08665854594973599;0.09851901003990604;0.15018332983082083
0.08665703583196505;0.08883273255380453;0.09257763896103999;0.09020681399574726;0.08691501706268889;0.09101393355485865;0.08888301859762182;0.09724904412754765;0.08775822238237496;0.08665703583196505;0.08665703583196505;0.08665703583196505;0.08670072351523328;0.08666616979716835;0.08686944238997585;0.08665703583196505;0.08665703583196505;0.08663007732936745;0.08665230569804117;0.08747271353505848;0.08665844667429168;0.09778091609284256;0.14702621726318488
0.08665703583196505;0.08882691564594869;0.09218389887660405;0.09000440084042394;0.0869034924463451;0.09080694151911906;0.08864263947804985;0.09653220007398045;0.08767735623955997;0.08665703583196505;0.08665703583196505;0.08665703583196505;0.0866989411178507;0.08666585793267323;0.086862880132901;0.08665703583196505;0.08665703583196505;0.08663083415978323;0.08665244061793631;0.08742140047081148;0.08665841530720164;0.09706950528705627;0.14394805533981325
0.08665703583196505;0.08882691564594869;0.09180113230676001;0.0898083207533018;0.08689215047362708;0.09060465082475089;0.08841816984088413;0.09584172228530774;0.087599930494072;0.08665703583196505;0.08665703583196505;0.08665703583196505;0.08669719141511278;0.08666555108536156;0.08685627498373116;0.08665703583196505;0.08665703583196505;0.0866317686196143;0.08665257848115482;0.08737204314681235;0.0866583422197027;0.09638433839194993;0.14094883707234962
0.08665703583196505;0.08882691564594869;0.09143146983173578;0.089619284511266;0.08688116727009898;0.09040702518412058;0.0882098013515108;0.09517762574006383;0.08752580071849048;0.08665703583196505;0.08665703583196505;0.08665703583196505;0.0866954692298002;0.08666525056241559;0.0868498263621511;0.08665703583196505;0.08665703583196505;0.08663240864879251;0.08665271618671466;0.08732495782523553;0.08665838921749791;0.09572537146080207;0.13802856638578564
0.08665703583196505;0.08882691564594869;0.09107643844865998;0.08943732670155691;0.08687023911902592;0.09021380813412971;0.08801822194509634;0.09453947772761229;0.08745481008239364;0.08665703583196505;0.08665703583196505;0.08665703583196505;0.08669377876946704;0.08666495105338978;0.08684335009675348;0.08665703583196505;0.08665703583196505;0.08663323187428562;0.08665285497323416;0.0872797960858056;0.08665828856100355;0.09509198139375408;0.13518723983869485
0.08665703583196505;0.08882691564594869;0.09074240401191536;0.08926117032032632;0.08685967470544043;0.09002556164338671;0.08784347863498554;0.09392721949376415;0.08738718758144959;0.08665703583196505;0.08665703583196505;0.08665703583196505;0.08669211440477342;0.08666465366471421;0.08683693311984875;0.08665703583196505;0.08665703583196505;0.08663402424634026;0.08665299203553012;0.08723672796414395;0.0866582458091345;0.09448398479851272;0.13242489001749236
0.08665703583196505;0.08882691564594869;0.09042849428795185;0.08909115449740457;0.08684938443273849;0.08984201892534838;0.08768119416783149;0.09334039408270922;0.08732275906573694;0.08665703583196505;0.08665703583196505;0.08665703583196505;0.0866904857996057;0.08666435875413647;0.08683043243912736;0.08665703583196505;0.08665703583196505;0.08663477569632794;0.08665313029004484;0.08719544130106782;0.08665812032730857;0.09390120287940573;0.12974145523839176
0.08665703583196505;0.08882691564594869;0.09012542399146606;0.08892704430042642;0.0868392585136879;0.08966327521886441;0.08754168952368302;0.09277914847634972;0.08726135807895063;0.08665703583196505;0.08665703583196505;0.08665703583196505;0.08668888975740696;0.08666406629040146;0.08682405205192667;0.08665703583196505;0.08665703583196505;0.08663561381655838;0.08665326740316992;0.08715612343742607;0.08665817507573026;0.09334310451027317;0.12713696069628244
0.08665703583196505;0.08881369204686129;0.08983848091356583;0.08877076967891573;0.08682935186476426;0.08948909158082552;0.08748131837204398;0.09224313795976258;0.08720316572672282;0.08665703583196505;0.08665703583196505;0.08665703583196505;0.08668731534926588;0.08666377667511815;0.08681772684950928;0.08665703583196505;0.08665703583196505;0.08663641512070219;0.08665340551662826;0.08711863210307813;0.08665807636796241;0.09280957918740262;0.12461141321937008
0.08665703583196505;0.08880944630007803;0.08956391321959334;0.08862010378445873;0.08681964674022347;0.08931974994822833;0.08748104781568755;0.09173223348846082;0.08714786030574873;0.08665703583196505;0.08665703583196505;0.08665703583196505;0.08668578482966827;0.08666348364511023;0.08681124809718521;0.08665703583196505;0.08665703583196505;0.08663714877207596;0.08665354387096647;0.08708286300565249;0.0866580375229411;0.09230021812455602;0.1221648127167062
0.08665703583196505;0.08881134432302429;0.08930162077592918;0.0884751018783263;0.08681010820790103;0.08915517118987915;0.08751146395659903;0.09124607119131023;0.08709569611404289;0.08665703583196505;0.08665703583196505;0.08665703583196505;0.0866842639191947;0.08666320337624334;0.08680486841695878;0.08665703583196505;0.08665703583196505;0.08663803494672206;0.08665368222618508;0.0870488866115231;0.08665798472431874;0.09181477682296135;0.11979715974165284
0.08665703583196505;0.08881134432302429;0.08905161742466938;0.08833582389473049;0.08680091651707278;0.08899524883457399;0.08745855069224617;0.09078473785088115;0.0870466297645166;0.08665703583196505;0.08665703583196505;0.08665703583196505;0.08668278747643388;0.08666292026304767;0.08679860177165033;0.08665703583196505;0.08665703583196505;0.08663881525439066;0.08665382162230306;0.08701669468799778;0.08665797539283737;0.09135308550912269;0.11750847377985074
0.08665703583196505;0.08881134432302429;0.08881349872347843;0.08820219632329407;0.08679203354148679;0.08884020908318946;0.087221102088757;0.09034786775215353;0.08700034153973768;0.08665703583196505;0.08665703583196505;0.08665703583196505;0.08668134143724049;0.08666263281794029;0.08679226172119747;0.08665703583196505;0.08665703583196505;0.08663953328945628;0.08665395937844667;0.08698608926548534;0.08665787350770326;0.09091475111019087;0.11529870752193849
0.08665703583196505;0.08881134432302429;0.08858775391880092;0.08807599725380222;0.086783238049292;0.08868989653996528;0.08663790581615749;0.08993544786608698;0.08695710390048994;0.08665703583196505;0.08665703583196505;0.08665703583196505;0.0866799140995399;0.0866623584097812;0.08678587221232337;0.08665703583196505;0.08665703583196505;0.08664034722595082;0.08665409813716529;0.08695707971060829;0.08665786897443428;0.09049941264676731;0.11316788696565028
0.08665703583196505;0.08881134432302429;0.08837342245367319;0.08795489072339446;0.08677482240251766;0.08854436629538376;0.08655134014184152;0.08954709148498208;0.08691661540012763;0.08665703583196505;0.08665703583196505;0.08665703583196505;0.08667852265456655;0.0866620761112663;0.08677955331713172;0.08665703583196505;0.08665703583196505;0.08664113978099497;0.08665423564601671;0.08692969790819394;0.08665781592418287;0.0901069467921436;0.11111601347251387
0.08665703583196505;0.08881134432302429;0.08817148715824086;0.08783925945603344;0.0867665641103671;0.08840370712913415;0.08650623070346353;0.08918295769264661;0.08687901207510951;0.08665703583196505;0.08665703583196505;0.08665703583196505;0.0866771615177262;0.08666180696786374;0.0867733139405793;0.08665703583196505;0.08665703583196505;0.08664194977300577;0.08665437577659585;0.08690370295836425;0.08665783174839614;0.0897369903147971;0.10914308132444794
0.08665703583196505;0.08881134432302429;0.08798273484764485;0.08772875647252532;0.08675849931891366;0.08826783414060024;0.08654510469264964;0.08884264121079322;0.08684413512741607;0.08665703583196505;0.08665703583196505;0.08665703583196505;0.08667582993564582;0.08666153513408492;0.08676700963571371;0.08665703583196505;0.08665703583196505;0.0866428079136321;0.08665451421634907;0.08687932695556644;0.08665777136774977;0.08938925779439488;0.10724909754508372
0.08665703583196505;0.08912643897259531;0.08780760097211271;0.08762365401336336;0.08675072013199747;0.08813674108689129;0.08659650629223226;0.08852613899449402;0.08681195656995222;0.08665703583196505;0.08665703583196505;0.08665703583196505;0.08667453276424164;0.08666126066489954;0.08676087678572031;0.08665703583196505;0.08665703583196505;0.08664351629311096;0.08665465268613914;0.08685647633635896;0.08665767819625492;0.08906369362936017;0.10543407983445496
0.08665703583196505;0.08732283625462989;0.08764424661218517;0.08752502227998094;0.08674353257342182;0.08801070353694462;0.08664762952416583;0.08823327032980399;0.08678291900230761;0.08665703583196505;0.08665703583196505;0.08665703583196505;0.08667326639400752;0.08666099562160312;0.0867545590173594;0.08665703583196505;0.08665703583196505;0.08664432774836994;0.08665479177703173;0.08683490551479445;0.08665770056586963;0.08875980260282512;0.10369798252995333
0.08665703583196505;0.08732283625462989;0.08749438204801752;0.08743245201544436;0.08673638706186726;0.08788917271051355;0.08666336816835007;0.08796399830307766;0.08675610945988677;0.08665703583196505;0.08665703583196505;0.08665703583196505;0.08667202022519205;0.08666073525999429;0.08674832733209636;0.08665703583196505;0.08665703583196505;0.08664510707721795;0.08665493257296963;0.08681476639906693;0.0866575699539458;0.0884773951284058;0.1020408325177633
0.08665703583196505;0.08732283625462989;0.08735680212407748;0.08734483615607391;0.08672962342138035;0.0877727393705654;0.08666071186346014;0.08771786875154086;0.0867322227749967;0.08665703583196505;0.08665703583196505;0.08665703583196505;0.08667081430744228;0.08666047057328252;0.08674215854831557;0.08665703583196505;0.08665703583196505;0.08664590039269537;0.08665507267906203;0.08679597655215243;0.08665758043372129;0.08821623906366538;0.10046262990267563
0.08665703583196505;0.0873162474876722;0.08723124572963337;0.08726213253740145;0.08672309686031443;0.08766105509837696;0.08665867049861575;0.08749508599928357;0.08671084625985115;0.08665703583196505;0.08665703583196505;0.08665703583196505;0.08666963485875101;0.0866602105855604;0.08673605392731087;0.08665703583196505;0.08665703583196505;0.08664667755060163;0.08665521272968013;0.08677855187041861;0.08665751700838575;0.08797608923586975;0.09896336797292049
0.08665703583196505;0.08730286525371533;0.08711758087132726;0.08718474984583302;0.08671669124684289;0.08755427337724542;0.08665708941906058;0.08729538079777965;0.08669208859510069;0.08665703583196505;0.08665703583196505;0.08665703583196505;0.08666848227069224;0.08665995061859766;0.08672978085039618;0.08665703583196505;0.08665703583196505;0.08664748703188119;0.08665535195400953;0.08676232912725212;0.08665750886178447;0.08775668409322934;0.09754305912212857
0.08665703583196505;0.08727805972172376;0.0870171814093913;0.08711216782829057;0.08671043703982395;0.08745238793737631;0.08665703583196505;0.08711866320485684;0.0866758625583347;0.08665703583196505;0.08665703583196505;0.08665703583196505;0.08666736762465765;0.08665969313826394;0.08672358969598648;0.08665703583196505;0.08665703583196505;0.0866482807452249;0.08665549061058886;0.08674740774494638;0.0866574649240417;0.0875577566849417;0.09620170277204332
0.08665703583196505;0.08727805972172376;0.0869270200235579;0.08704533391420255;0.08670450923366779;0.0873553597548462;0.08665703583196505;0.08696473070718813;0.0866621735748162;0.08665703583196505;0.08665703583196505;0.08665703583196505;0.08666627741801314;0.08665944562700734;0.08671749999249267;0.08665703583196505;0.08665703583196505;0.08664913676914243;0.086655630502253;0.08673369022537669;0.0866574264073332;0.08737912493991973;0.09493927907244881
0.08665703583196505;0.08727805972172376;0.08684937772815193;0.08698458523800512;0.08669881330615303;0.08726331656849107;0.08665703583196505;0.0868335623722668;0.08665107077356071;0.08665703583196505;0.08665703583196505;0.08665703583196505;0.08666521808305139;0.08665919160788649;0.08671134268489011;0.08665703583196505;0.08665703583196505;0.0866499281326707;0.08665577123610912;0.08672114150404175;0.08665737880428548;0.08722064772858329;0.09375579958521407
0.08665703583196505;0.08727805972172376;0.08678299225406794;0.08692871413433978;0.08669326791482845;0.08717618610774402;0.08665703583196505;0.08672501987302306;0.08664244429922263;0.08665703583196505;0.08665703583196505;0.08665703583196505;0.08666418648644103;0.08665894294556598;0.08670528449484449;0.08665703583196505;0.08665703583196505;0.08665069991306629;0.08665591340874157;0.08670973909091328;0.08665735080817982;0.08708169196293669;0.09265126736510731
0.08665703583196505;0.08759774117330887;0.08672773244399257;0.08687758780198784;0.08668793856263468;0.08709385476168696;0.08665703583196505;0.08663892511430804;0.08663607610755608;0.08665703583196505;0.08665703583196505;0.08665703583196505;0.08666319220505592;0.0866586927921853;0.08669922859437362;0.08665703583196505;0.08665703583196505;0.08665144860239904;0.08665605169983803;0.08669948370934277;0.08665741290649409;0.0869624900298156;0.09162567866843307
0.08665703583196505;0.08759774117330887;0.08668367106973218;0.0868312436336518;0.08668284554513073;0.08701665339277398;0.08665703583196505;0.08657521672972435;0.08663213547444326;0.08665703583196505;0.08665703583196505;0.08665703583196505;0.0866622237793514;0.08665845015261664;0.0866931381005478;0.08665703583196505;0.08665703583196505;0.08665228245826873;0.08665619047388151;0.08669032735948434;0.08665729471477523;0.08686265092491985;0.09067903298619329
0.08665703583196505;0.08759774117330887;0.08665065851801812;0.08678956408992111;0.0866780197212732;0.08694412333249057;0.08665703583196505;0.08653380430328317;0.08663050293168362;0.08665703583196505;0.08665703583196505;0.08665703583196505;0.0866612777543102;0.0866582055480718;0.08668707009759047;0.08665703583196505;0.08665703583196505;0.08665308821643392;0.08665633206034473;0.08668225163138221;0.0866572757774502;0.08678193621672403;0.0898113486992288
0.08665703583196505;0.08761450143339233;0.08662934983708748;0.08675280001538277;0.08667339189025969;0.0868768441477954;0.08665703583196505;0.08651446074682756;0.08663136224375045;0.08665703583196505;0.08665703583196505;0.08665703583196505;0.0866603736371282;0.08665796837494621;0.08668110085053149;0.08665703583196505;0.08665703583196505;0.0866538873206193;0.08665647363811768;0.08667523780932562;0.08665722224539163;0.08671994244686476;0.0890225963158604
0.08665703583196505;0.08679464217720012;0.08661930652526106;0.08672171616703783;0.08666903321752017;0.08681450999496765;0.08665703583196505;0.08651741966056092;0.08663440137863965;0.08665703583196505;0.08665703583196505;0.08665703583196505;0.086659493283336;0.08665773192810056;0.08667506163293703;0.08665703583196505;0.08665703583196505;0.08665461379477246;0.0866566126863928;0.08666926162734578;0.08665710569695895;0.08667682117772968;0.08831278589608549
0.08665703583196505;0.08679464217720012;0.08662127972428424;0.08669576126774281;0.08666488628624702;0.08675707284653256;0.08665703583196505;0.08654214804916505;0.08663968339074246;0.08665703583196505;0.08665703583196505;0.08665703583196505;0.0866586465766106;0.08665750346300571;0.08666908623694713;0.08665703583196505;0.08665703583196505;0.0866554823159209;0.0866567552201768;0.08666418998261383;0.08665723885719967;0.0866520841085433;0.08768192344900971
0.08665703583196505;0.08677818703998552;0.0866340202382252;0.08667412383639883;0.08666095023595799;0.08670464995775184;0.08665703583196505;0.0865887576443991;0.08664734546867836;0.08665703583196505;0.08665703583196505;0.08665703583196505;0.08665782347384854;0.08665726359483605;0.08666304418336646;0.08665703583196505;0.08665703583196505;0.0866563635463401;0.08665689564738199;0.08666021659911305;0.08665704216674885;0.08664559625701274;0.087130006955209
0.08665703583196505;0.08665703583196505;0.08665703583196505;0.08665703583196505;0.08665703583196505;0.08665703583196505;0.08665703583196505;0.08665703583196505;0.08665703583196505;0.08665703583196505;0.08665703583196505;0.08665703583196505;0.08665703583196505;0.08665703583196505;0.08665703583196505;0.08665703583196505;0.08665703583196505;0.08665703583196505;0.08665703583196505;0.08665703583196505;0.08665703583196505;0.08665703583196505;0.08665703583196505
0.08665703583196505;0.08665703583196505;0.08669026228785326;0.08664468360611588;0.08665368961421704;0.08661465790502643;0.08665703583196505;0.08674709568271632;0.08666908738703394;0.08665703583196505;0.08665703583196505;0.08665703583196505;0.08665627818704191;0.08665680513089646;0.08665110791593944;0.08665703583196505;0.08665703583196505;0.08665793080569384;0.08665717643106552;0.08665483728351775;0.08665698515737763;0.08668640259748983;0.0866495583600072
0.08665703583196505;0.08665573875041499;0.08673512290105068;0.08663664833985407;0.08665032105739945;0.08657734193811639;0.08665703583196505;0.08685872239654657;0.0866832466669859;0.08665703583196505;0.08665703583196505;0.08665703583196505;0.08665554906562656;0.08665658636615814;0.08664516164098468;0.08665703583196505;0.08665703583196505;0.0866587446082715;0.08665731759099149;0.08665358059101624;0.08665697113433657;0.08673345811264377;0.0866495583600072
0.08665703583196505;0.08665573875041499;0.08679113432149688;0.08663326758409762;0.0866472994553178;0.086544881797334;0.08665703583196505;0.0869918416582579;0.0866995048683098;0.08665703583196505;0.08665703583196505;0.08665703583196505;0.0866548506334387;0.08665635775054059;0.08663930553363741;0.08665703583196505;0.08665703583196505;0.08665946875329755;0.08665745840192607;0.08665319465907118;0.08665700794219866;0.08679774046457855;0.0866495583600072
0.08665703583196505;0.08665573875041499;0.08685768864315113;0.08663491730142436;0.08664433331853627;0.08651771292429011;0.08665703583196505;0.08714618640363847;0.08671778572699107;0.08665703583196505;0.08665703583196505;0.08665703583196505;0.08665418080560261;0.08665613845945452;0.08663333534492368;0.08665703583196505;0.08665703583196505;0.08666020306744582;0.08665760156306601;0.08665366900981353;0.08665686917256843;0.08687942603263232;0.0866495583600072
0.08665703583196505;0.08687473955691294;0.08693557057955159;0.08664116027496471;0.08664174197331931;0.08649542688322875;0.08665703583196505;0.08732189695963344;0.08673807378983889;0.08665703583196505;0.08665703583196505;0.08665703583196505;0.08665354178987184;0.08665591952713525;0.08662747185972564;0.08665703583196505;0.08665703583196505;0.08666104473374325;0.08665774232958845;0.08665493204516095;0.08665692127157731;0.0869781034924284;0.0866495583600072
0.08665703583196505;0.08687473955691294;0.08702238122233408;0.08665171116931136;0.08663934664720463;0.08647819272116053;0.08665703583196505;0.08751869621580244;0.08676047803499976;0.08665703583196505;0.08665703583196505;0.08665703583196505;0.08665293504887617;0.08665570767463004;0.08662160963828569;0.08665703583196505;0.08665703583196505;0.08666189589414386;0.08665788481758385;0.08665699590598552;0.08665682646660156;0.08709349018877932;0.0866495583600072
0.08665703583196505;0.08687473955691294;0.08711891315223963;0.08666646667774025;0.08663719294301886;0.08646614099814076;0.08665703583196505;0.08773666260468349;0.08678489187319749;0.08665703583196505;0.08665703583196505;0.08665703583196505;0.08665235333515386;0.08665548915032673;0.08661573278166357;0.08665703583196505;0.08665703583196505;0.08666270521775499;0.08665802632626418;0.08665984914681168;0.08665682702779876;0.08722562317257632;0.0866495583600072
0.08665703583196505;0.08687473955691294;0.08722730949181279;0.08668550383760354;0.08663518519972035;0.08645904093947221;0.08665703583196505;0.08797566952666547;0.08681128262239779;0.08665703583196505;0.08665703583196505;0.08665703583196505;0.08665180947278273;0.08665527948075513;0.08660990363751142;0.08665703583196505;0.08665703583196505;0.08666350714345405;0.08665816847275887;0.08666346948829096;0.08665684587679012;0.0873741765538415;0.0866495583600072
0.08665703583196505;0.08687473955691294;0.08734584225813868;0.08670888762476647;0.08663346209125544;0.08645703089458867;0.08665703583196505;0.08823558374701168;0.08683955427620615;0.08665703583196505;0.08665703583196505;0.08665703583196505;0.08665128978266701;0.0866550676253991;0.0866040671919508;0.08665703583196505;0.08665703583196505;0.08666428254599023;0.08665831009979263;0.0866678609354754;0.08665676761063623;0.08753895819854218;0.0866495583600072
0.08665703583196505;0.0868078249454981;0.08747352215105575;0.08673651687924677;0.08663194957062292;0.08646018457768523;0.08665703583196505;0.08851628883397511;0.08686974643438106;0.08665703583196505;0.08665703583196505;0.08665703583196505;0.08665080632260491;0.0866548621741634;0.08659831745475433;0.08665703583196505;0.08665703583196505;0.08666503115191537;0.08665845275448492;0.08667302314764891;0.0866566695855554;0.08771990378842709;0.0866495583600072
0.08665703583196505;0.08711028974444446;0.08761020719795043;0.08676863322738027;0.08663070224577618;0.08646854592258957;0.08665703583196505;0.08881768008939295;0.08690187101510238;0.08665703583196505;0.08665703583196505;0.08665703583196505;0.08665034523601067;0.08665466247672926;0.08659255146855904;0.08665703583196505;0.08665703583196505;0.08666588938842745;0.08665859357723693;0.08667890460381067;0.08665669281807864;0.087916597290566;0.0866495583600072
0.08665703583196505;0.08719597019195358;0.08775728168107055;0.08680478556980842;0.08662951178778555;0.08648205265420528;0.08665703583196505;0.08913981505596369;0.08693582511986997;0.08665703583196505;0.08665703583196505;0.08665703583196505;0.08664991748545003;0.08665445639164893;0.08658678604343972;0.08665703583196505;0.08665703583196505;0.08666667600959821;0.08665873821190084;0.0866853068206519;0.08665665685193791;0.08812901536661644;0.0866495583600072
0.08665703583196505;0.08719597019195358;0.08791454499539475;0.08684496916710227;0.08662860200757028;0.08650047538934502;0.08665703583196505;0.08948245820641365;0.0869718455113433;0.08665703583196505;0.08665728486222612;0.08665703583196505;0.08664952171557916;0.0866542571528176;0.0865810296748627;0.08665703583196505;0.08665703583196505;0.08666738041629074;0.0866588800201551;0.0866925758839211;0.08665667868161908;0.08835711436764504;0.0866495583600072
0.08665703583196505;0.08719597019195358;0.08808144270872709;0.08688934563326312;0.08662802458600982;0.0865242350956078;0.08665703583196505;0.08984554998450456;0.08700939584188105;0.08665703583196505;0.08665894840861932;0.08665703583196505;0.08664914989179606;0.08665406121997066;0.08657528657909186;0.08665703583196505;0.08665703583196505;0.08666824727738942;0.08665902249109025;0.0867003568681004;0.08665662961911347;0.08860048054490322;0.0866495583600072
0.08665703583196505;0.08719597019195358;0.08825537260679284;0.08693770536780032;0.08662750196629765;0.08655312450924679;0.08665703583196505;0.09022909140774338;0.08704878548326045;0.08665703583196505;0.08666086283151231;0.08665703583196505;0.08664881433009941;0.08665386554638521;0.0865695658462311;0.08665703583196505;0.08665703583196505;0.08666907172750404;0.08665916508824334;0.08670887093188984;0.0866566059808116;0.0888590384540271;0.0866495583600072
0.08665703583196505;0.08719597019195358;0.08843663117115119;0.08698996977779327;0.08662740635743404;0.08658707338116312;0.08665703583196505;0.09063296166232915;0.08709000602478834;0.08665703583196505;0.08666332973070001;0.08665703583196505;0.08664850892470355;0.08665367203888641;0.08656389663878339;0.08665703583196505;0.08665703583196505;0.08666982930627809;0.08665930893635698;0.08671803124809374;0.0866566072348931;0.08913264681599187;0.0866495583600072
0.08665703583196505;0.08719597019195358;0.08862712502153369;0.0870461483650693;0.0866276703013229;0.0866263186850984;0.08665703583196505;0.0910569902550048;0.08713285847682739;0.08665703583196505;0.08665667783134845;0.08665703583196505;0.0866482330088656;0.08665348162074782;0.08655816648553871;0.08665703583196505;0.08665703583196505;0.08667059770869834;0.08665945082347126;0.08672786813841615;0.08665656886426254;0.08942093865577061;0.0866495583600072
0.08665703583196505;0.08719597019195358;0.08882668038333508;0.0871057132690175;0.08662805512770477;0.08667068273688283;0.08665703583196505;0.0915012220478606;0.08717758979349499;0.08665703583196505;0.08662096172737022;0.08665703583196505;0.08664798283612951;0.0866532894369928;0.08655251337136316;0.08665703583196505;0.08665703583196505;0.08667142897077229;0.08665959484062091;0.08673818295581048;0.08665651870828661;0.08972402474834618;0.0866495583600072
0.08665703583196505;0.08721155709765127;0.08903588092430081;0.08716896494742143;0.08662868437584836;0.08672031726177276;0.08665703583196505;0.09196521269226854;0.08722396413344091;0.08665703583196505;0.08657070337628348;0.08665703583196505;0.08664777016136749;0.08665310710573138;0.08654688903077679;0.08665703583196505;0.08665703583196505;0.08667227041729186;0.0866597382877905;0.08674898186628743;0.08665650322829554;0.09004166466435293;0.0866495583600072
0.08665703583196505;0.08721155709765127;0.08925450600927187;0.08723608240282954;0.08662958167858126;0.08677517706747673;0.08665703583196505;0.0924496453218755;0.08727192690261254;0.08665703583196505;0.08652576058021189;0.08665703583196505;0.08664758645607651;0.08665292398537128;0.08654127160585823;0.08665703583196505;0.08665703583196505;0.08667305719145302;0.08665988163706251;0.08676053186993704;0.08665644834314867;0.09037354109357965;0.0866495583600072
0.08665703583196505;0.08721155709765127;0.08948017269651354;0.08730708594199921;0.0866305646172717;0.08683524739523685;0.08665703583196505;0.09295384306910548;0.08732152439365248;0.08665703583196505;0.08649329093388858;0.08665703583196505;0.08664742369004075;0.08665274112335541;0.08653642760246949;0.08665703583196505;0.08665703583196505;0.0866737680026144;0.08666002326191224;0.08677260821286747;0.08665641130400537;0.09071968010944398;0.0866495583600072
0.08665703583196505;0.08721155709765127;0.0897146056052005;0.08738165829349698;0.08663179418437228;0.08690069607535333;0.08665703583196505;0.09347767650183547;0.08737270929820129;0.08665703583196505;0.08652984945656128;0.08665703583196505;0.08664729791935377;0.08665256473367267;0.08653642760246949;0.08665703583196505;0.08665703583196505;0.08667464934558433;0.08666016743090033;0.08678520672931289;0.08665638267685871;0.09107984724192597;0.0866495583600072
0.08665703583196505;0.08721155709765127;0.08995825409004377;0.08745967177576974;0.0866332088735553;0.08697103370929105;0.08665703583196505;0.09402134421573094;0.0874255616748294;0.08665703583196505;0.08659830285975312;0.08665703583196505;0.08664720047671304;0.0866523858879713;0.08653642760246949;0.08665703583196505;0.08665703583196505;0.0866754261368885;0.08666031177285838;0.08679823528994146;0.08665638304304202;0.09145384160445302;0.0866495583600072
0.08665703583196505;0.08725122692144516;0.09021095212050156;0.0875401180893941;0.08663489060638985;0.08704697950358409;0.08665703583196505;0.09458456957738959;0.08747987584063766;0.08665703583196505;0.08685370944836213;0.08665703583196505;0.0866471381735121;0.0866522131431331;0.08653642760246949;0.08665703583196505;0.08665703583196505;0.08667626040241105;0.08666045392066857;0.0868118193949633;0.08665644568789332;0.09184160124274576;0.0866495583600072
0.08665703583196505;0.08725122692144516;0.09046880595631279;0.08762414628433346;0.08663682249575044;0.08712796409730894;0.08665703583196505;0.09516741645794125;0.08753581140073985;0.08665703583196505;0.08743972362359687;0.08665703583196505;0.08664709904089762;0.08665204274856875;0.08653642760246949;0.08665703583196505;0.08665703583196505;0.08667700059967065;0.08666059792708192;0.08682602247531179;0.08665635455759568;0.09224288936804936;0.0866495583600072
0.08665703583196505;0.08725122692144516;0.09073248916016519;0.08771170334546097;0.08663891902824206;0.08721441314823641;0.08665703583196505;0.09576955555323641;0.08759328107718556;0.08665703583196505;0.08758067518497359;0.08665703583196505;0.08664708952529865;0.08665187428068988;0.08653642760246949;0.08665703583196505;0.08665703583196505;0.0866778193993788;0.08666074243225097;0.0868405879230485;0.08665619312390804;0.09265753757832762;0.0866495583600072
0.08665703583196505;0.08724018491508512;0.09100546795974818;0.08780309095480054;0.08664122145615372;0.08730605718044915;0.08665703583196505;0.0963912063284107;0.0876522228083384;0.08665703583196505;0.08764721578877332;0.08665703583196505;0.08664711396602387;0.0866517044731624;0.08653642760246949;0.08665703583196505;0.08665703583196505;0.08667869309787701;0.08666088731962096;0.08685572296821742;0.08665627936656661;0.09308554120570867;0.0866495583600072
0.08665703583196505;0.08724018491508512;0.09128721533165374;0.08789793586645145;0.08664369084673285;0.08740289981603044;0.08665703583196505;0.09703197621111792;0.08771267094949942;0.08665703583196505;0.08763923048852962;0.08665703583196505;0.08664716738933365;0.08665154427738397;0.08653642760246949;0.08665703583196505;0.08665703583196505;0.08667942912789117;0.08666103140572723;0.08687108530392007;0.08665622158392094;0.09352666630421169;0.0866495583600072
0.08665703583196505;0.08724018491508512;0.09157751420912286;0.08799641504979216;0.08664642888056573;0.08750527623121762;0.08665703583196505;0.09769249921119016;0.0877745494463602;0.08665703583196505;0.08762630643548919;0.08665703583196505;0.08664725054441302;0.08665137745946672;0.08653642760246949;0.08665703583196505;0.08665703583196505;0.08668023840299399;0.086661174369844;0.08688712204703164;0.08665619232436561;0.09398072163048665;0.0866495583600072
0.08665703583196505;0.08724018491508512;0.09186988194432599;0.08809849888784194;0.08664949797438015;0.0876128232969261;0.08665703583196505;0.09837195515836283;0.08783776051583114;0.08665703583196505;0.08765376466190156;0.08665703583196505;0.08664736207929469;0.08665121989813263;0.08653642760246949;0.08665703583196505;0.08665703583196505;0.08668100757745834;0.08666131908265984;0.0869036041079575;0.08665621467693452;0.09444766098914992;0.0866495583600072
0.08665703583196505;0.08725606929654217;0.09216490971668967;0.08820193203338744;0.08665250009335534;0.0877258529488033;0.08665703583196505;0.09906992411328885;0.08790247937561513;0.08665703583196505;0.08771455212167167;0.08665703583196505;0.08664750072004546;0.08665106197716765;0.08653642760246949;0.08665703583196505;0.08665703583196505;0.0866818177235682;0.08666146423720344;0.08692031542715406;0.08665620732227286;0.0949271764050349;0.0866495583600072
0.08665703583196505;0.08725606929654217;0.09246795699492572;0.08830778111841309;0.0866558526262744;0.08784399055043912;0.08665703583196505;0.09978704495468138;0.08796857628606303;0.08665703583196505;0.08783790932570412;0.08665703583196505;0.08664767640742488;0.08665090475962567;0.08653642760246949;0.08665703583196505;0.08665703583196505;0.08668266978484074;0.08666160789907174;0.0869375244910644;0.08665615234989887;0.09541931760528133;0.0866495583600072
0.08665703583196505;0.08725606929654217;0.09277928705086247;0.08841690594533202;0.08665951970802621;0.08796761298102074;0.08665703583196505;0.10052333735404884;0.08803607874702524;0.08665703583196505;0.08798939521278026;0.08665703583196505;0.0866478898202282;0.08665075118236942;0.08653642760246949;0.08665703583196505;0.08665703583196505;0.0866834847346527;0.08666175270369758;0.08695517231040262;0.08665615040602526;0.09592392513208314;0.0866495583600072
0.08665703583196505;0.0874537936895663;0.09309894822682463;0.08852950023982786;0.08666329686922092;0.08809669123002761;0.08665703583196505;0.10127811212077698;0.08810470741314758;0.08665703583196505;0.088151418762901;0.08665703583196505;0.08664811504585179;0.08665060414507553;0.08653642760246949;0.08665703583196505;0.08665703583196505;0.0866843189894978;0.08666189767593668;0.08697316905191477;0.08665610544907676;0.09644076557686987;0.0866495583600072
0.08665703583196505;0.0874537936895663;0.0934268422480431;0.08864551315558189;0.08666728154828596;0.08823099343127927;0.08665703583196505;0.10205197863068849;0.0881747571018523;0.08665703583196505;0.08832305885813929;0.08665703583196505;0.08664838029083011;0.08665045110010905;0.08653642760246949;0.08665703583196505;0.08665703583196505;0.08668504872785521;0.08666204348739748;0.0869916630791131;0.08665615328629417;0.09696963584299301;0.0866495583600072
0.08665703583196505;0.0874537936895663;0.09376276548451745;0.08876510168508323;0.08667146960487082;0.08837081085183973;0.08665703583196505;0.10284398890197155;0.08824618873250256;0.08665703583196505;0.08850736885478672;0.08665703583196505;0.08664867528858244;0.0866503068719201;0.08653642760246949;0.08665703583196505;0.08665703583196505;0.08668587121343352;0.08666218845451568;0.08701042062747566;0.08665609091584836;0.09751060022665436;0.0866495583600072
0.08665703583196505;0.0874537936895663;0.09410298686748586;0.0888870627007351;0.08667580242548845;0.08851590930450315;0.08665703583196505;0.1036546664995226;0.08831905127254469;0.08665703583196505;0.08870499697271061;0.08665703583196505;0.08664899806461723;0.0866501650827084;0.08653642760246949;0.08665703583196505;0.08665703583196505;0.08668669476371904;0.08666233479728913;0.0870294955362062;0.08665605065922988;0.098063460937867;0.0866495583600072
0.08665703583196505;0.0874537936895663;0.0944466452702688;0.08900886533355035;0.08668047777325583;0.08866647665289074;0.08665703583196505;0.10448386974995083;0.08839285830640986;0.08665703583196505;0.088915420585989;0.08665703583196505;0.08664934381199274;0.08665002179037651;0.08653642760246949;0.08665703583196505;0.08665703583196505;0.08668747526549303;0.08666247996486132;0.08704894439836841;0.086655984666546;0.09862802746524624;0.0866495583600072
0.08665703583196505;0.08744481542816629;0.0947976509716566;0.08913396065260637;0.08668520542185643;0.08882235402888994;0.08665703583196505;0.10533130830390969;0.08846795119569384;0.08665703583196505;0.08913818820629105;0.08665703583196505;0.086649737395039;0.08664988732540557;0.08653642760246949;0.08665703583196505;0.08665703583196505;0.08668827774721966;0.08666262363501831;0.0870687306769452;0.0866559677286407;0.09920439478853682;0.0866495583600072
0.08665703583196505;0.08744481542816629;0.09515593703319936;0.08926209994290368;0.08669030493660135;0.0889839404630679;0.08665703583196505;0.10619715208781311;0.08854449666195663;0.08665703583196505;0.08937346998174611;0.08665703583196505;0.08665015512457375;0.08664974674543235;0.08653642760246949;0.08665703583196505;0.08665703583196505;0.08668909121885793;0.08666276923708205;0.08708899876367349;0.08665605583408487;0.09979201776177271;0.0866495583600072
