Time;Simulated_Discharge
2010-11-01 00:00:00;1.0900316
2010-11-01 01:00:00;1.4904985
2010-11-01 02:00:00;1.815284
2010-11-01 03:00:00;2.077667
2010-11-01 04:00:00;2.2886055
2010-11-01 05:00:00;2.4571404
2010-11-01 06:00:00;2.5907338
2010-11-01 07:00:00;2.6955419
2010-11-01 08:00:00;2.7766454
2010-11-01 09:00:00;2.838237
2010-11-01 10:00:00;2.8837764
2010-11-01 11:00:00;2.9161186
2010-11-01 12:00:00;2.9376187
2010-11-01 13:00:00;2.9502213
2010-11-01 14:00:00;2.9555292
2010-11-01 15:00:00;2.9548664
2010-11-01 16:00:00;2.9493241
2010-11-01 17:00:00;2.9398031
2010-11-01 18:00:00;2.927046
2010-11-01 19:00:00;2.9116652
2010-11-01 20:00:00;2.8941665
2010-11-01 21:00:00;2.8749657
2010-11-01 22:00:00;2.8544064
2010-11-01 23:00:00;2.8327715
2010-11-02 00:00:00;2.8102949
2010-11-02 01:00:00;2.7871666
2010-11-02 02:00:00;2.7635462
2010-11-02 03:00:00;2.739563
2010-11-02 04:00:00;2.7153242
2010-11-02 05:00:00;2.6909165
2010-11-02 06:00:00;2.666413
2010-11-02 07:00:00;2.6418722
2010-11-02 08:00:00;2.617343
2010-11-02 09:00:00;2.5928643
2010-11-02 10:00:00;2.5684683
2010-11-02 11:00:00;2.544182
2010-11-02 12:00:00;2.5200672
2010-11-02 13:00:00;2.4966645
2010-11-02 14:00:00;2.4734554
2010-11-02 15:00:00;2.4502993
2010-11-02 16:00:00;2.427226
2010-11-02 17:00:00;2.4042585
2010-11-02 18:00:00;2.3814178
2010-11-02 19:00:00;2.3587182
2010-11-02 20:00:00;2.3361726
2010-11-02 21:00:00;2.3137915
2010-11-02 22:00:00;2.2915823
2010-11-02 23:00:00;2.269551
2010-11-03 00:00:00;2.2477095
2010-11-03 01:00:00;2.226562
2010-11-03 02:00:00;2.2123895
2010-11-03 03:00:00;2.1970608
2010-11-03 04:00:00;2.1808224
2010-11-03 05:00:00;2.1639707
2010-11-03 06:00:00;2.146539
2010-11-03 07:00:00;2.1287131
2010-11-03 08:00:00;2.1105402
2010-11-03 09:00:00;2.092115
2010-11-03 10:00:00;2.0735145
2010-11-03 11:00:00;2.0548022
2010-11-03 12:00:00;2.03603
2010-11-03 13:00:00;2.0172443
2010-11-03 14:00:00;1.9987634
2010-11-03 15:00:00;1.9844266
2010-11-03 16:00:00;1.9738806
2010-11-03 17:00:00;1.9657806
2010-11-03 18:00:00;1.9567391
2010-11-03 19:00:00;1.9463459
2010-11-03 20:00:00;1.9345809
2010-11-03 21:00:00;1.9220759
2010-11-03 22:00:00;1.909639
2010-11-03 23:00:00;1.8962421
2010-11-04 00:00:00;1.8820829
2010-11-04 01:00:00;1.8673245
2010-11-04 02:00:00;1.8521032
2010-11-04 03:00:00;1.8366681
2010-11-04 04:00:00;1.8229859
2010-11-04 05:00:00;1.811268
2010-11-04 06:00:00;1.8031884
2010-11-04 07:00:00;1.7992013
2010-11-04 08:00:00;1.8006042
2010-11-04 09:00:00;1.8058559
2010-11-04 10:00:00;1.8094736
2010-11-04 11:00:00;1.8171877
2010-11-04 12:00:00;1.8258039
2010-11-04 13:00:00;1.8297561
2010-11-04 14:00:00;1.8298899
2010-11-04 15:00:00;1.8269031
2010-11-04 16:00:00;1.821432
2010-11-04 17:00:00;1.8147475
2010-11-04 18:00:00;1.8067126
2010-11-04 19:00:00;1.7971125
2010-11-04 20:00:00;1.7865572
2010-11-04 21:00:00;1.7749064
2010-11-04 22:00:00;1.7623799
2010-11-04 23:00:00;1.7491585
2010-11-05 00:00:00;1.7353916
2010-11-05 01:00:00;1.7212023
2010-11-05 02:00:00;1.7066917
2010-11-05 03:00:00;1.6919429
2010-11-05 04:00:00;1.6770246
2010-11-05 05:00:00;1.6619929
2010-11-05 06:00:00;1.646894
2010-11-05 07:00:00;1.6317655
2010-11-05 08:00:00;1.6166385
2010-11-05 09:00:00;1.6015387
2010-11-05 10:00:00;1.5864863
2010-11-05 11:00:00;1.5714984
2010-11-05 12:00:00;1.5565882
2010-11-05 13:00:00;1.5417669
2010-11-05 14:00:00;1.5270433
2010-11-05 15:00:00;1.5124248
2010-11-05 16:00:00;1.4979166
2010-11-05 17:00:00;1.4835232
2010-11-05 18:00:00;1.4692487
2010-11-05 19:00:00;1.4551424
2010-11-05 20:00:00;1.441794
2010-11-05 21:00:00;1.4284501
2010-11-05 22:00:00;1.4156381
2010-11-05 23:00:00;1.4098682
2010-11-06 00:00:00;1.4058348
2010-11-06 01:00:00;1.4022132
2010-11-06 02:00:00;1.398806
2010-11-06 03:00:00;1.3936538
2010-11-06 04:00:00;1.3870841
2010-11-06 05:00:00;1.3793902
2010-11-06 06:00:00;1.37108
2010-11-06 07:00:00;1.3620474
2010-11-06 08:00:00;1.3534464
2010-11-06 09:00:00;1.3441962
2010-11-06 10:00:00;1.3354244
2010-11-06 11:00:00;1.3285693
2010-11-06 12:00:00;1.3362945
2010-11-06 13:00:00;1.3796654
2010-11-06 14:00:00;1.572273
2010-11-06 15:00:00;1.8951396
2010-11-06 16:00:00;2.23002
2010-11-06 17:00:00;2.5788827
2010-11-06 18:00:00;2.9138038
2010-11-06 19:00:00;3.2071657
2010-11-06 20:00:00;3.4497387
2010-11-06 21:00:00;3.6422184
2010-11-06 22:00:00;3.7933795
2010-11-06 23:00:00;3.910538
2010-11-07 00:00:00;4.0016108
2010-11-07 01:00:00;4.0999265
2010-11-07 02:00:00;4.253803
2010-11-07 03:00:00;4.469399
2010-11-07 04:00:00;4.7051053
2010-11-07 05:00:00;4.964686
2010-11-07 06:00:00;5.29581
2010-11-07 07:00:00;5.6800737
2010-11-07 08:00:00;6.1016912
2010-11-07 09:00:00;6.5731964
2010-11-07 10:00:00;7.0728536
2010-11-07 11:00:00;7.5532446
2010-11-07 12:00:00;7.984504
2010-11-07 13:00:00;8.3373575
2010-11-07 14:00:00;8.611716
2010-11-07 15:00:00;8.822088
2010-11-07 16:00:00;8.98158
2010-11-07 17:00:00;9.096762
2010-11-07 18:00:00;9.17553
2010-11-07 19:00:00;9.224494
2010-11-07 20:00:00;9.250361
2010-11-07 21:00:00;9.260494
2010-11-07 22:00:00;9.287776
2010-11-07 23:00:00;9.311536
2010-11-08 00:00:00;9.316531
2010-11-08 01:00:00;9.305991
2010-11-08 02:00:00;9.288292
2010-11-08 03:00:00;9.276415
2010-11-08 04:00:00;9.27303
2010-11-08 05:00:00;9.255389
2010-11-08 06:00:00;9.225314
2010-11-08 07:00:00;9.185174
2010-11-08 08:00:00;9.138243
2010-11-08 09:00:00;9.097375
2010-11-08 10:00:00;9.056849
2010-11-08 11:00:00;9.011555
2010-11-08 12:00:00;8.967696
2010-11-08 13:00:00;8.924481
2010-11-08 14:00:00;8.874063
2010-11-08 15:00:00;8.818043
2010-11-08 16:00:00;8.760142
2010-11-08 17:00:00;8.69822
2010-11-08 18:00:00;8.63289
2010-11-08 19:00:00;8.564882
2010-11-08 20:00:00;8.494803
2010-11-08 21:00:00;8.423149
2010-11-08 22:00:00;8.3503275
2010-11-08 23:00:00;8.276675
2010-11-09 00:00:00;8.202469
2010-11-09 01:00:00;8.127934
2010-11-09 02:00:00;8.053258
2010-11-09 03:00:00;7.978592
2010-11-09 04:00:00;7.904062
2010-11-09 05:00:00;7.829767
2010-11-09 06:00:00;7.755793
2010-11-09 07:00:00;7.6822824
2010-11-09 08:00:00;7.610258
2010-11-09 09:00:00;7.538509
2010-11-09 10:00:00;7.4671116
2010-11-09 11:00:00;7.396462
2010-11-09 12:00:00;7.3309927
2010-11-09 13:00:00;7.2672887
2010-11-09 14:00:00;7.2034893
2010-11-09 15:00:00;7.139152
2010-11-09 16:00:00;7.0744843
2010-11-09 17:00:00;7.0096555
2010-11-09 18:00:00;6.944804
2010-11-09 19:00:00;6.880045
2010-11-09 20:00:00;6.8154697
2010-11-09 21:00:00;6.7511554
2010-11-09 22:00:00;6.6871624
2010-11-09 23:00:00;6.62354
2010-11-10 00:00:00;6.5603285
2010-11-10 01:00:00;6.497559
2010-11-10 02:00:00;6.435259
2010-11-10 03:00:00;6.373447
2010-11-10 04:00:00;6.3122296
2010-11-10 05:00:00;6.2544384
2010-11-10 06:00:00;6.224688
2010-11-10 07:00:00;6.1955094
2010-11-10 08:00:00;6.1611767
2010-11-10 09:00:00;6.122689
2010-11-10 10:00:00;6.0808697
2010-11-10 11:00:00;6.036409
2010-11-10 12:00:00;5.9906645
2010-11-10 13:00:00;5.9542007
2010-11-10 14:00:00;5.916307
2010-11-10 15:00:00;5.8802404
2010-11-10 16:00:00;5.9138103
2010-11-10 17:00:00;6.038546
2010-11-10 18:00:00;6.130313
2010-11-10 19:00:00;6.1970925
2010-11-10 20:00:00;6.275477
2010-11-10 21:00:00;6.4166265
2010-11-10 22:00:00;6.5254226
2010-11-10 23:00:00;6.613167
2010-11-11 00:00:00;6.70695
2010-11-11 01:00:00;6.79344
2010-11-11 02:00:00;6.9079437
2010-11-11 03:00:00;6.9918637
2010-11-11 04:00:00;7.0487084
2010-11-11 05:00:00;7.0832496
2010-11-11 06:00:00;7.0995007
2010-11-11 07:00:00;7.1007776
2010-11-11 08:00:00;7.0900645
2010-11-11 09:00:00;7.073206
2010-11-11 10:00:00;7.054828
2010-11-11 11:00:00;7.0285883
2010-11-11 12:00:00;6.995249
2010-11-11 13:00:00;6.956163
2010-11-11 14:00:00;6.9124446
2010-11-11 15:00:00;6.8650155
2010-11-11 16:00:00;6.8146315
2010-11-11 17:00:00;6.761918
2010-11-11 18:00:00;6.707389
2010-11-11 19:00:00;6.651607
2010-11-11 20:00:00;6.605929
2010-11-11 21:00:00;6.7250566
2010-11-11 22:00:00;7.0929327
2010-11-11 23:00:00;7.535009
2010-11-12 00:00:00;7.9107013
2010-11-12 01:00:00;8.260528
2010-11-12 02:00:00;8.682575
2010-11-12 03:00:00;9.474062
2010-11-12 04:00:00;10.396358
2010-11-12 05:00:00;11.148845
2010-11-12 06:00:00;11.745087
2010-11-12 07:00:00;12.213219
2010-11-12 08:00:00;12.583444
2010-11-12 09:00:00;12.86481
2010-11-12 10:00:00;13.073063
2010-11-12 11:00:00;13.2212
2010-11-12 12:00:00;13.319946
2010-11-12 13:00:00;13.37845
2010-11-12 14:00:00;13.409122
2010-11-12 15:00:00;13.434619
2010-11-12 16:00:00;13.446113
2010-11-12 17:00:00;13.463664
2010-11-12 18:00:00;13.461909
2010-11-12 19:00:00;13.439586
2010-11-12 20:00:00;13.41743
2010-11-12 21:00:00;13.434753
2010-11-12 22:00:00;13.634851
2010-11-12 23:00:00;14.119041
2010-11-13 00:00:00;15.323837
2010-11-13 01:00:00;16.553566
2010-11-13 02:00:00;17.542679
2010-11-13 03:00:00;18.414011
2010-11-13 04:00:00;19.29735
2010-11-13 05:00:00;20.187626
2010-11-13 06:00:00;21.006235
2010-11-13 07:00:00;21.671434
2010-11-13 08:00:00;22.19083
2010-11-13 09:00:00;22.58129
2010-11-13 10:00:00;22.889181
2010-11-13 11:00:00;23.11395
2010-11-13 12:00:00;23.265133
2010-11-13 13:00:00;23.368801
2010-11-13 14:00:00;23.438513
2010-11-13 15:00:00;23.481958
2010-11-13 16:00:00;23.480997
2010-11-13 17:00:00;23.4439
2010-11-13 18:00:00;23.376467
2010-11-13 19:00:00;23.284649
2010-11-13 20:00:00;23.1847
2010-11-13 21:00:00;23.065596
2010-11-13 22:00:00;22.929241
2010-11-13 23:00:00;22.779009
2010-11-14 00:00:00;22.617691
2010-11-14 01:00:00;22.447573
2010-11-14 02:00:00;22.270552
2010-11-14 03:00:00;22.088184
2010-11-14 04:00:00;21.901754
2010-11-14 05:00:00;21.712317
2010-11-14 06:00:00;21.520739
2010-11-14 07:00:00;21.327732
2010-11-14 08:00:00;21.133892
2010-11-14 09:00:00;20.93969
2010-11-14 10:00:00;20.745523
2010-11-14 11:00:00;20.551716
2010-11-14 12:00:00;20.358522
2010-11-14 13:00:00;20.166166
2010-11-14 14:00:00;19.974815
2010-11-14 15:00:00;19.784605
2010-11-14 16:00:00;19.595661
2010-11-14 17:00:00;19.40806
2010-11-14 18:00:00;19.22188
2010-11-14 19:00:00;19.037172
2010-11-14 20:00:00;18.853983
2010-11-14 21:00:00;18.672346
2010-11-14 22:00:00;18.492283
2010-11-14 23:00:00;18.313812
2010-11-15 00:00:00;18.136944
2010-11-15 01:00:00;17.961685
2010-11-15 02:00:00;17.788038
2010-11-15 03:00:00;17.616009
2010-11-15 04:00:00;17.445732
2010-11-15 05:00:00;17.279398
2010-11-15 06:00:00;17.120598
2010-11-15 07:00:00;16.974945
2010-11-15 08:00:00;16.846663
2010-11-15 09:00:00;16.753832
2010-11-15 10:00:00;16.692225
2010-11-15 11:00:00;16.638874
2010-11-15 12:00:00;16.63493
2010-11-15 13:00:00;16.792849
2010-11-15 14:00:00;17.196695
2010-11-15 15:00:00;17.509129
2010-11-15 16:00:00;17.73868
2010-11-15 17:00:00;17.961018
2010-11-15 18:00:00;18.369635
2010-11-15 19:00:00;19.116455
2010-11-15 20:00:00;20.162432
2010-11-15 21:00:00;21.315289
2010-11-15 22:00:00;22.4926
2010-11-15 23:00:00;23.64697
2010-11-16 00:00:00;24.81866
2010-11-16 01:00:00;25.992287
2010-11-16 02:00:00;27.029818
2010-11-16 03:00:00;27.844687
2010-11-16 04:00:00;28.490376
2010-11-16 05:00:00;29.065033
2010-11-16 06:00:00;29.598137
2010-11-16 07:00:00;30.090687
2010-11-16 08:00:00;30.556978
2010-11-16 09:00:00;31.00366
2010-11-16 10:00:00;31.388123
2010-11-16 11:00:00;31.747116
2010-11-16 12:00:00;32.11954
2010-11-16 13:00:00;32.44095
2010-11-16 14:00:00;32.81863
2010-11-16 15:00:00;33.231037
2010-11-16 16:00:00;33.603947
2010-11-16 17:00:00;33.86465
2010-11-16 18:00:00;34.02148
2010-11-16 19:00:00;34.09392
2010-11-16 20:00:00;34.098545
2010-11-16 21:00:00;34.04546
2010-11-16 22:00:00;33.94458
2010-11-16 23:00:00;33.804775
2010-11-17 00:00:00;33.633373
2010-11-17 01:00:00;33.43643
2010-11-17 02:00:00;33.21893
2010-11-17 03:00:00;32.984978
2010-11-17 04:00:00;32.73797
2010-11-17 05:00:00;32.480705
2010-11-17 06:00:00;32.215485
2010-11-17 07:00:00;31.944202
2010-11-17 08:00:00;31.668427
2010-11-17 09:00:00;31.38944
2010-11-17 10:00:00;31.108297
2010-11-17 11:00:00;30.825867
2010-11-17 12:00:00;30.54286
2010-11-17 13:00:00;30.25986
2010-11-17 14:00:00;29.977339
2010-11-17 15:00:00;29.695694
2010-11-17 16:00:00;29.415236
2010-11-17 17:00:00;29.136223
2010-11-17 18:00:00;28.858866
2010-11-17 19:00:00;28.583326
2010-11-17 20:00:00;28.30974
2010-11-17 21:00:00;28.038214
2010-11-17 22:00:00;27.768831
2010-11-17 23:00:00;27.50166
2010-11-18 00:00:00;27.236738
2010-11-18 01:00:00;26.974112
2010-11-18 02:00:00;26.713802
2010-11-18 03:00:00;26.455877
2010-11-18 04:00:00;26.2012
2010-11-18 05:00:00;25.952358
2010-11-18 06:00:00;25.70923
2010-11-18 07:00:00;25.47214
2010-11-18 08:00:00;25.23653
2010-11-18 09:00:00;25.001247
2010-11-18 10:00:00;24.766684
2010-11-18 11:00:00;24.535133
2010-11-18 12:00:00;24.33137
2010-11-18 13:00:00;24.214142
2010-11-18 14:00:00;24.258959
2010-11-18 15:00:00;24.42044
2010-11-18 16:00:00;24.54791
2010-11-18 17:00:00;24.627874
2010-11-18 18:00:00;24.65218
2010-11-18 19:00:00;24.637562
2010-11-18 20:00:00;24.58399
2010-11-18 21:00:00;24.49865
2010-11-18 22:00:00;24.387484
2010-11-18 23:00:00;24.255386
2010-11-19 00:00:00;24.106401
2010-11-19 01:00:00;23.943853
2010-11-19 02:00:00;23.770496
2010-11-19 03:00:00;23.588593
2010-11-19 04:00:00;23.400003
2010-11-19 05:00:00;23.20627
2010-11-19 06:00:00;23.00866
2010-11-19 07:00:00;22.808207
2010-11-19 08:00:00;22.605778
2010-11-19 09:00:00;22.402065
2010-11-19 10:00:00;22.19765
2010-11-19 11:00:00;21.993013
2010-11-19 12:00:00;21.78853
2010-11-19 13:00:00;21.584526
2010-11-19 14:00:00;21.381254
2010-11-19 15:00:00;21.178923
2010-11-19 16:00:00;20.977705
2010-11-19 17:00:00;20.777742
2010-11-19 18:00:00;20.579268
2010-11-19 19:00:00;20.384584
2010-11-19 20:00:00;20.200893
2010-11-19 21:00:00;20.016659
2010-11-19 22:00:00;19.833448
2010-11-19 23:00:00;19.650143
2010-11-20 00:00:00;19.46706
2010-11-20 01:00:00;19.284472
2010-11-20 02:00:00;19.102598
2010-11-20 03:00:00;18.921614
2010-11-20 04:00:00;18.741716
2010-11-20 05:00:00;18.563606
2010-11-20 06:00:00;18.387096
2010-11-20 07:00:00;18.212267
2010-11-20 08:00:00;18.03855
2010-11-20 09:00:00;17.866032
2010-11-20 10:00:00;17.694788
2010-11-20 11:00:00;17.524874
2010-11-20 12:00:00;17.356337
2010-11-20 13:00:00;17.189209
2010-11-20 14:00:00;17.023516
2010-11-20 15:00:00;16.859276
2010-11-20 16:00:00;16.696505
2010-11-20 17:00:00;16.535202
2010-11-20 18:00:00;16.37538
2010-11-20 19:00:00;16.217031
2010-11-20 20:00:00;16.060162
2010-11-20 21:00:00;15.904764
2010-11-20 22:00:00;15.750831
2010-11-20 23:00:00;15.598357
2010-11-21 00:00:00;15.447334
2010-11-21 01:00:00;15.297751
2010-11-21 02:00:00;15.1496
2010-11-21 03:00:00;15.002869
2010-11-21 04:00:00;14.857549
2010-11-21 05:00:00;14.713622
2010-11-21 06:00:00;14.571085
2010-11-21 07:00:00;14.429922
2010-11-21 08:00:00;14.29012
2010-11-21 09:00:00;14.1516695
2010-11-21 10:00:00;14.014556
2010-11-21 11:00:00;13.878767
2010-11-21 12:00:00;13.744292
2010-11-21 13:00:00;13.611117
2010-11-21 14:00:00;13.479232
2010-11-21 15:00:00;13.348621
2010-11-21 16:00:00;13.219277
2010-11-21 17:00:00;13.091184
2010-11-21 18:00:00;12.964331
2010-11-21 19:00:00;12.838707
2010-11-21 20:00:00;12.714298
2010-11-21 21:00:00;12.591096
2010-11-21 22:00:00;12.469089
2010-11-21 23:00:00;12.348261
2010-11-22 00:00:00;12.228604
2010-11-22 01:00:00;12.110108
2010-11-22 02:00:00;11.992759
2010-11-22 03:00:00;11.876548
2010-11-22 04:00:00;11.761461
2010-11-22 05:00:00;11.64749
2010-11-22 06:00:00;11.534623
2010-11-22 07:00:00;11.422911
2010-11-22 08:00:00;11.3144865
2010-11-22 09:00:00;11.237616
2010-11-22 10:00:00;11.308173
2010-11-22 11:00:00;11.662193
2010-11-22 12:00:00;12.182012
2010-11-22 13:00:00;12.777013
2010-11-22 14:00:00;13.446454
2010-11-22 15:00:00;14.1096525
2010-11-22 16:00:00;14.814523
2010-11-22 17:00:00;15.572496
2010-11-22 18:00:00;16.315212
2010-11-22 19:00:00;16.956022
2010-11-22 20:00:00;17.484943
2010-11-22 21:00:00;17.93227
2010-11-22 22:00:00;18.322226
2010-11-22 23:00:00;18.698786
2010-11-23 00:00:00;19.027077
2010-11-23 01:00:00;19.304428
2010-11-23 02:00:00;19.556969
2010-11-23 03:00:00;19.797073
2010-11-23 04:00:00;20.02807
2010-11-23 05:00:00;20.244946
2010-11-23 06:00:00;20.423313
2010-11-23 07:00:00;20.560244
2010-11-23 08:00:00;20.637472
2010-11-23 09:00:00;20.66629
2010-11-23 10:00:00;20.658894
2010-11-23 11:00:00;20.62316
2010-11-23 12:00:00;20.567776
2010-11-23 13:00:00;20.495993
2010-11-23 14:00:00;20.403881
2010-11-23 15:00:00;20.296104
2010-11-23 16:00:00;20.176266
2010-11-23 17:00:00;20.046574
2010-11-23 18:00:00;19.935642
2010-11-23 19:00:00;19.821642
2010-11-23 20:00:00;19.699858
2010-11-23 21:00:00;19.572763
2010-11-23 22:00:00;19.447979
2010-11-23 23:00:00;19.347055
2010-11-24 00:00:00;19.30202
2010-11-24 01:00:00;19.357235
2010-11-24 02:00:00;19.510923
2010-11-24 03:00:00;19.760117
2010-11-24 04:00:00;20.086544
2010-11-24 05:00:00;20.448881
2010-11-24 06:00:00;20.836256
2010-11-24 07:00:00;21.199682
2010-11-24 08:00:00;21.504833
2010-11-24 09:00:00;21.76434
2010-11-24 10:00:00;21.956102
2010-11-24 11:00:00;22.077633
2010-11-24 12:00:00;22.144905
2010-11-24 13:00:00;22.192108
2010-11-24 14:00:00;22.23721
2010-11-24 15:00:00;22.39196
2010-11-24 16:00:00;22.527971
2010-11-24 17:00:00;22.684156
2010-11-24 18:00:00;22.889393
2010-11-24 19:00:00;23.161491
2010-11-24 20:00:00;23.39716
2010-11-24 21:00:00;23.554762
2010-11-24 22:00:00;23.648632
2010-11-24 23:00:00;23.723133
2010-11-25 00:00:00;23.76259
2010-11-25 01:00:00;23.7547
2010-11-25 02:00:00;23.708115
2010-11-25 03:00:00;23.629965
2010-11-25 04:00:00;23.526146
2010-11-25 05:00:00;23.401508
2010-11-25 06:00:00;23.260063
2010-11-25 07:00:00;23.105236
2010-11-25 08:00:00;22.944618
2010-11-25 09:00:00;22.832066
2010-11-25 10:00:00;22.756556
2010-11-25 11:00:00;22.665869
2010-11-25 12:00:00;22.553984
2010-11-25 13:00:00;22.434969
2010-11-25 14:00:00;22.350399
2010-11-25 15:00:00;22.278723
2010-11-25 16:00:00;22.218662
2010-11-25 17:00:00;22.256235
2010-11-25 18:00:00;22.416946
2010-11-25 19:00:00;22.67098
2010-11-25 20:00:00;23.024952
2010-11-25 21:00:00;23.45425
2010-11-25 22:00:00;23.856014
2010-11-25 23:00:00;24.24698
2010-11-26 00:00:00;24.601189
2010-11-26 01:00:00;24.954838
2010-11-26 02:00:00;25.324503
2010-11-26 03:00:00;25.683134
2010-11-26 04:00:00;25.981956
2010-11-26 05:00:00;26.182394
2010-11-26 06:00:00;26.302048
2010-11-26 07:00:00;26.355452
2010-11-26 08:00:00;26.3546
2010-11-26 09:00:00;26.309385
2010-11-26 10:00:00;26.22797
2010-11-26 11:00:00;26.117102
2010-11-26 12:00:00;25.982676
2010-11-26 13:00:00;25.834188
2010-11-26 14:00:00;25.681023
2010-11-26 15:00:00;25.532103
2010-11-26 16:00:00;25.376623
2010-11-26 17:00:00;25.206621
2010-11-26 18:00:00;25.025032
2010-11-26 19:00:00;24.83428
2010-11-26 20:00:00;24.636356
2010-11-26 21:00:00;24.432901
2010-11-26 22:00:00;24.225271
2010-11-26 23:00:00;24.01457
2010-11-27 00:00:00;23.80172
2010-11-27 01:00:00;23.587471
2010-11-27 02:00:00;23.372442
2010-11-27 03:00:00;23.157133
2010-11-27 04:00:00;22.941965
2010-11-27 05:00:00;22.727272
2010-11-27 06:00:00;22.513332
2010-11-27 07:00:00;22.300364
2010-11-27 08:00:00;22.08856
2010-11-27 09:00:00;21.878057
2010-11-27 10:00:00;21.668978
2010-11-27 11:00:00;21.461414
2010-11-27 12:00:00;21.25544
2010-11-27 13:00:00;21.051115
2010-11-27 14:00:00;20.848484
2010-11-27 15:00:00;20.647577
2010-11-27 16:00:00;20.448423
2010-11-27 17:00:00;20.251038
2010-11-27 18:00:00;20.055435
2010-11-27 19:00:00;19.861612
2010-11-27 20:00:00;19.66958
2010-11-27 21:00:00;19.479332
2010-11-27 22:00:00;19.290867
2010-11-27 23:00:00;19.104176
2010-11-28 00:00:00;18.919252
2010-11-28 01:00:00;18.736084
2010-11-28 02:00:00;18.554663
2010-11-28 03:00:00;18.374975
2010-11-28 04:00:00;18.197008
2010-11-28 05:00:00;18.020756
2010-11-28 06:00:00;17.84619
2010-11-28 07:00:00;17.673311
2010-11-28 08:00:00;17.502096
2010-11-28 09:00:00;17.332533
2010-11-28 10:00:00;17.164604
2010-11-28 11:00:00;16.9983
2010-11-28 12:00:00;16.833597
2010-11-28 13:00:00;16.670494
2010-11-28 14:00:00;16.508968
2010-11-28 15:00:00;16.349003
2010-11-28 16:00:00;16.190586
2010-11-28 17:00:00;16.0337
2010-11-28 18:00:00;15.878338
2010-11-28 19:00:00;15.724478
2010-11-28 20:00:00;15.572109
2010-11-28 21:00:00;15.421214
2010-11-28 22:00:00;15.271781
2010-11-28 23:00:00;15.123797
2010-11-29 00:00:00;14.977246
2010-11-29 01:00:00;14.832115
2010-11-29 02:00:00;14.68839
2010-11-29 03:00:00;14.546057
2010-11-29 04:00:00;14.405104
2010-11-29 05:00:00;14.265516
2010-11-29 06:00:00;14.12728
2010-11-29 07:00:00;13.990383
2010-11-29 08:00:00;13.854814
2010-11-29 09:00:00;13.720557
2010-11-29 10:00:00;13.587602
2010-11-29 11:00:00;13.455935
2010-11-29 12:00:00;13.325543
2010-11-29 13:00:00;13.196417
2010-11-29 14:00:00;13.06854
2010-11-29 15:00:00;12.941902
2010-11-29 16:00:00;12.816492
2010-11-29 17:00:00;12.692298
2010-11-29 18:00:00;12.569305
2010-11-29 19:00:00;12.447506
2010-11-29 20:00:00;12.326888
2010-11-29 21:00:00;12.207437
2010-11-29 22:00:00;12.089146
2010-11-29 23:00:00;11.971997
2010-11-30 00:00:00;11.855987
2010-11-30 01:00:00;11.741099
2010-11-30 02:00:00;11.627326
2010-11-30 03:00:00;11.514655
2010-11-30 04:00:00;11.403075
2010-11-30 05:00:00;11.292576
2010-11-30 06:00:00;11.183149
2010-11-30 07:00:00;11.074781
2010-11-30 08:00:00;10.967464
2010-11-30 09:00:00;10.861187
2010-11-30 10:00:00;10.75594
2010-11-30 11:00:00;10.651712
2010-11-30 12:00:00;10.548494
2010-11-30 13:00:00;10.446277
2010-11-30 14:00:00;10.345051
2010-11-30 15:00:00;10.244804
2010-11-30 16:00:00;10.145531
2010-11-30 17:00:00;10.047216
2010-11-30 18:00:00;9.949857
2010-11-30 19:00:00;9.85344
2010-11-30 20:00:00;9.757958
2010-11-30 21:00:00;9.663402
2010-11-30 22:00:00;9.569761
2010-11-30 23:00:00;9.477027
2010-12-01 00:00:00;9.385193
2010-12-01 01:00:00;9.294249
2010-12-01 02:00:00;9.204185
2010-12-01 03:00:00;9.114994
2010-12-01 04:00:00;9.026668
2010-12-01 05:00:00;8.939198
2010-12-01 06:00:00;8.852573
2010-12-01 07:00:00;8.766789
2010-12-01 08:00:00;8.681837
2010-12-01 09:00:00;8.597709
2010-12-01 10:00:00;8.514394
2010-12-01 11:00:00;8.431888
2010-12-01 12:00:00;8.350182
2010-12-01 13:00:00;8.269266
2010-12-01 14:00:00;8.189135
2010-12-01 15:00:00;8.10978
2010-12-01 16:00:00;8.031196
2010-12-01 17:00:00;7.953371
2010-12-01 18:00:00;7.8763013
2010-12-01 19:00:00;7.7999783
2010-12-01 20:00:00;7.7243943
2010-12-01 21:00:00;7.649544
2010-12-01 22:00:00;7.575418
2010-12-01 23:00:00;7.5020103
2010-12-02 00:00:00;7.4293137
2010-12-02 01:00:00;7.357322
2010-12-02 02:00:00;7.286028
2010-12-02 03:00:00;7.2154245
2010-12-02 04:00:00;7.145505
2010-12-02 05:00:00;7.0762634
2010-12-02 06:00:00;7.007693
2010-12-02 07:00:00;6.9397864
2010-12-02 08:00:00;6.872538
2010-12-02 09:00:00;6.8059425
2010-12-02 10:00:00;6.739991
2010-12-02 11:00:00;6.6746793
2010-12-02 12:00:00;6.6099997
2010-12-02 13:00:00;6.5459476
2010-12-02 14:00:00;6.482516
2010-12-02 15:00:00;6.4196978
2010-12-02 16:00:00;6.3574896
2010-12-02 17:00:00;6.295884
2010-12-02 18:00:00;6.2348747
2010-12-02 19:00:00;6.1744576
2010-12-02 20:00:00;6.1146255
2010-12-02 21:00:00;6.055373
2010-12-02 22:00:00;5.996695
2010-12-02 23:00:00;5.9385853
2010-12-03 00:00:00;5.8810396
2010-12-03 01:00:00;5.8240504
2010-12-03 02:00:00;5.767614
2010-12-03 03:00:00;5.7117243
2010-12-03 04:00:00;5.6563764
2010-12-03 05:00:00;5.601565
2010-12-03 06:00:00;5.547284
2010-12-03 07:00:00;5.49353
2010-12-03 08:00:00;5.4402966
2010-12-03 09:00:00;5.3875785
2010-12-03 10:00:00;5.335372
2010-12-03 11:00:00;5.2836704
2010-12-03 12:00:00;5.232471
2010-12-03 13:00:00;5.181767
2010-12-03 14:00:00;5.131554
2010-12-03 15:00:00;5.081828
2010-12-03 16:00:00;5.032583
2010-12-03 17:00:00;4.983817
2010-12-03 18:00:00;4.935522
2010-12-03 19:00:00;4.8876963
2010-12-03 20:00:00;4.8403335
2010-12-03 21:00:00;4.793429
2010-12-03 22:00:00;4.7469797
2010-12-03 23:00:00;4.7009807
2010-12-04 00:00:00;4.655427
2010-12-04 01:00:00;4.610314
2010-12-04 02:00:00;4.56564
2010-12-04 03:00:00;4.521397
2010-12-04 04:00:00;4.477584
2010-12-04 05:00:00;4.434195
2010-12-04 06:00:00;4.391227
2010-12-04 07:00:00;4.348675
2010-12-04 08:00:00;4.306535
2010-12-04 09:00:00;4.2648034
2010-12-04 10:00:00;4.2234764
2010-12-04 11:00:00;4.1825495
2010-12-04 12:00:00;4.1420197
2010-12-04 13:00:00;4.101883
2010-12-04 14:00:00;4.0621347
2010-12-04 15:00:00;4.022772
2010-12-04 16:00:00;3.9837902
2010-12-04 17:00:00;3.9451866
2010-12-04 18:00:00;3.9069567
2010-12-04 19:00:00;3.8690975
2010-12-04 20:00:00;3.831605
2010-12-04 21:00:00;3.7944753
2010-12-04 22:00:00;3.7577062
2010-12-04 23:00:00;3.7212932
2010-12-05 00:00:00;3.6852329
2010-12-05 01:00:00;3.6495223
2010-12-05 02:00:00;3.6141574
2010-12-05 03:00:00;3.5791352
2010-12-05 04:00:00;3.544453
2010-12-05 05:00:00;3.510106
2010-12-05 06:00:00;3.476092
2010-12-05 07:00:00;3.4424083
2010-12-05 08:00:00;3.4090505
2010-12-05 09:00:00;3.3760157
2010-12-05 10:00:00;3.3433013
2010-12-05 11:00:00;3.3109043
2010-12-05 12:00:00;3.2788208
2010-12-05 13:00:00;3.247048
2010-12-05 14:00:00;3.2155833
2010-12-05 15:00:00;3.1844234
2010-12-05 16:00:00;3.1535656
2010-12-05 17:00:00;3.1230068
2010-12-05 18:00:00;3.092744
2010-12-05 19:00:00;3.0627747
2010-12-05 20:00:00;3.0330958
2010-12-05 21:00:00;3.0039072
2010-12-05 22:00:00;2.9912908
2010-12-05 23:00:00;3.2064915
2010-12-06 00:00:00;3.5440276
2010-12-06 01:00:00;3.8636384
2010-12-06 02:00:00;4.1341596
2010-12-06 03:00:00;4.3482776
2010-12-06 04:00:00;4.5159326
2010-12-06 05:00:00;4.6453276
2010-12-06 06:00:00;4.743232
2010-12-06 07:00:00;4.815231
2010-12-06 08:00:00;4.8659344
2010-12-06 09:00:00;4.899145
2010-12-06 10:00:00;4.918002
2010-12-06 11:00:00;4.925099
2010-12-06 12:00:00;4.9229193
2010-12-06 13:00:00;4.9184875
2010-12-06 14:00:00;4.9223204
2010-12-06 15:00:00;4.9366074
2010-12-06 16:00:00;4.991495
2010-12-06 17:00:00;5.0736213
2010-12-06 18:00:00;5.147671
2010-12-06 19:00:00;5.2151117
2010-12-06 20:00:00;5.271376
2010-12-06 21:00:00;5.312902
2010-12-06 22:00:00;5.348586
2010-12-06 23:00:00;5.3768845
2010-12-07 00:00:00;5.3909173
2010-12-07 01:00:00;5.393298
2010-12-07 02:00:00;5.388559
2010-12-07 03:00:00;5.409247
2010-12-07 04:00:00;5.4347677
2010-12-07 05:00:00;5.5585804
2010-12-07 06:00:00;5.8403306
2010-12-07 07:00:00;6.060745
2010-12-07 08:00:00;6.230656
2010-12-07 09:00:00;6.358999
2010-12-07 10:00:00;6.453152
2010-12-07 11:00:00;6.5196433
2010-12-07 12:00:00;6.5689993
2010-12-07 13:00:00;6.59823
2010-12-07 14:00:00;6.6109595
2010-12-07 15:00:00;6.610181
2010-12-07 16:00:00;6.598361
2010-12-07 17:00:00;6.5775366
2010-12-07 18:00:00;6.5493875
2010-12-07 19:00:00;6.515351
2010-12-07 20:00:00;6.4812016
2010-12-07 21:00:00;6.532834
2010-12-07 22:00:00;7.03099
2010-12-07 23:00:00;7.8875813
2010-12-08 00:00:00;8.838872
2010-12-08 01:00:00;9.7010765
2010-12-08 02:00:00;10.447402
2010-12-08 03:00:00;11.042339
2010-12-08 04:00:00;11.510102
2010-12-08 05:00:00;11.873003
2010-12-08 06:00:00;12.149578
2010-12-08 07:00:00;12.35512
2010-12-08 08:00:00;12.502303
2010-12-08 09:00:00;12.602204
2010-12-08 10:00:00;12.66311
2010-12-08 11:00:00;12.697248
2010-12-08 12:00:00;12.783967
2010-12-08 13:00:00;13.156439
2010-12-08 14:00:00;14.285934
2010-12-08 15:00:00;16.136166
2010-12-08 16:00:00;18.471497
2010-12-08 17:00:00;21.014736
2010-12-08 18:00:00;23.09398
2010-12-08 19:00:00;24.761007
2010-12-08 20:00:00;26.194038
2010-12-08 21:00:00;28.10149
2010-12-08 22:00:00;30.800226
2010-12-08 23:00:00;32.95444
2010-12-09 00:00:00;34.66003
2010-12-09 01:00:00;35.996056
2010-12-09 02:00:00;37.027725
2010-12-09 03:00:00;37.80884
2010-12-09 04:00:00;38.383766
2010-12-09 05:00:00;38.789154
2010-12-09 06:00:00;39.055202
2010-12-09 07:00:00;39.206863
2010-12-09 08:00:00;39.264732
2010-12-09 09:00:00;39.245796
2010-12-09 10:00:00;39.164085
2010-12-09 11:00:00;39.031166
2010-12-09 12:00:00;38.85659
2010-12-09 13:00:00;38.648247
2010-12-09 14:00:00;38.412632
2010-12-09 15:00:00;38.155113
2010-12-09 16:00:00;37.880108
2010-12-09 17:00:00;37.591274
2010-12-09 18:00:00;37.29162
2010-12-09 19:00:00;36.98361
2010-12-09 20:00:00;36.6693
2010-12-09 21:00:00;36.350357
2010-12-09 22:00:00;36.028168
2010-12-09 23:00:00;35.703865
2010-12-10 00:00:00;35.37838
2010-12-10 01:00:00;35.05248
2010-12-10 02:00:00;34.72679
2010-12-10 03:00:00;34.40183
2010-12-10 04:00:00;34.077995
2010-12-10 05:00:00;33.755642
2010-12-10 06:00:00;33.435043
2010-12-10 07:00:00;33.116417
2010-12-10 08:00:00;32.799942
2010-12-10 09:00:00;32.485767
2010-12-10 10:00:00;32.173996
2010-12-10 11:00:00;31.86472
2010-12-10 12:00:00;31.558
2010-12-10 13:00:00;31.253897
2010-12-10 14:00:00;30.952444
2010-12-10 15:00:00;30.65367
2010-12-10 16:00:00;30.357586
2010-12-10 17:00:00;30.064203
2010-12-10 18:00:00;29.77353
2010-12-10 19:00:00;29.485554
2010-12-10 20:00:00;29.20028
2010-12-10 21:00:00;28.917692
2010-12-10 22:00:00;28.637775
2010-12-10 23:00:00;28.36052
2010-12-11 00:00:00;28.086016
2010-12-11 01:00:00;27.822914
2010-12-11 02:00:00;27.696033
2010-12-11 03:00:00;27.841763
2010-12-11 04:00:00;28.399801
2010-12-11 05:00:00;29.330305
2010-12-11 06:00:00;30.424038
2010-12-11 07:00:00;31.472315
2010-12-11 08:00:00;32.425568
2010-12-11 09:00:00;33.235607
2010-12-11 10:00:00;33.948513
2010-12-11 11:00:00;34.572052
2010-12-11 12:00:00;35.12572
2010-12-11 13:00:00;35.69925
2010-12-11 14:00:00;36.307175
2010-12-11 15:00:00;36.905376
2010-12-11 16:00:00;37.494778
2010-12-11 17:00:00;38.0777
2010-12-11 18:00:00;38.647408
2010-12-11 19:00:00;39.334915
2010-12-11 20:00:00;40.071743
2010-12-11 21:00:00;40.886425
2010-12-11 22:00:00;41.748474
2010-12-11 23:00:00;42.57261
2010-12-12 00:00:00;43.289936
2010-12-12 01:00:00;43.88313
2010-12-12 02:00:00;44.421177
2010-12-12 03:00:00;44.9376
2010-12-12 04:00:00;45.444393
2010-12-12 05:00:00;45.997433
2010-12-12 06:00:00;46.652763
2010-12-12 07:00:00;47.264458
2010-12-12 08:00:00;47.69764
2010-12-12 09:00:00;47.98959
2010-12-12 10:00:00;48.152504
2010-12-12 11:00:00;48.226006
2010-12-12 12:00:00;48.288273
2010-12-12 13:00:00;48.275944
2010-12-12 14:00:00;48.200813
2010-12-12 15:00:00;48.07246
2010-12-12 16:00:00;47.900105
2010-12-12 17:00:00;47.703777
2010-12-12 18:00:00;47.49235
2010-12-12 19:00:00;47.263466
2010-12-12 20:00:00;47.018913
2010-12-12 21:00:00;46.761536
2010-12-12 22:00:00;46.482174
2010-12-12 23:00:00;46.175278
2010-12-13 00:00:00;45.846382
2010-12-13 01:00:00;45.50004
2010-12-13 02:00:00;45.140007
2010-12-13 03:00:00;44.76939
2010-12-13 04:00:00;44.390743
2010-12-13 05:00:00;44.006153
2010-12-13 06:00:00;43.617363
2010-12-13 07:00:00;43.225792
2010-12-13 08:00:00;42.8326
2010-12-13 09:00:00;42.438755
2010-12-13 10:00:00;42.045033
2010-12-13 11:00:00;41.652065
2010-12-13 12:00:00;41.2604
2010-12-13 13:00:00;40.87044
2010-12-13 14:00:00;40.482548
2010-12-13 15:00:00;40.09699
2010-12-13 16:00:00;39.714
2010-12-13 17:00:00;39.33375
2010-12-13 18:00:00;38.95639
2010-12-13 19:00:00;38.582027
2010-12-13 20:00:00;38.210747
2010-12-13 21:00:00;37.842613
2010-12-13 22:00:00;37.47767
2010-12-13 23:00:00;37.11596
2010-12-14 00:00:00;36.757496
2010-12-14 01:00:00;36.402298
2010-12-14 02:00:00;36.050373
2010-12-14 03:00:00;35.701714
2010-12-14 04:00:00;35.356316
2010-12-14 05:00:00;35.014164
2010-12-14 06:00:00;34.67525
2010-12-14 07:00:00;34.33956
2010-12-14 08:00:00;34.00706
2010-12-14 09:00:00;33.67774
2010-12-14 10:00:00;33.35157
2010-12-14 11:00:00;33.028534
2010-12-14 12:00:00;32.708603
2010-12-14 13:00:00;32.39175
2010-12-14 14:00:00;32.07795
2010-12-14 15:00:00;31.767174
2010-12-14 16:00:00;31.459396
2010-12-14 17:00:00;31.154594
2010-12-14 18:00:00;30.85274
2010-12-14 19:00:00;30.553802
2010-12-14 20:00:00;30.257757
2010-12-14 21:00:00;29.964571
2010-12-14 22:00:00;29.674223
2010-12-14 23:00:00;29.386688
2010-12-15 00:00:00;29.101936
2010-12-15 01:00:00;28.81994
2010-12-15 02:00:00;28.540678
2010-12-15 03:00:00;28.264118
2010-12-15 04:00:00;27.990236
2010-12-15 05:00:00;27.719011
2010-12-15 06:00:00;27.45041
2010-12-15 07:00:00;27.184412
2010-12-15 08:00:00;26.920992
2010-12-15 09:00:00;26.660124
2010-12-15 10:00:00;26.401781
2010-12-15 11:00:00;26.145945
2010-12-15 12:00:00;25.892586
2010-12-15 13:00:00;25.64168
2010-12-15 14:00:00;25.393208
2010-12-15 15:00:00;25.147139
2010-12-15 16:00:00;24.90346
2010-12-15 17:00:00;24.66214
2010-12-15 18:00:00;24.423155
2010-12-15 19:00:00;24.186491
2010-12-15 20:00:00;23.952118
2010-12-15 21:00:00;23.720018
2010-12-15 22:00:00;23.490164
2010-12-15 23:00:00;23.262539
2010-12-16 00:00:00;23.03712
2010-12-16 01:00:00;22.813885
2010-12-16 02:00:00;22.59281
2010-12-16 03:00:00;22.37388
2010-12-16 04:00:00;22.157074
2010-12-16 05:00:00;21.942364
2010-12-16 06:00:00;21.729738
2010-12-16 07:00:00;21.519173
2010-12-16 08:00:00;21.310646
2010-12-16 09:00:00;21.104141
2010-12-16 10:00:00;20.899635
2010-12-16 11:00:00;20.697113
2010-12-16 12:00:00;20.496553
2010-12-16 13:00:00;20.297937
2010-12-16 14:00:00;20.101246
2010-12-16 15:00:00;19.90646
2010-12-16 16:00:00;19.713562
2010-12-16 17:00:00;19.522533
2010-12-16 18:00:00;19.333355
2010-12-16 19:00:00;19.146011
2010-12-16 20:00:00;18.960482
2010-12-16 21:00:00;18.77675
2010-12-16 22:00:00;18.594799
2010-12-16 23:00:00;18.414614
2010-12-17 00:00:00;18.23617
2010-12-17 01:00:00;18.059458
2010-12-17 02:00:00;17.884457
2010-12-17 03:00:00;17.711151
2010-12-17 04:00:00;17.539528
2010-12-17 05:00:00;17.369566
2010-12-17 06:00:00;17.201248
2010-12-17 07:00:00;17.034565
2010-12-17 08:00:00;16.869497
2010-12-17 09:00:00;16.706028
2010-12-17 10:00:00;16.544142
2010-12-17 11:00:00;16.383825
2010-12-17 12:00:00;16.225063
2010-12-17 13:00:00;16.067837
2010-12-17 14:00:00;15.912136
2010-12-17 15:00:00;15.757943
2010-12-17 16:00:00;15.605246
2010-12-17 17:00:00;15.454026
2010-12-17 18:00:00;15.304273
2010-12-17 19:00:00;15.155972
2010-12-17 20:00:00;15.009106
2010-12-17 21:00:00;14.863665
2010-12-17 22:00:00;14.719631
2010-12-17 23:00:00;14.576995
2010-12-18 00:00:00;14.43574
2010-12-18 01:00:00;14.2958555
2010-12-18 02:00:00;14.157326
2010-12-18 03:00:00;14.020139
2010-12-18 04:00:00;13.88428
2010-12-18 05:00:00;13.749738
2010-12-18 06:00:00;13.616499
2010-12-18 07:00:00;13.484552
2010-12-18 08:00:00;13.353883
2010-12-18 09:00:00;13.224482
2010-12-18 10:00:00;13.0963335
2010-12-18 11:00:00;12.969426
2010-12-18 12:00:00;12.843749
2010-12-18 13:00:00;12.719292
2010-12-18 14:00:00;12.596038
2010-12-18 15:00:00;12.47398
2010-12-18 16:00:00;12.353104
2010-12-18 17:00:00;12.233399
2010-12-18 18:00:00;12.114854
2010-12-18 19:00:00;11.997458
2010-12-18 20:00:00;11.8812
2010-12-18 21:00:00;11.766068
2010-12-18 22:00:00;11.652053
2010-12-18 23:00:00;11.539142
2010-12-19 00:00:00;11.427324
2010-12-19 01:00:00;11.316591
2010-12-19 02:00:00;11.206931
2010-12-19 03:00:00;11.098332
2010-12-19 04:00:00;10.990787
2010-12-19 05:00:00;10.884284
2010-12-19 06:00:00;10.778812
2010-12-19 07:00:00;10.674364
2010-12-19 08:00:00;10.570927
2010-12-19 09:00:00;10.468491
2010-12-19 10:00:00;10.367047
2010-12-19 11:00:00;10.266589
2010-12-19 12:00:00;10.167103
2010-12-19 13:00:00;10.068582
2010-12-19 14:00:00;9.971015
2010-12-19 15:00:00;9.874394
2010-12-19 16:00:00;9.778708
2010-12-19 17:00:00;9.68395
2010-12-19 18:00:00;9.590112
2010-12-19 19:00:00;9.497181
2010-12-19 20:00:00;9.405151
2010-12-19 21:00:00;9.31445
2010-12-19 22:00:00;9.259599
2010-12-19 23:00:00;9.682988
2010-12-20 00:00:00;10.193084
2010-12-20 01:00:00;10.69355
2010-12-20 02:00:00;11.215156
2010-12-20 03:00:00;11.900923
2010-12-20 04:00:00;12.942389
2010-12-20 05:00:00;13.911579
2010-12-20 06:00:00;14.703257
2010-12-20 07:00:00;15.325551
2010-12-20 08:00:00;15.808351
2010-12-20 09:00:00;16.176306
2010-12-20 10:00:00;16.449762
2010-12-20 11:00:00;16.64551
2010-12-20 12:00:00;16.777397
2010-12-20 13:00:00;16.85686
2010-12-20 14:00:00;16.893324
2010-12-20 15:00:00;16.894579
2010-12-20 16:00:00;16.867044
2010-12-20 17:00:00;16.816021
2010-12-20 18:00:00;16.745882
2010-12-20 19:00:00;16.66023
2010-12-20 20:00:00;16.562044
2010-12-20 21:00:00;16.453775
2010-12-20 22:00:00;16.337444
2010-12-20 23:00:00;16.214722
2010-12-21 00:00:00;16.086979
2010-12-21 01:00:00;15.955349
2010-12-21 02:00:00;15.820762
2010-12-21 03:00:00;15.683986
2010-12-21 04:00:00;15.545651
2010-12-21 05:00:00;15.406277
2010-12-21 06:00:00;15.266289
2010-12-21 07:00:00;15.126032
2010-12-21 08:00:00;14.985797
2010-12-21 09:00:00;14.845813
2010-12-21 10:00:00;14.706274
2010-12-21 11:00:00;14.567406
2010-12-21 12:00:00;14.435218
2010-12-21 13:00:00;14.387133
2010-12-21 14:00:00;14.38754
2010-12-21 15:00:00;14.3895235
2010-12-21 16:00:00;14.4000025
2010-12-21 17:00:00;14.461817
2010-12-21 18:00:00;14.522301
2010-12-21 19:00:00;14.547208
2010-12-21 20:00:00;14.544359
2010-12-21 21:00:00;14.539283
2010-12-21 22:00:00;14.563157
2010-12-21 23:00:00;14.574961
2010-12-22 00:00:00;14.56045
2010-12-22 01:00:00;14.530396
2010-12-22 02:00:00;14.571369
2010-12-22 03:00:00;14.755253
2010-12-22 04:00:00;15.072552
2010-12-22 05:00:00;15.330623
2010-12-22 06:00:00;15.518033
2010-12-22 07:00:00;15.649671
2010-12-22 08:00:00;15.75333
2010-12-22 09:00:00;15.898595
2010-12-22 10:00:00;16.07926
2010-12-22 11:00:00;16.29645
2010-12-22 12:00:00;16.510695
2010-12-22 13:00:00;16.733376
2010-12-22 14:00:00;16.97258
2010-12-22 15:00:00;17.189754
2010-12-22 16:00:00;17.38287
2010-12-22 17:00:00;17.565308
2010-12-22 18:00:00;17.716494
2010-12-22 19:00:00;17.833452
2010-12-22 20:00:00;17.932196
2010-12-22 21:00:00;18.021584
2010-12-22 22:00:00;18.118767
2010-12-22 23:00:00;18.248522
2010-12-23 00:00:00;18.408854
2010-12-23 01:00:00;18.621614
2010-12-23 02:00:00;18.843786
2010-12-23 03:00:00;19.086327
2010-12-23 04:00:00;19.337557
2010-12-23 05:00:00;19.574263
2010-12-23 06:00:00;19.761272
2010-12-23 07:00:00;19.880766
2010-12-23 08:00:00;19.944859
2010-12-23 09:00:00;19.963623
2010-12-23 10:00:00;19.948938
2010-12-23 11:00:00;19.950823
2010-12-23 12:00:00;19.966364
2010-12-23 13:00:00;20.040741
2010-12-23 14:00:00;20.218832
2010-12-23 15:00:00;20.478443
2010-12-23 16:00:00;20.80191
2010-12-23 17:00:00;21.191544
2010-12-23 18:00:00;21.566366
2010-12-23 19:00:00;21.889618
2010-12-23 20:00:00;22.178686
2010-12-23 21:00:00;22.404575
2010-12-23 22:00:00;22.553423
2010-12-23 23:00:00;22.63701
2010-12-24 00:00:00;22.6671
2010-12-24 01:00:00;22.653406
2010-12-24 02:00:00;22.60393
2010-12-24 03:00:00;22.52528
2010-12-24 04:00:00;22.422916
2010-12-24 05:00:00;22.301332
2010-12-24 06:00:00;22.164238
2010-12-24 07:00:00;22.014696
2010-12-24 08:00:00;21.855232
2010-12-24 09:00:00;21.687918
2010-12-24 10:00:00;21.514473
2010-12-24 11:00:00;21.336304
2010-12-24 12:00:00;21.154577
2010-12-24 13:00:00;20.970247
2010-12-24 14:00:00;20.7841
2010-12-24 15:00:00;20.596783
2010-12-24 16:00:00;20.408823
2010-12-24 17:00:00;20.220657
2010-12-24 18:00:00;20.03264
2010-12-24 19:00:00;19.845064
2010-12-24 20:00:00;19.658165
2010-12-24 21:00:00;19.472132
2010-12-24 22:00:00;19.287127
2010-12-24 23:00:00;19.103268
2010-12-25 00:00:00;18.920664
2010-12-25 01:00:00;18.739391
2010-12-25 02:00:00;18.559511
2010-12-25 03:00:00;18.38108
2010-12-25 04:00:00;18.20413
2010-12-25 05:00:00;18.02869
2010-12-25 06:00:00;17.854782
2010-12-25 07:00:00;17.682423
2010-12-25 08:00:00;17.511614
2010-12-25 09:00:00;17.342371
2010-12-25 10:00:00;17.17469
2010-12-25 11:00:00;17.008568
2010-12-25 12:00:00;16.844002
2010-12-25 13:00:00;16.680986
2010-12-25 14:00:00;16.519516
2010-12-25 15:00:00;16.35958
2010-12-25 16:00:00;16.201168
2010-12-25 17:00:00;16.044271
2010-12-25 18:00:00;15.888877
2010-12-25 19:00:00;15.734976
2010-12-25 20:00:00;15.582556
2010-12-25 21:00:00;15.431602
2010-12-25 22:00:00;15.282102
2010-12-25 23:00:00;15.134046
2010-12-26 00:00:00;14.987419
2010-12-26 01:00:00;14.842209
2010-12-26 02:00:00;14.698401
2010-12-26 03:00:00;14.5559845
2010-12-26 04:00:00;14.4149475
2010-12-26 05:00:00;14.275272
2010-12-26 06:00:00;14.13695
2010-12-26 07:00:00;13.999967
2010-12-26 08:00:00;13.864307
2010-12-26 09:00:00;13.729964
2010-12-26 10:00:00;13.596923
2010-12-26 11:00:00;13.46517
2010-12-26 12:00:00;13.334691
2010-12-26 13:00:00;13.205477
2010-12-26 14:00:00;13.077514
2010-12-26 15:00:00;12.950792
2010-12-26 16:00:00;12.825297
2010-12-26 17:00:00;12.701018
2010-12-26 18:00:00;12.577944
2010-12-26 19:00:00;12.456061
2010-12-26 20:00:00;12.335359
2010-12-26 21:00:00;12.215826
2010-12-26 22:00:00;12.097452
2010-12-26 23:00:00;11.980225
2010-12-27 00:00:00;11.864134
2010-12-27 01:00:00;11.7491665
2010-12-27 02:00:00;11.635314
2010-12-27 03:00:00;11.522566
2010-12-27 04:00:00;11.41091
2010-12-27 05:00:00;11.300336
2010-12-27 06:00:00;11.190833
2010-12-27 07:00:00;11.082391
2010-12-27 08:00:00;10.975
2010-12-27 09:00:00;10.868651
2010-12-27 10:00:00;10.76333
2010-12-27 11:00:00;10.659032
2010-12-27 12:00:00;10.555742
2010-12-27 13:00:00;10.453456
2010-12-27 14:00:00;10.352159
2010-12-27 15:00:00;10.251843
2010-12-27 16:00:00;10.152501
2010-12-27 17:00:00;10.054121
2010-12-27 18:00:00;9.956695
2010-12-27 19:00:00;9.860211
2010-12-27 20:00:00;9.764664
2010-12-27 21:00:00;9.670041
2010-12-27 22:00:00;9.576337
2010-12-27 23:00:00;9.48354
2010-12-28 00:00:00;9.391643
2010-12-28 01:00:00;9.300635
2010-12-28 02:00:00;9.21051
2010-12-28 03:00:00;9.121257
2010-12-28 04:00:00;9.032869
2010-12-28 05:00:00;8.94534
2010-12-28 06:00:00;8.858658
2010-12-28 07:00:00;8.772815
2010-12-28 08:00:00;8.687803
2010-12-28 09:00:00;8.603617
2010-12-28 10:00:00;8.520246
2010-12-28 11:00:00;8.437682
2010-12-28 12:00:00;8.355921
2010-12-28 13:00:00;8.274948
2010-12-28 14:00:00;8.194762
2010-12-28 15:00:00;8.115354
2010-12-28 16:00:00;8.036714
2010-12-28 17:00:00;7.958836
2010-12-28 18:00:00;7.881713
2010-12-28 19:00:00;7.8053374
2010-12-28 20:00:00;7.729702
2010-12-28 21:00:00;7.6547995
2010-12-28 22:00:00;7.580622
2010-12-28 23:00:00;7.5071645
2010-12-29 00:00:00;7.4344187
2010-12-29 01:00:00;7.3623776
2010-12-29 02:00:00;7.291034
2010-12-29 03:00:00;7.2203817
2010-12-29 04:00:00;7.1504145
2010-12-29 05:00:00;7.0811253
2010-12-29 06:00:00;7.012508
2010-12-29 07:00:00;6.9445543
2010-12-29 08:00:00;6.87726
2010-12-29 09:00:00;6.810618
2010-12-29 10:00:00;6.7446213
2010-12-29 11:00:00;6.6792645
2010-12-29 12:00:00;6.614541
2010-12-29 13:00:00;6.5504446
2010-12-29 14:00:00;6.486969
2010-12-29 15:00:00;6.4241085
2010-12-29 16:00:00;6.3618574
2010-12-29 17:00:00;6.3002095
2010-12-29 18:00:00;6.2391586
2010-12-29 19:00:00;6.1787004
2010-12-29 20:00:00;6.118827
2010-12-29 21:00:00;6.059534
2010-12-29 22:00:00;6.000816
2010-12-29 23:00:00;5.942667
2010-12-30 00:00:00;5.8850813
2010-12-30 01:00:00;5.8280535
2010-12-30 02:00:00;5.7715783
2010-12-30 03:00:00;5.7156506
2010-12-30 04:00:00;5.6602654
2010-12-30 05:00:00;5.6054163
2010-12-30 06:00:00;5.551098
2010-12-30 07:00:00;5.4973073
2010-12-30 08:00:00;5.4440365
2010-12-30 09:00:00;5.391282
2010-12-30 10:00:00;5.33904
2010-12-30 11:00:00;5.2873025
2010-12-30 12:00:00;5.2360673
2010-12-30 13:00:00;5.1853285
2010-12-30 14:00:00;5.135081
2010-12-30 15:00:00;5.085321
2010-12-30 16:00:00;5.0360427
2010-12-30 17:00:00;4.987242
2010-12-30 18:00:00;4.9389153
2010-12-30 19:00:00;4.8910556
2010-12-30 20:00:00;4.84366
2010-12-30 21:00:00;4.796724
2010-12-30 22:00:00;4.7502427
2010-12-30 23:00:00;4.704211
2010-12-31 00:00:00;4.658627
2010-12-31 01:00:00;4.6134834
2010-12-31 02:00:00;4.5687776
2010-12-31 03:00:00;4.5245047
2010-12-31 04:00:00;4.480662
2010-12-31 05:00:00;4.4372435
2010-12-31 06:00:00;4.3942456
2010-12-31 07:00:00;4.351664
2010-12-31 08:00:00;4.3094954
2010-12-31 09:00:00;4.267735
2010-12-31 10:00:00;4.22638
2010-12-31 11:00:00;4.1854253
2010-12-31 12:00:00;4.1448674
2010-12-31 13:00:00;4.1047025
2010-12-31 14:00:00;4.064927
2010-12-31 15:00:00;4.0255365
2010-12-31 16:00:00;3.9865286
2010-12-31 17:00:00;3.9478981
2010-12-31 18:00:00;3.9096422
2010-12-31 19:00:00;3.8717573
2010-12-31 20:00:00;3.8342385
2010-12-31 21:00:00;3.797084
2010-12-31 22:00:00;3.7602894
2010-12-31 23:00:00;3.7238512
2011-01-01 00:00:00;3.6877663
2011-01-01 01:00:00;3.6520307
2011-01-01 02:00:00;3.616642
2011-01-01 03:00:00;3.5815957
2011-01-01 04:00:00;3.5468893
2011-01-01 05:00:00;3.5125191
2011-01-01 06:00:00;3.4784818
2011-01-01 07:00:00;3.4447749
2011-01-01 08:00:00;3.411394
2011-01-01 09:00:00;3.3783367
2011-01-01 10:00:00;3.3456
2011-01-01 11:00:00;3.31318
2011-01-01 12:00:00;3.281075
2011-01-01 13:00:00;3.2492805
2011-01-01 14:00:00;3.2178698
2011-01-01 15:00:00;3.1928363
2011-01-01 16:00:00;3.2529101
2011-01-01 17:00:00;3.358919
2011-01-01 18:00:00;3.4684262
2011-01-01 19:00:00;3.6081572
2011-01-01 20:00:00;3.7615347
2011-01-01 21:00:00;3.9291053
2011-01-01 22:00:00;4.102583
2011-01-01 23:00:00;4.2374353
2011-01-02 00:00:00;4.34049
2011-01-02 01:00:00;4.417379
2011-01-02 02:00:00;4.4727526
2011-01-02 03:00:00;4.5104456
2011-01-02 04:00:00;4.5336223
2011-01-02 05:00:00;4.544896
2011-01-02 06:00:00;4.546421
2011-01-02 07:00:00;4.5399747
2011-01-02 08:00:00;4.5270233
2011-01-02 09:00:00;4.508778
2011-01-02 10:00:00;4.486234
2011-01-02 11:00:00;4.4602175
2011-01-02 12:00:00;4.431404
2011-01-02 13:00:00;4.400355
2011-01-02 14:00:00;4.3675294
2011-01-02 15:00:00;4.333308
2011-01-02 16:00:00;4.2980046
2011-01-02 17:00:00;4.2618747
2011-01-02 18:00:00;4.2251315
2011-01-02 19:00:00;4.1879487
2011-01-02 20:00:00;4.1504703
2011-01-02 21:00:00;4.1128125
2011-01-02 22:00:00;4.075073
2011-01-02 23:00:00;4.037329
2011-01-03 00:00:00;3.9996471
2011-01-03 01:00:00;3.9620783
2011-01-03 02:00:00;3.9246662
2011-01-03 03:00:00;3.887445
2011-01-03 04:00:00;3.850443
2011-01-03 05:00:00;3.813683
2011-01-03 06:00:00;3.777183
2011-01-03 07:00:00;3.740957
2011-01-03 08:00:00;3.7050166
2011-01-03 09:00:00;3.66937
2011-01-03 10:00:00;3.6340241
2011-01-03 11:00:00;3.598984
2011-01-03 12:00:00;3.564253
2011-01-03 13:00:00;3.5298338
2011-01-03 14:00:00;3.4957268
2011-01-03 15:00:00;3.4619336
2011-01-03 16:00:00;3.4284532
2011-01-03 17:00:00;3.395286
2011-01-03 18:00:00;3.3624303
2011-01-03 19:00:00;3.3298852
2011-01-03 20:00:00;3.2976487
2011-01-03 21:00:00;3.2657194
2011-01-03 22:00:00;3.234095
2011-01-03 23:00:00;3.202773
2011-01-04 00:00:00;3.1717517
2011-01-04 01:00:00;3.1410286
2011-01-04 02:00:00;3.1106012
2011-01-04 03:00:00;3.0804665
2011-01-04 04:00:00;3.050623
2011-01-04 05:00:00;3.021067
2011-01-04 06:00:00;2.9917967
2011-01-04 07:00:00;2.9628093
2011-01-04 08:00:00;2.9341018
2011-01-04 09:00:00;2.9056723
2011-01-04 10:00:00;2.8775177
2011-01-04 11:00:00;2.8496358
2011-01-04 12:00:00;2.8220236
2011-01-04 13:00:00;2.794679
2011-01-04 14:00:00;2.7675989
2011-01-04 15:00:00;2.740781
2011-01-04 16:00:00;2.7142227
2011-01-04 17:00:00;2.687922
2011-01-04 18:00:00;2.6618755
2011-01-04 19:00:00;2.6360817
2011-01-04 20:00:00;2.6105378
2011-01-04 21:00:00;2.5852413
2011-01-04 22:00:00;2.5601897
2011-01-04 23:00:00;2.535381
2011-01-05 00:00:00;2.5108128
2011-01-05 01:00:00;2.4864824
2011-01-05 02:00:00;2.4623883
2011-01-05 03:00:00;2.438527
2011-01-05 04:00:00;2.4148974
2011-01-05 05:00:00;2.3914962
2011-01-05 06:00:00;2.3683224
2011-01-05 07:00:00;2.3453727
2011-01-05 08:00:00;2.3226452
2011-01-05 09:00:00;2.3001385
2011-01-05 10:00:00;2.2778494
2011-01-05 11:00:00;2.2557766
2011-01-05 12:00:00;2.2339177
2011-01-05 13:00:00;2.2122705
2011-01-05 14:00:00;2.190833
2011-01-05 15:00:00;2.1696033
2011-01-05 16:00:00;2.1485796
2011-01-05 17:00:00;2.1277592
2011-01-05 18:00:00;2.1071405
2011-01-05 19:00:00;2.086722
2011-01-05 20:00:00;2.0665011
2011-01-05 21:00:00;2.0464761
2011-01-05 22:00:00;2.0266454
2011-01-05 23:00:00;2.0070066
2011-01-06 00:00:00;1.9875586
2011-01-06 01:00:00;1.9682986
2011-01-06 02:00:00;1.9492253
2011-01-06 03:00:00;1.9303368
2011-01-06 04:00:00;1.9116315
2011-01-06 05:00:00;1.8931072
2011-01-06 06:00:00;1.8747625
2011-01-06 07:00:00;1.8565956
2011-01-06 08:00:00;1.8386048
2011-01-06 09:00:00;1.8209586
2011-01-06 10:00:00;1.8172143
2011-01-06 11:00:00;2.0102434
2011-01-06 12:00:00;2.3917365
2011-01-06 13:00:00;2.8936362
2011-01-06 14:00:00;3.4880052
2011-01-06 15:00:00;4.213971
2011-01-06 16:00:00;5.1736283
2011-01-06 17:00:00;6.359819
2011-01-06 18:00:00;8.023701
2011-01-06 19:00:00;10.159429
2011-01-06 20:00:00;12.512365
2011-01-06 21:00:00;15.05404
2011-01-06 22:00:00;17.785135
2011-01-06 23:00:00;20.4468
2011-01-07 00:00:00;23.007336
2011-01-07 01:00:00;25.50227
2011-01-07 02:00:00;27.978159
2011-01-07 03:00:00;30.449303
2011-01-07 04:00:00;32.914642
2011-01-07 05:00:00;35.42002
2011-01-07 06:00:00;37.99413
2011-01-07 07:00:00;40.714523
2011-01-07 08:00:00;43.425636
2011-01-07 09:00:00;46.107025
2011-01-07 10:00:00;48.72181
2011-01-07 11:00:00;51.307106
2011-01-07 12:00:00;53.878086
2011-01-07 13:00:00;56.400673
2011-01-07 14:00:00;58.855446
2011-01-07 15:00:00;61.286736
2011-01-07 16:00:00;63.84845
2011-01-07 17:00:00;67.259
2011-01-07 18:00:00;71.52978
2011-01-07 19:00:00;75.98699
2011-01-07 20:00:00;80.984886
2011-01-07 21:00:00;85.86191
2011-01-07 22:00:00;90.342285
2011-01-07 23:00:00;94.41742
2011-01-08 00:00:00;98.15228
2011-01-08 01:00:00;101.55436
2011-01-08 02:00:00;104.60803
2011-01-08 03:00:00;107.3511
2011-01-08 04:00:00;109.90197
2011-01-08 05:00:00;112.45584
2011-01-08 06:00:00;115.17931
2011-01-08 07:00:00;117.84645
2011-01-08 08:00:00;120.42281
2011-01-08 09:00:00;123.00634
2011-01-08 10:00:00;125.8315
2011-01-08 11:00:00;128.597
2011-01-08 12:00:00;131.27272
2011-01-08 13:00:00;133.36436
2011-01-08 14:00:00;134.99016
2011-01-08 15:00:00;136.16751
2011-01-08 16:00:00;136.90358
2011-01-08 17:00:00;137.27713
2011-01-08 18:00:00;137.35313
2011-01-08 19:00:00;137.18536
2011-01-08 20:00:00;136.81818
2011-01-08 21:00:00;136.28824
2011-01-08 22:00:00;135.6259
2011-01-08 23:00:00;134.85625
2011-01-09 00:00:00;133.99998
2011-01-09 01:00:00;133.07803
2011-01-09 02:00:00;132.15494
2011-01-09 03:00:00;131.22931
2011-01-09 04:00:00;130.31741
2011-01-09 05:00:00;129.36374
2011-01-09 06:00:00;128.36588
2011-01-09 07:00:00;127.33349
2011-01-09 08:00:00;126.27524
2011-01-09 09:00:00;125.21041
2011-01-09 10:00:00;124.19377
2011-01-09 11:00:00;123.17824
2011-01-09 12:00:00;122.161194
2011-01-09 13:00:00;121.29481
2011-01-09 14:00:00;120.44898
2011-01-09 15:00:00;119.85049
2011-01-09 16:00:00;119.67957
2011-01-09 17:00:00;119.63098
2011-01-09 18:00:00;119.43478
2011-01-09 19:00:00;119.141914
2011-01-09 20:00:00;118.716866
2011-01-09 21:00:00;118.17024
2011-01-09 22:00:00;117.52494
2011-01-09 23:00:00;116.799385
2011-01-10 00:00:00;116.00934
2011-01-10 01:00:00;115.1678
2011-01-10 02:00:00;114.285515
2011-01-10 03:00:00;113.371315
2011-01-10 04:00:00;112.43253
2011-01-10 05:00:00;111.47518
2011-01-10 06:00:00;110.50422
2011-01-10 07:00:00;109.52376
2011-01-10 08:00:00;108.537155
2011-01-10 09:00:00;107.54718
2011-01-10 10:00:00;106.55611
2011-01-10 11:00:00;105.56579
2011-01-10 12:00:00;104.57774
2011-01-10 13:00:00;103.59322
2011-01-10 14:00:00;102.61326
2011-01-10 15:00:00;101.63864
2011-01-10 16:00:00;100.67005
2011-01-10 17:00:00;99.708015
2011-01-10 18:00:00;98.752975
2011-01-10 19:00:00;97.80525
2011-01-10 20:00:00;96.865105
2011-01-10 21:00:00;95.93276
2011-01-10 22:00:00;95.008354
2011-01-10 23:00:00;94.092
2011-01-11 00:00:00;93.18379
2011-01-11 01:00:00;92.28376
2011-01-11 02:00:00;91.39194
2011-01-11 03:00:00;90.50834
2011-01-11 04:00:00;89.63294
2011-01-11 05:00:00;88.76583
2011-01-11 06:00:00;87.910126
2011-01-11 07:00:00;87.09998
2011-01-11 08:00:00;86.31906
2011-01-11 09:00:00;85.54804
2011-01-11 10:00:00;84.78263
2011-01-11 11:00:00;84.0233
2011-01-11 12:00:00;83.26864
2011-01-11 13:00:00;82.514824
2011-01-11 14:00:00;81.76389
2011-01-11 15:00:00;81.01626
2011-01-11 16:00:00;80.27181
2011-01-11 17:00:00;79.52757
2011-01-11 18:00:00;78.785416
2011-01-11 19:00:00;78.04553
2011-01-11 20:00:00;77.31029
2011-01-11 21:00:00;76.60206
2011-01-11 22:00:00;75.937935
2011-01-11 23:00:00;75.311035
2011-01-12 00:00:00;74.7924
2011-01-12 01:00:00;74.2755
2011-01-12 02:00:00;73.78287
2011-01-12 03:00:00;73.25962
2011-01-12 04:00:00;72.71298
2011-01-12 05:00:00;72.19109
2011-01-12 06:00:00;71.68101
2011-01-12 07:00:00;71.182686
2011-01-12 08:00:00;70.65533
2011-01-12 09:00:00;70.10794
2011-01-12 10:00:00;69.54244
2011-01-12 11:00:00;68.96263
2011-01-12 12:00:00;68.37218
2011-01-12 13:00:00;67.774796
2011-01-12 14:00:00;67.172325
2011-01-12 15:00:00;66.56659
2011-01-12 16:00:00;65.96645
2011-01-12 17:00:00;65.42407
2011-01-12 18:00:00;65.091125
2011-01-12 19:00:00;65.15478
2011-01-12 20:00:00;65.46827
2011-01-12 21:00:00;65.8617
2011-01-12 22:00:00;66.29066
2011-01-12 23:00:00;67.0092
2011-01-13 00:00:00;68.00665
2011-01-13 01:00:00;69.15458
2011-01-13 02:00:00;70.605225
2011-01-13 03:00:00;72.53273
2011-01-13 04:00:00;74.833496
2011-01-13 05:00:00;77.19116
2011-01-13 06:00:00;79.14609
2011-01-13 07:00:00;80.89552
2011-01-13 08:00:00;82.51554
2011-01-13 09:00:00;84.080055
2011-01-13 10:00:00;85.72941
2011-01-13 11:00:00;87.48086
2011-01-13 12:00:00;89.358894
2011-01-13 13:00:00;91.539024
2011-01-13 14:00:00;93.77718
2011-01-13 15:00:00;96.1277
2011-01-13 16:00:00;98.3101
2011-01-13 17:00:00;100.25609
2011-01-13 18:00:00;101.92742
2011-01-13 19:00:00;103.35093
2011-01-13 20:00:00;104.47812
2011-01-13 21:00:00;105.282776
2011-01-13 22:00:00;105.81886
2011-01-13 23:00:00;106.16084
2011-01-14 00:00:00;106.34485
2011-01-14 01:00:00;106.39535
2011-01-14 02:00:00;106.35773
2011-01-14 03:00:00;106.239334
2011-01-14 04:00:00;106.02089
2011-01-14 05:00:00;105.77093
2011-01-14 06:00:00;105.63243
2011-01-14 07:00:00;105.4338
2011-01-14 08:00:00;105.10415
2011-01-14 09:00:00;104.672455
2011-01-14 10:00:00;104.14671
2011-01-14 11:00:00;103.54373
2011-01-14 12:00:00;102.87672
2011-01-14 13:00:00;102.15847
2011-01-14 14:00:00;101.39936
2011-01-14 15:00:00;100.607605
2011-01-14 16:00:00;99.79046
2011-01-14 17:00:00;98.953926
2011-01-14 18:00:00;98.10353
2011-01-14 19:00:00;97.24329
2011-01-14 20:00:00;96.37571
2011-01-14 21:00:00;95.50365
2011-01-14 22:00:00;94.63004
2011-01-14 23:00:00;93.755905
2011-01-15 00:00:00;92.882835
2011-01-15 01:00:00;92.014015
2011-01-15 02:00:00;91.18004
2011-01-15 03:00:00;90.46066
2011-01-15 04:00:00;90.08783
2011-01-15 05:00:00;89.812515
2011-01-15 06:00:00;89.4768
2011-01-15 07:00:00;89.18027
2011-01-15 08:00:00;88.848854
2011-01-15 09:00:00;88.44073
2011-01-15 10:00:00;88.04186
2011-01-15 11:00:00;87.57292
2011-01-15 12:00:00;87.04403
2011-01-15 13:00:00;86.46582
2011-01-15 14:00:00;85.84718
2011-01-15 15:00:00;85.1965
2011-01-15 16:00:00;84.52071
2011-01-15 17:00:00;83.82548
2011-01-15 18:00:00;83.11553
2011-01-15 19:00:00;82.39514
2011-01-15 20:00:00;81.66698
2011-01-15 21:00:00;80.93368
2011-01-15 22:00:00;80.19763
2011-01-15 23:00:00;79.463455
2011-01-16 00:00:00;78.72892
2011-01-16 01:00:00;77.995346
2011-01-16 02:00:00;77.26381
2011-01-16 03:00:00;76.53513
2011-01-16 04:00:00;75.81005
2011-01-16 05:00:00;75.08911
2011-01-16 06:00:00;74.37279
2011-01-16 07:00:00;73.66144
2011-01-16 08:00:00;72.95536
2011-01-16 09:00:00;72.25479
2011-01-16 10:00:00;71.5599
2011-01-16 11:00:00;70.870804
2011-01-16 12:00:00;70.18765
2011-01-16 13:00:00;69.5105
2011-01-16 14:00:00;68.83938
2011-01-16 15:00:00;68.17435
2011-01-16 16:00:00;67.515396
2011-01-16 17:00:00;66.86253
2011-01-16 18:00:00;66.21577
2011-01-16 19:00:00;65.57507
2011-01-16 20:00:00;64.940414
2011-01-16 21:00:00;64.31177
2011-01-16 22:00:00;63.689106
2011-01-16 23:00:00;63.072384
2011-01-17 00:00:00;62.461567
2011-01-17 01:00:00;61.856594
2011-01-17 02:00:00;61.257442
2011-01-17 03:00:00;60.664043
2011-01-17 04:00:00;60.076366
2011-01-17 05:00:00;59.494358
2011-01-17 06:00:00;58.917957
2011-01-17 07:00:00;58.347122
2011-01-17 08:00:00;57.781837
2011-01-17 09:00:00;57.222443
2011-01-17 10:00:00;56.66838
2011-01-17 11:00:00;56.119614
2011-01-17 12:00:00;55.576225
2011-01-17 13:00:00;55.039787
2011-01-17 14:00:00;54.508617
2011-01-17 15:00:00;53.982224
2011-01-17 16:00:00;53.460606
2011-01-17 17:00:00;52.94379
2011-01-17 18:00:00;52.431767
2011-01-17 19:00:00;51.924583
2011-01-17 20:00:00;51.422886
2011-01-17 21:00:00;50.92579
2011-01-17 22:00:00;50.4333
2011-01-17 23:00:00;49.94541
2011-01-18 00:00:00;49.462112
2011-01-18 01:00:00;48.983685
2011-01-18 02:00:00;48.51464
2011-01-18 03:00:00;48.061092
2011-01-18 04:00:00;47.609055
2011-01-18 05:00:00;47.159138
2011-01-18 06:00:00;46.713245
2011-01-18 07:00:00;46.269745
2011-01-18 08:00:00;45.828953
2011-01-18 09:00:00;45.39111
2011-01-18 10:00:00;44.956425
2011-01-18 11:00:00;44.52505
2011-01-18 12:00:00;44.097115
2011-01-18 13:00:00;43.672718
2011-01-18 14:00:00;43.251915
2011-01-18 15:00:00;42.834785
2011-01-18 16:00:00;42.42135
2011-01-18 17:00:00;42.012424
2011-01-18 18:00:00;41.618114
2011-01-18 19:00:00;41.232723
2011-01-18 20:00:00;40.853436
2011-01-18 21:00:00;40.553417
2011-01-18 22:00:00;40.325584
2011-01-18 23:00:00;40.074524
2011-01-19 00:00:00;39.802906
2011-01-19 01:00:00;39.5331
2011-01-19 02:00:00;39.273857
2011-01-19 03:00:00;38.997272
2011-01-19 04:00:00;38.71424
2011-01-19 05:00:00;38.446907
2011-01-19 06:00:00;38.169544
2011-01-19 07:00:00;37.88974
2011-01-19 08:00:00;37.605343
2011-01-19 09:00:00;37.310905
2011-01-19 10:00:00;37.030777
2011-01-19 11:00:00;36.770508
2011-01-19 12:00:00;36.4968
2011-01-19 13:00:00;36.21226
2011-01-19 14:00:00;35.927628
2011-01-19 15:00:00;35.714325
2011-01-19 16:00:00;35.53027
2011-01-19 17:00:00;35.324757
2011-01-19 18:00:00;35.168823
2011-01-19 19:00:00;35.05713
2011-01-19 20:00:00;34.906605
2011-01-19 21:00:00;34.72459
2011-01-19 22:00:00;34.518093
2011-01-19 23:00:00;34.304867
2011-01-20 00:00:00;34.101276
2011-01-20 01:00:00;34.128258
2011-01-20 02:00:00;34.76579
2011-01-20 03:00:00;36.04067
2011-01-20 04:00:00;37.02227
2011-01-20 05:00:00;37.762455
2011-01-20 06:00:00;38.304
2011-01-20 07:00:00;38.682213
2011-01-20 08:00:00;38.926224
2011-01-20 09:00:00;39.06009
2011-01-20 10:00:00;39.103638
2011-01-20 11:00:00;39.073296
2011-01-20 12:00:00;38.984787
2011-01-20 13:00:00;38.877693
2011-01-20 14:00:00;38.739586
2011-01-20 15:00:00;38.578415
2011-01-20 16:00:00;38.43454
2011-01-20 17:00:00;38.274662
2011-01-20 18:00:00;38.07931
2011-01-20 19:00:00;37.855286
2011-01-20 20:00:00;37.608185
2011-01-20 21:00:00;37.342625
2011-01-20 22:00:00;37.062424
2011-01-20 23:00:00;36.770718
2011-01-21 00:00:00;36.47009
2011-01-21 01:00:00;36.162674
2011-01-21 02:00:00;35.850227
2011-01-21 03:00:00;35.5342
2011-01-21 04:00:00;35.215767
2011-01-21 05:00:00;34.895912
2011-01-21 06:00:00;34.575424
2011-01-21 07:00:00;34.254967
2011-01-21 08:00:00;33.935078
2011-01-21 09:00:00;33.61619
2011-01-21 10:00:00;33.298653
2011-01-21 11:00:00;32.982765
2011-01-21 12:00:00;32.66876
2011-01-21 13:00:00;32.356815
2011-01-21 14:00:00;32.047092
2011-01-21 15:00:00;31.7397
2011-01-21 16:00:00;31.43474
2011-01-21 17:00:00;31.132284
2011-01-21 18:00:00;30.832382
2011-01-21 19:00:00;30.535078
2011-01-21 20:00:00;30.240398
2011-01-21 21:00:00;29.948362
2011-01-21 22:00:00;29.658981
2011-01-21 23:00:00;29.372263
2011-01-22 00:00:00;29.088202
2011-01-22 01:00:00;28.806795
2011-01-22 02:00:00;28.528036
2011-01-22 03:00:00;28.25191
2011-01-22 04:00:00;27.978401
2011-01-22 05:00:00;27.7075
2011-01-22 06:00:00;27.439186
2011-01-22 07:00:00;27.17344
2011-01-22 08:00:00;26.910246
2011-01-22 09:00:00;26.649578
2011-01-22 10:00:00;26.391422
2011-01-22 11:00:00;26.135752
2011-01-22 12:00:00;25.882544
2011-01-22 13:00:00;25.631784
2011-01-22 14:00:00;25.383444
2011-01-22 15:00:00;25.137506
2011-01-22 16:00:00;24.893942
2011-01-22 17:00:00;24.652739
2011-01-22 18:00:00;24.413862
2011-01-22 19:00:00;24.177303
2011-01-22 20:00:00;23.943031
2011-01-22 21:00:00;23.71103
2011-01-22 22:00:00;23.481268
2011-01-22 23:00:00;23.253736
2011-01-23 00:00:00;23.028406
2011-01-23 01:00:00;22.805262
2011-01-23 02:00:00;22.58428
2011-01-23 03:00:00;22.365433
2011-01-23 04:00:00;22.148712
2011-01-23 05:00:00;21.934088
2011-01-23 06:00:00;21.72154
2011-01-23 07:00:00;21.511057
2011-01-23 08:00:00;21.302614
2011-01-23 09:00:00;21.096186
2011-01-23 10:00:00;20.891758
2011-01-23 11:00:00;20.689312
2011-01-23 12:00:00;20.488827
2011-01-23 13:00:00;20.290287
2011-01-23 14:00:00;20.093668
2011-01-23 15:00:00;19.898956
2011-01-23 16:00:00;19.706131
2011-01-23 17:00:00;19.515173
2011-01-23 18:00:00;19.326069
2011-01-23 19:00:00;19.138794
2011-01-23 20:00:00;18.953335
2011-01-23 21:00:00;18.769672
2011-01-23 22:00:00;18.587791
2011-01-23 23:00:00;18.40767
2011-01-24 00:00:00;18.229298
2011-01-24 01:00:00;18.052649
2011-01-24 02:00:00;17.877718
2011-01-24 03:00:00;17.70457
2011-01-24 04:00:00;17.534489
2011-01-24 05:00:00;17.368658
2011-01-24 06:00:00;17.203901
2011-01-24 07:00:00;17.0426
2011-01-24 08:00:00;16.883327
2011-01-24 09:00:00;16.7278
2011-01-24 10:00:00;16.577963
2011-01-24 11:00:00;16.429102
2011-01-24 12:00:00;16.279629
2011-01-24 13:00:00;16.129904
2011-01-24 14:00:00;15.980232
2011-01-24 15:00:00;15.830853
2011-01-24 16:00:00;15.68197
2011-01-24 17:00:00;15.533943
2011-01-24 18:00:00;15.389842
2011-01-24 19:00:00;15.253224
2011-01-24 20:00:00;15.1157465
2011-01-24 21:00:00;14.977802
2011-01-24 22:00:00;14.83997
2011-01-24 23:00:00;14.706962
2011-01-25 00:00:00;14.593735
2011-01-25 01:00:00;14.491746
2011-01-25 02:00:00;14.41918
2011-01-25 03:00:00;14.339738
2011-01-25 04:00:00;14.2557535
2011-01-25 05:00:00;14.162991
2011-01-25 06:00:00;14.06321
2011-01-25 07:00:00;13.957923
2011-01-25 08:00:00;13.850668
2011-01-25 09:00:00;13.766313
2011-01-25 10:00:00;13.712563
2011-01-25 11:00:00;13.8357725
2011-01-25 12:00:00;14.106907
2011-01-25 13:00:00;14.7544985
2011-01-25 14:00:00;15.648003
2011-01-25 15:00:00;16.499498
2011-01-25 16:00:00;17.371098
2011-01-25 17:00:00;18.176918
2011-01-25 18:00:00;18.934654
2011-01-25 19:00:00;19.53184
2011-01-25 20:00:00;20.006393
2011-01-25 21:00:00;20.392904
2011-01-25 22:00:00;20.682522
2011-01-25 23:00:00;20.88573
2011-01-26 00:00:00;21.037388
2011-01-26 01:00:00;21.16367
2011-01-26 02:00:00;21.280684
2011-01-26 03:00:00;21.410173
2011-01-26 04:00:00;21.569628
2011-01-26 05:00:00;21.75732
2011-01-26 06:00:00;21.90935
2011-01-26 07:00:00;22.011662
2011-01-26 08:00:00;22.058537
2011-01-26 09:00:00;22.065218
2011-01-26 10:00:00;22.034567
2011-01-26 11:00:00;21.982557
2011-01-26 12:00:00;21.910547
2011-01-26 13:00:00;21.820042
2011-01-26 14:00:00;21.709341
2011-01-26 15:00:00;21.582148
2011-01-26 16:00:00;21.441683
2011-01-26 17:00:00;21.290604
2011-01-26 18:00:00;21.131107
2011-01-26 19:00:00;20.964989
2011-01-26 20:00:00;20.793741
2011-01-26 21:00:00;20.618591
2011-01-26 22:00:00;20.44054
2011-01-26 23:00:00;20.260422
2011-01-27 00:00:00;20.078918
2011-01-27 01:00:00;19.89659
2011-01-27 02:00:00;19.713894
2011-01-27 03:00:00;19.531204
2011-01-27 04:00:00;19.348831
2011-01-27 05:00:00;19.167023
2011-01-27 06:00:00;18.985983
2011-01-27 07:00:00;18.80588
2011-01-27 08:00:00;18.626846
2011-01-27 09:00:00;18.44899
2011-01-27 10:00:00;18.272396
2011-01-27 11:00:00;18.097136
2011-01-27 12:00:00;17.923254
2011-01-27 13:00:00;17.750801
2011-01-27 14:00:00;17.579805
2011-01-27 15:00:00;17.41029
2011-01-27 16:00:00;17.242271
2011-01-27 17:00:00;17.07576
2011-01-27 18:00:00;16.910763
2011-01-27 19:00:00;16.74728
2011-01-27 20:00:00;16.585318
2011-01-27 21:00:00;16.424866
2011-01-27 22:00:00;16.265923
2011-01-27 23:00:00;16.108482
2011-01-28 00:00:00;15.952537
2011-01-28 01:00:00;15.798076
2011-01-28 02:00:00;15.645091
2011-01-28 03:00:00;15.493571
2011-01-28 04:00:00;15.343503
2011-01-28 05:00:00;15.19488
2011-01-28 06:00:00;15.047685
2011-01-28 07:00:00;14.901909
2011-01-28 08:00:00;14.757537
2011-01-28 09:00:00;14.614559
2011-01-28 10:00:00;14.472963
2011-01-28 11:00:00;14.332736
2011-01-28 12:00:00;14.193863
2011-01-28 13:00:00;14.056334
2011-01-28 14:00:00;13.920133
2011-01-28 15:00:00;13.785253
2011-01-28 16:00:00;13.651677
2011-01-28 17:00:00;13.519395
2011-01-28 18:00:00;13.388393
2011-01-28 19:00:00;13.258661
2011-01-28 20:00:00;13.130185
2011-01-28 21:00:00;13.002953
2011-01-28 22:00:00;12.876954
2011-01-28 23:00:00;12.752174
2011-01-29 00:00:00;12.628605
2011-01-29 01:00:00;12.506231
2011-01-29 02:00:00;12.385043
2011-01-29 03:00:00;12.265032
2011-01-29 04:00:00;12.146181
2011-01-29 05:00:00;12.028482
2011-01-29 06:00:00;11.911923
2011-01-29 07:00:00;11.796494
2011-01-29 08:00:00;11.682183
2011-01-29 09:00:00;11.568979
2011-01-29 10:00:00;11.456874
2011-01-29 11:00:00;11.345854
2011-01-29 12:00:00;11.23591
2011-01-29 13:00:00;11.127032
2011-01-29 14:00:00;11.019208
2011-01-29 15:00:00;10.912429
2011-01-29 16:00:00;10.806685
2011-01-29 17:00:00;10.701964
2011-01-29 18:00:00;10.59826
2011-01-29 19:00:00;10.495561
2011-01-29 20:00:00;10.393857
2011-01-29 21:00:00;10.293138
2011-01-29 22:00:00;10.193395
2011-01-29 23:00:00;10.094618
2011-01-30 00:00:00;9.996799
2011-01-30 01:00:00;9.899926
2011-01-30 02:00:00;9.803994
2011-01-30 03:00:00;9.708991
2011-01-30 04:00:00;9.614908
2011-01-30 05:00:00;9.521739
2011-01-30 06:00:00;9.42947
2011-01-30 07:00:00;9.338096
2011-01-30 08:00:00;9.247608
2011-01-30 09:00:00;9.157997
2011-01-30 10:00:00;9.069254
2011-01-30 11:00:00;8.98137
2011-01-30 12:00:00;8.894339
2011-01-30 13:00:00;8.808151
2011-01-30 14:00:00;8.722797
2011-01-30 15:00:00;8.638271
2011-01-30 16:00:00;8.554565
2011-01-30 17:00:00;8.471669
2011-01-30 18:00:00;8.389577
2011-01-30 19:00:00;8.308279
2011-01-30 20:00:00;8.227771
2011-01-30 21:00:00;8.148041
2011-01-30 22:00:00;8.069085
2011-01-30 23:00:00;7.9908934
2011-01-31 00:00:00;7.91346
2011-01-31 01:00:00;7.8367763
2011-01-31 02:00:00;7.760836
2011-01-31 03:00:00;7.685632
2011-01-31 04:00:00;7.611156
2011-01-31 05:00:00;7.5374017
2011-01-31 06:00:00;7.4643626
2011-01-31 07:00:00;7.392031
2011-01-31 08:00:00;7.3204007
2011-01-31 09:00:00;7.2494645
2011-01-31 10:00:00;7.179215
2011-01-31 11:00:00;7.1096473
2011-01-31 12:00:00;7.0407534
2011-01-31 13:00:00;6.972527
2011-01-31 14:00:00;6.904962
2011-01-31 15:00:00;6.8380513
2011-01-31 16:00:00;6.771789
2011-01-31 17:00:00;6.706169
2011-01-31 18:00:00;6.6411843
2011-01-31 19:00:00;6.5768294
2011-01-31 20:00:00;6.5130987
2011-01-31 21:00:00;6.4499855
2011-01-31 22:00:00;6.3874836
2011-01-31 23:00:00;6.3255873
2011-02-01 00:00:00;6.2642913
2011-02-01 01:00:00;6.2035885
2011-02-01 02:00:00;6.143474
2011-02-01 03:00:00;6.0839424
2011-02-01 04:00:00;6.0249877
2011-02-01 05:00:00;5.9666038
2011-02-01 06:00:00;5.908786
2011-02-01 07:00:00;5.851528
2011-02-01 08:00:00;5.794825
2011-02-01 09:00:00;5.738672
2011-02-01 10:00:00;5.683063
2011-02-01 11:00:00;5.6279926
2011-02-01 12:00:00;5.573456
2011-02-01 13:00:00;5.5194483
2011-02-01 14:00:00;5.465963
2011-02-01 15:00:00;5.4129963
2011-02-01 16:00:00;5.3605433
2011-02-01 17:00:00;5.308598
2011-02-01 18:00:00;5.257157
2011-02-01 19:00:00;5.206213
2011-02-01 20:00:00;5.1557636
2011-02-01 21:00:00;5.105804
2011-02-01 22:00:00;5.056327
2011-02-01 23:00:00;5.00733
2011-02-02 00:00:00;4.958808
2011-02-02 01:00:00;4.910756
2011-02-02 02:00:00;4.86317
2011-02-02 03:00:00;4.8160443
2011-02-02 04:00:00;4.7693763
2011-02-02 05:00:00;4.72316
2011-02-02 06:00:00;4.6773906
2011-02-02 07:00:00;4.632066
2011-02-02 08:00:00;4.5871806
2011-02-02 09:00:00;4.54273
2011-02-02 10:00:00;4.498709
2011-02-02 11:00:00;4.455116
2011-02-02 12:00:00;4.4119444
2011-02-02 13:00:00;4.369192
2011-02-02 14:00:00;4.3268538
2011-02-02 15:00:00;4.2849255
2011-02-02 16:00:00;4.243404
2011-02-02 17:00:00;4.202284
2011-02-02 18:00:00;4.1615634
2011-02-02 19:00:00;4.121237
2011-02-02 20:00:00;4.0813007
2011-02-02 21:00:00;4.0417523
2011-02-02 22:00:00;4.0025864
2011-02-02 23:00:00;3.9638011
2011-02-03 00:00:00;3.925391
2011-02-03 01:00:00;3.8873532
2011-02-03 02:00:00;3.8496838
2011-02-03 03:00:00;3.8123794
2011-02-03 04:00:00;3.7754362
2011-02-03 05:00:00;3.7388515
2011-02-03 06:00:00;3.702621
2011-02-03 07:00:00;3.666742
2011-02-03 08:00:00;3.6312106
2011-02-03 09:00:00;3.5960233
2011-02-03 10:00:00;3.561177
2011-02-03 11:00:00;3.526668
2011-02-03 12:00:00;3.4924939
2011-02-03 13:00:00;3.4586508
2011-02-03 14:00:00;3.4251356
2011-02-03 15:00:00;3.3919451
2011-02-03 16:00:00;3.3590915
2011-02-03 17:00:00;3.3277721
2011-02-03 18:00:00;3.3133943
2011-02-03 19:00:00;3.302512
2011-02-03 20:00:00;3.288028
2011-02-03 21:00:00;3.2706249
2011-02-03 22:00:00;3.250866
2011-02-03 23:00:00;3.2292144
2011-02-04 00:00:00;3.2060525
2011-02-04 01:00:00;3.1816952
2011-02-04 02:00:00;3.156402
2011-02-04 03:00:00;3.1303883
2011-02-04 04:00:00;3.1039166
2011-02-04 05:00:00;3.0782251
2011-02-04 06:00:00;3.052016
2011-02-04 07:00:00;3.0254319
2011-02-04 08:00:00;2.998793
2011-02-04 09:00:00;2.9747756
2011-02-04 10:00:00;2.9501417
2011-02-04 11:00:00;2.9275608
2011-02-04 12:00:00;2.945225
2011-02-04 13:00:00;3.0725052
2011-02-04 14:00:00;3.3425155
2011-02-04 15:00:00;3.794078
2011-02-04 16:00:00;4.448803
2011-02-04 17:00:00;5.297403
2011-02-04 18:00:00;6.348483
2011-02-04 19:00:00;7.5614285
2011-02-04 20:00:00;9.054185
2011-02-04 21:00:00;10.573036
2011-02-04 22:00:00;11.800986
2011-02-04 23:00:00;12.796933
2011-02-05 00:00:00;13.600232
2011-02-05 01:00:00;14.234277
2011-02-05 02:00:00;14.734546
2011-02-05 03:00:00;15.129668
2011-02-05 04:00:00;15.43079
2011-02-05 05:00:00;15.657275
2011-02-05 06:00:00;15.816521
2011-02-05 07:00:00;15.919967
2011-02-05 08:00:00;15.977623
2011-02-05 09:00:00;15.997746
2011-02-05 10:00:00;15.987153
2011-02-05 11:00:00;15.951467
2011-02-05 12:00:00;15.89549
2011-02-05 13:00:00;15.825249
2011-02-05 14:00:00;15.743621
2011-02-05 15:00:00;15.654714
2011-02-05 16:00:00;15.555566
2011-02-05 17:00:00;15.448215
2011-02-05 18:00:00;15.3344965
2011-02-05 19:00:00;15.217827
2011-02-05 20:00:00;15.096716
2011-02-05 21:00:00;14.972184
2011-02-05 22:00:00;14.845059
2011-02-05 23:00:00;14.716035
2011-02-06 00:00:00;14.585672
2011-02-06 01:00:00;14.45444
2011-02-06 02:00:00;14.322715
2011-02-06 03:00:00;14.190811
2011-02-06 04:00:00;14.058983
2011-02-06 05:00:00;13.927441
2011-02-06 06:00:00;13.796354
2011-02-06 07:00:00;13.665862
2011-02-06 08:00:00;13.536078
2011-02-06 09:00:00;13.4071245
2011-02-06 10:00:00;13.279512
2011-02-06 11:00:00;13.153318
2011-02-06 12:00:00;13.027912
2011-02-06 13:00:00;12.903363
2011-02-06 14:00:00;12.779724
2011-02-06 15:00:00;12.657042
2011-02-06 16:00:00;12.535345
2011-02-06 17:00:00;12.41466
2011-02-06 18:00:00;12.295011
2011-02-06 19:00:00;12.176405
2011-02-06 20:00:00;12.058855
2011-02-06 21:00:00;11.9423685
2011-02-06 22:00:00;11.826944
2011-02-06 23:00:00;11.712587
2011-02-07 00:00:00;11.599296
2011-02-07 01:00:00;11.487066
2011-02-07 02:00:00;11.375893
2011-02-07 03:00:00;11.265773
2011-02-07 04:00:00;11.1567
2011-02-07 05:00:00;11.048668
2011-02-07 06:00:00;10.9416685
2011-02-07 07:00:00;10.835693
2011-02-07 08:00:00;10.730738
2011-02-07 09:00:00;10.626791
2011-02-07 10:00:00;10.523845
2011-02-07 11:00:00;10.421923
2011-02-07 12:00:00;10.321417
2011-02-07 13:00:00;10.221801
2011-02-07 14:00:00;10.123078
2011-02-07 15:00:00;10.025256
2011-02-07 16:00:00;9.928334
2011-02-07 17:00:00;9.832312
2011-02-07 18:00:00;9.737232
2011-02-07 19:00:00;9.643621
2011-02-07 20:00:00;9.550788
2011-02-07 21:00:00;9.458746
2011-02-07 22:00:00;9.367507
2011-02-07 23:00:00;9.27708
2011-02-08 00:00:00;9.187467
2011-02-08 01:00:00;9.098675
2011-02-08 02:00:00;9.010701
2011-02-08 03:00:00;8.923545
2011-02-08 04:00:00;8.837206
2011-02-08 05:00:00;8.751681
2011-02-08 06:00:00;8.666965
2011-02-08 07:00:00;8.583098
2011-02-08 08:00:00;8.503508
2011-02-08 09:00:00;8.47598
2011-02-08 10:00:00;8.518428
2011-02-08 11:00:00;8.538717
2011-02-08 12:00:00;8.540857
2011-02-08 13:00:00;8.52816
2011-02-08 14:00:00;8.503356
2011-02-08 15:00:00;8.468696
2011-02-08 16:00:00;8.426039
2011-02-08 17:00:00;8.376915
2011-02-08 18:00:00;8.322592
2011-02-08 19:00:00;8.264107
2011-02-08 20:00:00;8.202319
2011-02-08 21:00:00;8.137938
2011-02-08 22:00:00;8.071544
2011-02-08 23:00:00;8.003616
2011-02-09 00:00:00;7.9345527
2011-02-09 01:00:00;7.864675
2011-02-09 02:00:00;7.794251
2011-02-09 03:00:00;7.723499
2011-02-09 04:00:00;7.652599
2011-02-09 05:00:00;7.581698
2011-02-09 06:00:00;7.5109158
2011-02-09 07:00:00;7.44035
2011-02-09 08:00:00;7.3700814
2011-02-09 09:00:00;7.3001738
2011-02-09 10:00:00;7.2306805
2011-02-09 11:00:00;7.161644
2011-02-09 12:00:00;7.093167
2011-02-09 13:00:00;7.0261335
2011-02-09 14:00:00;6.959454
2011-02-09 15:00:00;6.893175
2011-02-09 16:00:00;6.8273354
2011-02-09 17:00:00;6.7619667
2011-02-09 18:00:00;6.697094
2011-02-09 19:00:00;6.632736
2011-02-09 20:00:00;6.5689077
2011-02-09 21:00:00;6.5056205
2011-02-09 22:00:00;6.4428825
2011-02-09 23:00:00;6.380699
2011-02-10 00:00:00;6.319075
2011-02-10 01:00:00;6.258012
2011-02-10 02:00:00;6.197511
2011-02-10 03:00:00;6.137572
2011-02-10 04:00:00;6.078192
2011-02-10 05:00:00;6.0193725
2011-02-10 06:00:00;5.961108
2011-02-10 07:00:00;5.903397
2011-02-10 08:00:00;5.846237
2011-02-10 09:00:00;5.7896223
2011-02-10 10:00:00;5.7335496
2011-02-10 11:00:00;5.678015
2011-02-10 12:00:00;5.6230145
2011-02-10 13:00:00;5.568544
2011-02-10 14:00:00;5.514597
2011-02-10 15:00:00;5.4611707
2011-02-10 16:00:00;5.4082603
2011-02-10 17:00:00;5.355861
2011-02-10 18:00:00;5.3040237
2011-02-10 19:00:00;5.253405
2011-02-10 20:00:00;5.203141
2011-02-10 21:00:00;5.1532755
2011-02-10 22:00:00;5.1058197
2011-02-10 23:00:00;5.0969
2011-02-11 00:00:00;5.2844915
2011-02-11 01:00:00;5.8068438
2011-02-11 02:00:00;6.4083643
2011-02-11 03:00:00;7.122
2011-02-11 04:00:00;7.8261847
2011-02-11 05:00:00;8.597958
2011-02-11 06:00:00;9.424077
2011-02-11 07:00:00;10.315815
2011-02-11 08:00:00;11.560742
2011-02-11 09:00:00;12.674639
2011-02-11 10:00:00;13.595087
2011-02-11 11:00:00;14.391497
2011-02-11 12:00:00;15.031552
2011-02-11 13:00:00;15.710607
2011-02-11 14:00:00;16.54109
2011-02-11 15:00:00;17.409725
2011-02-11 16:00:00;18.423695
2011-02-11 17:00:00;19.384829
2011-02-11 18:00:00;20.27138
2011-02-11 19:00:00;21.004967
2011-02-11 20:00:00;21.570705
2011-02-11 21:00:00;21.999493
2011-02-11 22:00:00;22.359362
2011-02-11 23:00:00;22.78212
2011-02-12 00:00:00;23.189598
2011-02-12 01:00:00;23.519371
2011-02-12 02:00:00;23.749323
2011-02-12 03:00:00;23.901926
2011-02-12 04:00:00;24.053333
2011-02-12 05:00:00;24.233334
2011-02-12 06:00:00;24.431114
2011-02-12 07:00:00;24.609444
2011-02-12 08:00:00;24.750948
2011-02-12 09:00:00;24.834848
2011-02-12 10:00:00;24.868868
2011-02-12 11:00:00;24.85467
2011-02-12 12:00:00;24.801653
2011-02-12 13:00:00;24.726944
2011-02-12 14:00:00;24.678593
2011-02-12 15:00:00;24.7853
2011-02-12 16:00:00;25.09077
2011-02-12 17:00:00;25.298141
2011-02-12 18:00:00;25.424953
2011-02-12 19:00:00;25.485693
2011-02-12 20:00:00;25.492407
2011-02-12 21:00:00;25.456318
2011-02-12 22:00:00;25.38437
2011-02-12 23:00:00;25.282658
2011-02-13 00:00:00;25.156782
2011-02-13 01:00:00;25.011358
2011-02-13 02:00:00;24.850233
2011-02-13 03:00:00;24.678986
2011-02-13 04:00:00;24.532572
2011-02-13 05:00:00;24.404688
2011-02-13 06:00:00;24.35877
2011-02-13 07:00:00;24.93702
2011-02-13 08:00:00;26.188585
2011-02-13 09:00:00;27.777866
2011-02-13 10:00:00;29.44848
2011-02-13 11:00:00;30.829054
2011-02-13 12:00:00;31.924303
2011-02-13 13:00:00;32.783497
2011-02-13 14:00:00;33.50533
2011-02-13 15:00:00;34.06173
2011-02-13 16:00:00;34.469055
2011-02-13 17:00:00;34.754078
2011-02-13 18:00:00;34.972286
2011-02-13 19:00:00;35.10142
2011-02-13 20:00:00;35.1566
2011-02-13 21:00:00;35.142376
2011-02-13 22:00:00;35.071426
2011-02-13 23:00:00;34.9542
2011-02-14 00:00:00;34.799324
2011-02-14 01:00:00;34.61393
2011-02-14 02:00:00;34.40389
2011-02-14 03:00:00;34.174038
2011-02-14 04:00:00;33.928375
2011-02-14 05:00:00;33.670204
2011-02-14 06:00:00;33.402233
2011-02-14 07:00:00;33.126705
2011-02-14 08:00:00;32.84546
2011-02-14 09:00:00;32.560013
2011-02-14 10:00:00;32.27166
2011-02-14 11:00:00;31.98503
2011-02-14 12:00:00;31.752611
2011-02-14 13:00:00;31.625944
2011-02-14 14:00:00;31.658411
2011-02-14 15:00:00;31.73031
2011-02-14 16:00:00;31.735582
2011-02-14 17:00:00;31.687067
2011-02-14 18:00:00;31.594383
2011-02-14 19:00:00;31.465977
2011-02-14 20:00:00;31.307838
2011-02-14 21:00:00;31.12566
2011-02-14 22:00:00;30.92413
2011-02-14 23:00:00;30.70711
2011-02-15 00:00:00;30.477798
2011-02-15 01:00:00;30.23881
2011-02-15 02:00:00;29.992321
2011-02-15 03:00:00;29.740114
2011-02-15 04:00:00;29.483654
2011-02-15 05:00:00;29.224152
2011-02-15 06:00:00;28.962595
2011-02-15 07:00:00;28.699802
2011-02-15 08:00:00;28.43645
2011-02-15 09:00:00;28.173075
2011-02-15 10:00:00;27.910225
2011-02-15 11:00:00;27.649471
2011-02-15 12:00:00;27.38955
2011-02-15 13:00:00;27.130754
2011-02-15 14:00:00;26.87331
2011-02-15 15:00:00;26.617414
2011-02-15 16:00:00;26.363207
2011-02-15 17:00:00;26.110819
2011-02-15 18:00:00;25.860422
2011-02-15 19:00:00;25.613163
2011-02-15 20:00:00;25.367725
2011-02-15 21:00:00;25.12442
2011-02-15 22:00:00;24.886168
2011-02-15 23:00:00;24.649319
2011-02-16 00:00:00;24.414015
2011-02-16 01:00:00;24.18037
2011-02-16 02:00:00;23.948479
2011-02-16 03:00:00;23.718412
2011-02-16 04:00:00;23.49024
2011-02-16 05:00:00;23.264318
2011-02-16 06:00:00;23.042423
2011-02-16 07:00:00;22.822819
2011-02-16 08:00:00;22.6047
2011-02-16 09:00:00;22.388168
2011-02-16 10:00:00;22.173292
2011-02-16 11:00:00;21.96014
2011-02-16 12:00:00;21.748755
2011-02-16 13:00:00;21.5392
2011-02-16 14:00:00;21.331911
2011-02-16 15:00:00;21.126377
2011-02-16 16:00:00;20.922634
2011-02-16 17:00:00;20.72074
2011-02-16 18:00:00;20.521235
2011-02-16 19:00:00;20.323439
2011-02-16 20:00:00;20.127377
2011-02-16 21:00:00;19.933062
2011-02-16 22:00:00;19.740503
2011-02-16 23:00:00;19.549706
2011-02-17 00:00:00;19.36067
2011-02-17 01:00:00;19.173397
2011-02-17 02:00:00;18.98788
2011-02-17 03:00:00;18.804113
2011-02-17 04:00:00;18.622087
2011-02-17 05:00:00;18.44179
2011-02-17 06:00:00;18.263214
2011-02-17 07:00:00;18.086344
2011-02-17 08:00:00;17.911173
2011-02-17 09:00:00;17.737682
2011-02-17 10:00:00;17.565947
2011-02-17 11:00:00;17.39702
2011-02-17 12:00:00;17.229507
2011-02-17 13:00:00;17.063475
2011-02-17 14:00:00;16.899565
2011-02-17 15:00:00;16.738268
2011-02-17 16:00:00;16.57919
2011-02-17 17:00:00;16.42405
2011-02-17 18:00:00;16.270733
2011-02-17 19:00:00;16.118906
2011-02-17 20:00:00;15.967531
2011-02-17 21:00:00;15.816784
2011-02-17 22:00:00;15.666803
2011-02-17 23:00:00;15.5177
2011-02-18 00:00:00;15.36957
2011-02-18 01:00:00;15.222484
2011-02-18 02:00:00;15.076502
2011-02-18 03:00:00;14.931667
2011-02-18 04:00:00;14.788015
2011-02-18 05:00:00;14.645574
2011-02-18 06:00:00;14.504364
2011-02-18 07:00:00;14.364398
2011-02-18 08:00:00;14.225686
2011-02-18 09:00:00;14.088235
2011-02-18 10:00:00;13.952046
2011-02-18 11:00:00;13.81712
2011-02-18 12:00:00;13.683453
2011-02-18 13:00:00;13.551043
2011-02-18 14:00:00;13.419881
2011-02-18 15:00:00;13.289967
2011-02-18 16:00:00;13.161287
2011-02-18 17:00:00;13.033838
2011-02-18 18:00:00;12.907693
2011-02-18 19:00:00;12.783853
2011-02-18 20:00:00;12.660996
2011-02-18 21:00:00;12.539152
2011-02-18 22:00:00;12.418341
2011-02-18 23:00:00;12.298577
2011-02-19 00:00:00;12.179877
2011-02-19 01:00:00;12.062243
2011-02-19 02:00:00;11.94568
2011-02-19 03:00:00;11.830189
2011-02-19 04:00:00;11.715772
2011-02-19 05:00:00;11.602425
2011-02-19 06:00:00;11.490147
2011-02-19 07:00:00;11.378929
2011-02-19 08:00:00;11.268766
2011-02-19 09:00:00;11.159654
2011-02-19 10:00:00;11.051581
2011-02-19 11:00:00;10.944547
2011-02-19 12:00:00;10.838538
2011-02-19 13:00:00;10.733549
2011-02-19 14:00:00;10.62957
2011-02-19 15:00:00;10.526596
2011-02-19 16:00:00;10.424721
2011-02-19 17:00:00;10.325275
2011-02-19 18:00:00;10.226519
2011-02-19 19:00:00;10.128492
2011-02-19 20:00:00;10.031231
2011-02-19 21:00:00;9.934757
2011-02-19 22:00:00;9.839088
2011-02-19 23:00:00;9.744243
2011-02-20 00:00:00;9.6502285
2011-02-20 01:00:00;9.557055
2011-02-20 02:00:00;9.464725
2011-02-20 03:00:00;9.37324
2011-02-20 04:00:00;9.282602
2011-02-20 05:00:00;9.192809
2011-02-20 06:00:00;9.103858
2011-02-20 07:00:00;9.015748
2011-02-20 08:00:00;8.928472
2011-02-20 09:00:00;8.842025
2011-02-20 10:00:00;8.756405
2011-02-20 11:00:00;8.671602
2011-02-20 12:00:00;8.587614
2011-02-20 13:00:00;8.504433
2011-02-20 14:00:00;8.4220495
2011-02-20 15:00:00;8.340461
2011-02-20 16:00:00;8.25966
2011-02-20 17:00:00;8.179637
2011-02-20 18:00:00;8.100388
2011-02-20 19:00:00;8.021904
2011-02-20 20:00:00;7.944179
2011-02-20 21:00:00;7.867205
2011-02-20 22:00:00;7.790976
2011-02-20 23:00:00;7.715484
2011-02-21 00:00:00;7.6407237
2011-02-21 01:00:00;7.5666866
2011-02-21 02:00:00;7.493367
2011-02-21 03:00:00;7.420757
2011-02-21 04:00:00;7.3488503
2011-02-21 05:00:00;7.2776394
2011-02-21 06:00:00;7.207119
2011-02-21 07:00:00;7.1372814
2011-02-21 08:00:00;7.0681195
2011-02-21 09:00:00;6.999629
2011-02-21 10:00:00;6.9318013
2011-02-21 11:00:00;6.8646317
2011-02-21 12:00:00;6.798112
2011-02-21 13:00:00;6.7322373
2011-02-21 14:00:00;6.6670003
2011-02-21 15:00:00;6.6023955
2011-02-21 16:00:00;6.538417
2011-02-21 17:00:00;6.475058
2011-02-21 18:00:00;6.412313
2011-02-21 19:00:00;6.350176
2011-02-21 20:00:00;6.288641
2011-02-21 21:00:00;6.2277026
2011-02-21 22:00:00;6.167355
2011-02-21 23:00:00;6.1075916
2011-02-22 00:00:00;6.0484076
2011-02-22 01:00:00;5.9897976
2011-02-22 02:00:00;5.931755
2011-02-22 03:00:00;5.8742747
2011-02-22 04:00:00;5.817352
2011-02-22 05:00:00;5.76098
2011-02-22 06:00:00;5.7051554
2011-02-22 07:00:00;5.649871
2011-02-22 08:00:00;5.595123
2011-02-22 09:00:00;5.540904
2011-02-22 10:00:00;5.487211
2011-02-22 11:00:00;5.434039
2011-02-22 12:00:00;5.3813825
2011-02-22 13:00:00;5.329235
2011-02-22 14:00:00;5.2775936
2011-02-22 15:00:00;5.2264524
2011-02-22 16:00:00;5.175807
2011-02-22 17:00:00;5.125652
2011-02-22 18:00:00;5.075983
2011-02-22 19:00:00;5.026796
2011-02-22 20:00:00;4.978085
2011-02-22 21:00:00;4.9298463
2011-02-22 22:00:00;4.882075
2011-02-22 23:00:00;4.8347664
2011-02-23 00:00:00;4.787916
2011-02-23 01:00:00;4.74152
2011-02-23 02:00:00;4.6955743
2011-02-23 03:00:00;4.6500726
2011-02-23 04:00:00;4.605012
2011-02-23 05:00:00;4.5603886
2011-02-23 06:00:00;4.516197
2011-02-23 07:00:00;4.4724345
2011-02-23 08:00:00;4.4290953
2011-02-23 09:00:00;4.386176
2011-02-23 10:00:00;4.343673
2011-02-23 11:00:00;4.301582
2011-02-23 12:00:00;4.2598987
2011-02-23 13:00:00;4.2186193
2011-02-23 14:00:00;4.17774
2011-02-23 15:00:00;4.1372566
2011-02-23 16:00:00;4.0971656
2011-02-23 17:00:00;4.057463
2011-02-23 18:00:00;4.0181456
2011-02-23 19:00:00;3.9792087
2011-02-23 20:00:00;3.9406488
2011-02-23 21:00:00;3.902463
2011-02-23 22:00:00;3.8646476
2011-02-23 23:00:00;3.827198
2011-02-24 00:00:00;3.7901115
2011-02-24 01:00:00;3.7533844
2011-02-24 02:00:00;3.7170131
2011-02-24 03:00:00;3.6809945
2011-02-24 04:00:00;3.6453247
2011-02-24 05:00:00;3.6100006
2011-02-24 06:00:00;3.5750186
2011-02-24 07:00:00;3.5403757
2011-02-24 08:00:00;3.506069
2011-02-24 09:00:00;3.4720943
2011-02-24 10:00:00;3.4384491
2011-02-24 11:00:00;3.4051297
2011-02-24 12:00:00;3.372133
2011-02-24 13:00:00;3.3394854
2011-02-24 14:00:00;3.3094459
2011-02-24 15:00:00;3.3103178
2011-02-24 16:00:00;3.3054285
2011-02-24 17:00:00;3.295839
2011-02-24 18:00:00;3.2824233
2011-02-24 19:00:00;3.265903
2011-02-24 20:00:00;3.2468734
2011-02-24 21:00:00;3.2258248
2011-02-24 22:00:00;3.2031617
2011-02-24 23:00:00;3.1792166
2011-02-25 00:00:00;3.1542654
2011-02-25 01:00:00;3.1285326
2011-02-25 02:00:00;3.1022055
2011-02-25 03:00:00;3.075437
2011-02-25 04:00:00;3.0483525
2011-02-25 05:00:00;3.0210564
2011-02-25 06:00:00;2.9936328
2011-02-25 07:00:00;2.9661522
2011-02-25 08:00:00;2.9386702
2011-02-25 09:00:00;2.9112349
2011-02-25 10:00:00;2.8838832
2011-02-25 11:00:00;2.8566465
2011-02-25 12:00:00;2.8295503
2011-02-25 13:00:00;2.8026142
2011-02-25 14:00:00;2.775855
2011-02-25 15:00:00;2.7492857
2011-02-25 16:00:00;2.7229161
2011-02-25 17:00:00;2.6967547
2011-02-25 18:00:00;2.6708515
2011-02-25 19:00:00;2.6457455
2011-02-25 20:00:00;2.6207469
2011-02-25 21:00:00;2.595879
2011-02-25 22:00:00;2.5711598
2011-02-25 23:00:00;2.5466044
2011-02-26 00:00:00;2.522224
2011-02-26 01:00:00;2.4980276
2011-02-26 02:00:00;2.4740229
2011-02-26 03:00:00;2.450216
2011-02-26 04:00:00;2.4266105
2011-02-26 05:00:00;2.40321
2011-02-26 06:00:00;2.3800159
2011-02-26 07:00:00;2.3570306
2011-02-26 08:00:00;2.3342545
2011-02-26 09:00:00;2.311688
2011-02-26 10:00:00;2.2893305
2011-02-26 11:00:00;2.2671826
2011-02-26 12:00:00;2.2452765
2011-02-26 13:00:00;2.224076
2011-02-26 14:00:00;2.203863
2011-02-26 15:00:00;2.183612
2011-02-26 16:00:00;2.1633968
2011-02-26 17:00:00;2.1436527
2011-02-26 18:00:00;2.123886
2011-02-26 19:00:00;2.1041362
2011-02-26 20:00:00;2.0844321
2011-02-26 21:00:00;2.064799
2011-02-26 22:00:00;2.0452578
2011-02-26 23:00:00;2.025833
2011-02-27 00:00:00;2.007226
2011-02-27 01:00:00;1.9980559
2011-02-27 02:00:00;1.9871789
2011-02-27 03:00:00;1.9749258
2011-02-27 04:00:00;1.9615681
2011-02-27 05:00:00;1.9473305
2011-02-27 06:00:00;1.9323977
2011-02-27 07:00:00;1.916922
2011-02-27 08:00:00;1.9010286
2011-02-27 09:00:00;1.8848281
2011-02-27 10:00:00;1.8689611
2011-02-27 11:00:00;1.8604949
2011-02-27 12:00:00;1.8514174
2011-02-27 13:00:00;1.8467921
2011-02-27 14:00:00;1.8473035
2011-02-27 15:00:00;1.8454566
2011-02-27 16:00:00;1.8474181
2011-02-27 17:00:00;1.8917961
2011-02-27 18:00:00;1.9787914
2011-02-27 19:00:00;2.0890665
2011-02-27 20:00:00;2.1832187
2011-02-27 21:00:00;2.2564783
2011-02-27 22:00:00;2.3125386
2011-02-27 23:00:00;2.3544462
2011-02-28 00:00:00;2.3847153
2011-02-28 01:00:00;2.4054527
2011-02-28 02:00:00;2.4187715
2011-02-28 03:00:00;2.4255643
2011-02-28 04:00:00;2.4270117
2011-02-28 05:00:00;2.424087
2011-02-28 06:00:00;2.4175944
2011-02-28 07:00:00;2.4081967
2011-02-28 08:00:00;2.3964396
2011-02-28 09:00:00;2.3827746
2011-02-28 10:00:00;2.3676054
2011-02-28 11:00:00;2.3517692
2011-02-28 12:00:00;2.3455043
2011-02-28 13:00:00;2.5051599
2011-02-28 14:00:00;3.0621333
2011-02-28 15:00:00;3.9848928
2011-02-28 16:00:00;4.73306
2011-02-28 17:00:00;5.3365836
2011-02-28 18:00:00;5.8212833
2011-02-28 19:00:00;6.207642
2011-02-28 20:00:00;6.51338
2011-02-28 21:00:00;6.752267
2011-02-28 22:00:00;6.936107
2011-02-28 23:00:00;7.074645
