Time;Simulated_Discharge
2010-11-01 00:00:00;4.1921806
2010-11-01 01:00:00;4.9473486
2010-11-01 02:00:00;5.5444293
2010-11-01 03:00:00;6.013595
2010-11-01 04:00:00;6.3792667
2010-11-01 05:00:00;6.6612186
2010-11-01 06:00:00;6.8754625
2010-11-01 07:00:00;7.0349693
2010-11-01 08:00:00;7.150247
2010-11-01 09:00:00;7.2298098
2010-11-01 10:00:00;7.280555
2010-11-01 11:00:00;7.3080716
2010-11-01 12:00:00;7.31689
2010-11-01 13:00:00;7.3106794
2010-11-01 14:00:00;7.2924123
2010-11-01 15:00:00;7.2644987
2010-11-01 16:00:00;7.228892
2010-11-01 17:00:00;7.187171
2010-11-01 18:00:00;7.140618
2010-11-01 19:00:00;7.090268
2010-11-01 20:00:00;7.0369635
2010-11-01 21:00:00;6.981381
2010-11-01 22:00:00;6.924071
2010-11-01 23:00:00;6.8654785
2010-11-02 00:00:00;6.8059626
2010-11-02 01:00:00;6.7458134
2010-11-02 02:00:00;6.6852646
2010-11-02 03:00:00;6.6245055
2010-11-02 04:00:00;6.563688
2010-11-02 05:00:00;6.502934
2010-11-02 06:00:00;6.442341
2010-11-02 07:00:00;6.3819866
2010-11-02 08:00:00;6.3219347
2010-11-02 09:00:00;6.2622347
2010-11-02 10:00:00;6.202925
2010-11-02 11:00:00;6.144038
2010-11-02 12:00:00;6.0856547
2010-11-02 13:00:00;6.0282364
2010-11-02 14:00:00;5.9713125
2010-11-02 15:00:00;5.9147596
2010-11-02 16:00:00;5.858609
2010-11-02 17:00:00;5.802882
2010-11-02 18:00:00;5.747597
2010-11-02 19:00:00;5.6927676
2010-11-02 20:00:00;5.638404
2010-11-02 21:00:00;5.5845118
2010-11-02 22:00:00;5.5310974
2010-11-02 23:00:00;5.4781623
2010-11-03 00:00:00;5.4257298
2010-11-03 01:00:00;5.3744836
2010-11-03 02:00:00;5.329675
2010-11-03 03:00:00;5.2840157
2010-11-03 04:00:00;5.237768
2010-11-03 05:00:00;5.19122
2010-11-03 06:00:00;5.144421
2010-11-03 07:00:00;5.0975494
2010-11-03 08:00:00;5.050656
2010-11-03 09:00:00;5.0038295
2010-11-03 10:00:00;4.9571424
2010-11-03 11:00:00;4.9106507
2010-11-03 12:00:00;4.8644023
2010-11-03 13:00:00;4.8184447
2010-11-03 14:00:00;4.773199
2010-11-03 15:00:00;4.732049
2010-11-03 16:00:00;4.6945777
2010-11-03 17:00:00;4.659421
2010-11-03 18:00:00;4.623544
2010-11-03 19:00:00;4.586612
2010-11-03 20:00:00;4.5486617
2010-11-03 21:00:00;4.510308
2010-11-03 22:00:00;4.4722395
2010-11-03 23:00:00;4.43355
2010-11-04 00:00:00;4.394431
2010-11-04 01:00:00;4.355039
2010-11-04 02:00:00;4.3155046
2010-11-04 03:00:00;4.2761226
2010-11-04 04:00:00;4.23864
2010-11-04 05:00:00;4.2032747
2010-11-04 06:00:00;4.171504
2010-11-04 07:00:00;4.1437325
2010-11-04 08:00:00;4.121016
2010-11-04 09:00:00;4.101726
2010-11-04 10:00:00;4.081189
2010-11-04 11:00:00;4.0644336
2010-11-04 12:00:00;4.0483804
2010-11-04 13:00:00;4.0281334
2010-11-04 14:00:00;4.0045567
2010-11-04 15:00:00;3.9783523
2010-11-04 16:00:00;3.9501715
2010-11-04 17:00:00;3.921159
2010-11-04 18:00:00;3.8911858
2010-11-04 19:00:00;3.8600848
2010-11-04 20:00:00;3.8283963
2010-11-04 21:00:00;3.7959979
2010-11-04 22:00:00;3.763089
2010-11-04 23:00:00;3.7298295
2010-11-05 00:00:00;3.6963491
2010-11-05 01:00:00;3.6627526
2010-11-05 02:00:00;3.6291237
2010-11-05 03:00:00;3.5955298
2010-11-05 04:00:00;3.5620253
2010-11-05 05:00:00;3.5286539
2010-11-05 06:00:00;3.495449
2010-11-05 07:00:00;3.462439
2010-11-05 08:00:00;3.4296453
2010-11-05 09:00:00;3.3970847
2010-11-05 10:00:00;3.3647704
2010-11-05 11:00:00;3.3327124
2010-11-05 12:00:00;3.300919
2010-11-05 13:00:00;3.2693954
2010-11-05 14:00:00;3.2381458
2010-11-05 15:00:00;3.207173
2010-11-05 16:00:00;3.1764786
2010-11-05 17:00:00;3.1460636
2010-11-05 18:00:00;3.1159298
2010-11-05 19:00:00;3.0861416
2010-11-05 20:00:00;3.0571907
2010-11-05 21:00:00;3.028413
2010-11-05 22:00:00;3.0005255
2010-11-05 23:00:00;2.9791088
2010-11-06 00:00:00;2.9593053
2010-11-06 01:00:00;2.939927
2010-11-06 02:00:00;2.920739
2010-11-06 03:00:00;2.900025
2010-11-06 04:00:00;2.878125
2010-11-06 05:00:00;2.8553443
2010-11-06 06:00:00;2.832146
2010-11-06 07:00:00;2.8084862
2010-11-06 08:00:00;2.7853563
2010-11-06 09:00:00;2.7618258
2010-11-06 10:00:00;2.7389493
2010-11-06 11:00:00;2.718458
2010-11-06 12:00:00;2.7123075
2010-11-06 13:00:00;2.7433383
2010-11-06 14:00:00;2.9117174
2010-11-06 15:00:00;3.1948378
2010-11-06 16:00:00;3.485985
2010-11-06 17:00:00;3.7865167
2010-11-06 18:00:00;4.0706835
2010-11-06 19:00:00;4.313886
2010-11-06 20:00:00;4.5086985
2010-11-06 21:00:00;4.6569233
2010-11-06 22:00:00;4.7674413
2010-11-06 23:00:00;4.847569
2010-11-07 00:00:00;4.905946
2010-11-07 01:00:00;4.9746437
2010-11-07 02:00:00;5.0972877
2010-11-07 03:00:00;5.2770376
2010-11-07 04:00:00;5.4755206
2010-11-07 05:00:00;5.6979437
2010-11-07 06:00:00;5.986994
2010-11-07 07:00:00;6.3247457
2010-11-07 08:00:00;6.6970887
2010-11-07 09:00:00;7.114806
2010-11-07 10:00:00;7.5560427
2010-11-07 11:00:00;7.976107
2010-11-07 12:00:00;8.346937
2010-11-07 13:00:00;8.642327
2010-11-07 14:00:00;8.863857
2010-11-07 15:00:00;9.026352
2010-11-07 16:00:00;9.142709
2010-11-07 17:00:00;9.21954
2010-11-07 18:00:00;9.264496
2010-11-07 19:00:00;9.283917
2010-11-07 20:00:00;9.284158
2010-11-07 21:00:00;9.273133
2010-11-07 22:00:00;9.280232
2010-11-07 23:00:00;9.28505
2010-11-08 00:00:00;9.273331
2010-11-08 01:00:00;9.248386
2010-11-08 02:00:00;9.218442
2010-11-08 03:00:00;9.195498
2010-11-08 04:00:00;9.180839
2010-11-08 05:00:00;9.15315
2010-11-08 06:00:00;9.1143
2010-11-08 07:00:00;9.066648
2010-11-08 08:00:00;9.013742
2010-11-08 09:00:00;8.967238
2010-11-08 10:00:00;8.921413
2010-11-08 11:00:00;8.871667
2010-11-08 12:00:00;8.823734
2010-11-08 13:00:00;8.776471
2010-11-08 14:00:00;8.722592
2010-11-08 15:00:00;8.663794
2010-11-08 16:00:00;8.603464
2010-11-08 17:00:00;8.539608
2010-11-08 18:00:00;8.472827
2010-11-08 19:00:00;8.403818
2010-11-08 20:00:00;8.333145
2010-11-08 21:00:00;8.261264
2010-11-08 22:00:00;8.188544
2010-11-08 23:00:00;8.115282
2010-11-09 00:00:00;8.041717
2010-11-09 01:00:00;7.968044
2010-11-09 02:00:00;7.8944163
2010-11-09 03:00:00;7.82096
2010-11-09 04:00:00;7.7477746
2010-11-09 05:00:00;7.674939
2010-11-09 06:00:00;7.602519
2010-11-09 07:00:00;7.5306783
2010-11-09 08:00:00;7.460302
2010-11-09 09:00:00;7.3902445
2010-11-09 10:00:00;7.320585
2010-11-09 11:00:00;7.251864
2010-11-09 12:00:00;7.188054
2010-11-09 13:00:00;7.125844
2010-11-09 14:00:00;7.0634785
2010-11-09 15:00:00;7.000574
2010-11-09 16:00:00;6.93735
2010-11-09 17:00:00;6.873986
2010-11-09 18:00:00;6.810622
2010-11-09 19:00:00;6.7473755
2010-11-09 20:00:00;6.684337
2010-11-09 21:00:00;6.6215806
2010-11-09 22:00:00;6.559164
2010-11-09 23:00:00;6.497135
2010-11-10 00:00:00;6.4355288
2010-11-10 01:00:00;6.3743734
2010-11-10 02:00:00;6.313692
2010-11-10 03:00:00;6.253505
2010-11-10 04:00:00;6.1940007
2010-11-10 05:00:00;6.138794
2010-11-10 06:00:00;6.109636
2010-11-10 07:00:00;6.080401
2010-11-10 08:00:00;6.0458803
2010-11-10 09:00:00;6.0071793
2010-11-10 10:00:00;5.965193
2010-11-10 11:00:00;5.920679
2010-11-10 12:00:00;5.8753695
2010-11-10 13:00:00;5.838686
2010-11-10 14:00:00;5.8006215
2010-11-10 15:00:00;5.7668943
2010-11-10 16:00:00;5.8015013
2010-11-10 17:00:00;5.9187226
2010-11-10 18:00:00;6.002157
2010-11-10 19:00:00;6.0615263
2010-11-10 20:00:00;6.133635
2010-11-10 21:00:00;6.2624507
2010-11-10 22:00:00;6.3588543
2010-11-10 23:00:00;6.4352136
2010-11-11 00:00:00;6.516733
2010-11-11 01:00:00;6.5923467
2010-11-11 02:00:00;6.6929336
2010-11-11 03:00:00;6.7634144
2010-11-11 04:00:00;6.8077846
2010-11-11 05:00:00;6.8310394
2010-11-11 06:00:00;6.8372993
2010-11-11 07:00:00;6.8299146
2010-11-11 08:00:00;6.8119664
2010-11-11 09:00:00;6.78912
2010-11-11 10:00:00;6.765378
2010-11-11 11:00:00;6.734697
2010-11-11 12:00:00;6.6978283
2010-11-11 13:00:00;6.6560583
2010-11-11 14:00:00;6.6104307
2010-11-11 15:00:00;6.5617857
2010-11-11 16:00:00;6.51081
2010-11-11 17:00:00;6.4580526
2010-11-11 18:00:00;6.403961
2010-11-11 19:00:00;6.349364
2010-11-11 20:00:00;6.3109207
2010-11-11 21:00:00;6.4368787
2010-11-11 22:00:00;6.797346
2010-11-11 23:00:00;7.2201805
2010-11-12 00:00:00;7.5742817
2010-11-12 01:00:00;7.903605
2010-11-12 02:00:00;8.314056
2010-11-12 03:00:00;9.077673
2010-11-12 04:00:00;9.95282
2010-11-12 05:00:00;10.652812
2010-11-12 06:00:00;11.195502
2010-11-12 07:00:00;11.611847
2010-11-12 08:00:00;11.932958
2010-11-12 09:00:00;12.16917
2010-11-12 10:00:00;12.336788
2010-11-12 11:00:00;12.449024
2010-11-12 12:00:00;12.516594
2010-11-12 13:00:00;12.548654
2010-11-12 14:00:00;12.557801
2010-11-12 15:00:00;12.564996
2010-11-12 16:00:00;12.562026
2010-11-12 17:00:00;12.566705
2010-11-12 18:00:00;12.554115
2010-11-12 19:00:00;12.523753
2010-11-12 20:00:00;12.4969
2010-11-12 21:00:00;12.5166025
2010-11-12 22:00:00;12.723218
2010-11-12 23:00:00;13.230198
2010-11-13 00:00:00;14.427256
2010-11-13 01:00:00;15.625819
2010-11-13 02:00:00;16.57514
2010-11-13 03:00:00;17.405708
2010-11-13 04:00:00;18.246449
2010-11-13 05:00:00;19.08973
2010-11-13 06:00:00;19.855875
2010-11-13 07:00:00;20.466644
2010-11-13 08:00:00;20.932314
2010-11-13 09:00:00;21.272917
2010-11-13 10:00:00;21.534792
2010-11-13 11:00:00;21.717972
2010-11-13 12:00:00;21.832987
2010-11-13 13:00:00;21.90585
2010-11-13 14:00:00;21.949753
2010-11-13 15:00:00;21.970943
2010-11-13 16:00:00;21.951487
2010-11-13 17:00:00;21.899527
2010-11-13 18:00:00;21.820715
2010-11-13 19:00:00;21.721252
2010-11-13 20:00:00;21.616259
2010-11-13 21:00:00;21.494526
2010-11-13 22:00:00;21.357805
2010-11-13 23:00:00;21.209288
2010-11-14 00:00:00;21.051558
2010-11-14 01:00:00;20.886707
2010-11-14 02:00:00;20.716438
2010-11-14 03:00:00;20.542116
2010-11-14 04:00:00;20.364853
2010-11-14 05:00:00;20.185549
2010-11-14 06:00:00;20.004927
2010-11-14 07:00:00;19.823572
2010-11-14 08:00:00;19.641962
2010-11-14 09:00:00;19.460468
2010-11-14 10:00:00;19.279396
2010-11-14 11:00:00;19.098999
2010-11-14 12:00:00;18.91946
2010-11-14 13:00:00;18.740944
2010-11-14 14:00:00;18.563572
2010-11-14 15:00:00;18.387438
2010-11-14 16:00:00;18.212614
2010-11-14 17:00:00;18.039165
2010-11-14 18:00:00;17.867136
2010-11-14 19:00:00;17.696554
2010-11-14 20:00:00;17.527447
2010-11-14 21:00:00;17.359827
2010-11-14 22:00:00;17.19371
2010-11-14 23:00:00;17.029104
2010-11-15 00:00:00;16.866003
2010-11-15 01:00:00;16.70441
2010-11-15 02:00:00;16.544323
2010-11-15 03:00:00;16.38574
2010-11-15 04:00:00;16.228886
2010-11-15 05:00:00;16.076042
2010-11-15 06:00:00;15.930923
2010-11-15 07:00:00;15.799104
2010-11-15 08:00:00;15.685337
2010-11-15 09:00:00;15.607005
2010-11-15 10:00:00;15.558579
2010-11-15 11:00:00;15.5189295
2010-11-15 12:00:00;15.533139
2010-11-15 13:00:00;15.714815
2010-11-15 14:00:00;16.130661
2010-11-15 15:00:00;16.44674
2010-11-15 16:00:00;16.677029
2010-11-15 17:00:00;16.90592
2010-11-15 18:00:00;17.33082
2010-11-15 19:00:00;18.098063
2010-11-15 20:00:00;19.158043
2010-11-15 21:00:00;20.315086
2010-11-15 22:00:00;21.486237
2010-11-15 23:00:00;22.627882
2010-11-16 00:00:00;23.781555
2010-11-16 01:00:00;24.927267
2010-11-16 02:00:00;25.924835
2010-11-16 03:00:00;26.692846
2010-11-16 04:00:00;27.292164
2010-11-16 05:00:00;27.823849
2010-11-16 06:00:00;28.317478
2010-11-16 07:00:00;28.774353
2010-11-16 08:00:00;29.208776
2010-11-16 09:00:00;29.625137
2010-11-16 10:00:00;29.981955
2010-11-16 11:00:00;30.317873
2010-11-16 12:00:00;30.668608
2010-11-16 13:00:00;30.97349
2010-11-16 14:00:00;31.33919
2010-11-16 15:00:00;31.739763
2010-11-16 16:00:00;32.097046
2010-11-16 17:00:00;32.338966
2010-11-16 18:00:00;32.47603
2010-11-16 19:00:00;32.52942
2010-11-16 20:00:00;32.516644
2010-11-16 21:00:00;32.44843
2010-11-16 22:00:00;32.335037
2010-11-16 23:00:00;32.185528
2010-11-17 00:00:00;32.007233
2010-11-17 01:00:00;31.806112
2010-11-17 02:00:00;31.586994
2010-11-17 03:00:00;31.3538
2010-11-17 04:00:00;31.109701
2010-11-17 05:00:00;30.857277
2010-11-17 06:00:00;30.598608
2010-11-17 07:00:00;30.335382
2010-11-17 08:00:00;30.068977
2010-11-17 09:00:00;29.800482
2010-11-17 10:00:00;29.530798
2010-11-17 11:00:00;29.260643
2010-11-17 12:00:00;28.990595
2010-11-17 13:00:00;28.72112
2010-11-17 14:00:00;28.452597
2010-11-17 15:00:00;28.185318
2010-11-17 16:00:00;27.919523
2010-11-17 17:00:00;27.655403
2010-11-17 18:00:00;27.393106
2010-11-17 19:00:00;27.132744
2010-11-17 20:00:00;26.874416
2010-11-17 21:00:00;26.618189
2010-11-17 22:00:00;26.364105
2010-11-17 23:00:00;26.112211
2010-11-18 00:00:00;25.86253
2010-11-18 01:00:00;25.615076
2010-11-18 02:00:00;25.369865
2010-11-18 03:00:00;25.126991
2010-11-18 04:00:00;24.887402
2010-11-18 05:00:00;24.653679
2010-11-18 06:00:00;24.425665
2010-11-18 07:00:00;24.203428
2010-11-18 08:00:00;23.98233
2010-11-18 09:00:00;23.761257
2010-11-18 10:00:00;23.540724
2010-11-18 11:00:00;23.324083
2010-11-18 12:00:00;23.138638
2010-11-18 13:00:00;23.046247
2010-11-18 14:00:00;23.119799
2010-11-18 15:00:00;23.30535
2010-11-18 16:00:00;23.449972
2010-11-18 17:00:00;23.541124
2010-11-18 18:00:00;23.572647
2010-11-18 19:00:00;23.562555
2010-11-18 20:00:00;23.51184
2010-11-18 21:00:00;23.42856
2010-11-18 22:00:00;23.31926
2010-11-18 23:00:00;23.189241
2010-11-19 00:00:00;23.042803
2010-11-19 01:00:00;22.883436
2010-11-19 02:00:00;22.713963
2010-11-19 03:00:00;22.536674
2010-11-19 04:00:00;22.353422
2010-11-19 05:00:00;22.16571
2010-11-19 06:00:00;21.974752
2010-11-19 07:00:00;21.78153
2010-11-19 08:00:00;21.586834
2010-11-19 09:00:00;21.391315
2010-11-19 10:00:00;21.195475
2010-11-19 11:00:00;20.999743
2010-11-19 12:00:00;20.804445
2010-11-19 13:00:00;20.609852
2010-11-19 14:00:00;20.416178
2010-11-19 15:00:00;20.223587
2010-11-19 16:00:00;20.032223
2010-11-19 17:00:00;19.842192
2010-11-19 18:00:00;19.653795
2010-11-19 19:00:00;19.46964
2010-11-19 20:00:00;19.29642
2010-11-19 21:00:00;19.12244
2010-11-19 22:00:00;18.949276
2010-11-19 23:00:00;18.77583
2010-11-20 00:00:00;18.602463
2010-11-20 01:00:00;18.429476
2010-11-20 02:00:00;18.25711
2010-11-20 03:00:00;18.085558
2010-11-20 04:00:00;17.91504
2010-11-20 05:00:00;17.746264
2010-11-20 06:00:00;17.57903
2010-11-20 07:00:00;17.413383
2010-11-20 08:00:00;17.248758
2010-11-20 09:00:00;17.085245
2010-11-20 10:00:00;16.922922
2010-11-20 11:00:00;16.761854
2010-11-20 12:00:00;16.602081
2010-11-20 13:00:00;16.443642
2010-11-20 14:00:00;16.286556
2010-11-20 15:00:00;16.130848
2010-11-20 16:00:00;15.976526
2010-11-20 17:00:00;15.823598
2010-11-20 18:00:00;15.672067
2010-11-20 19:00:00;15.521932
2010-11-20 20:00:00;15.373191
2010-11-20 21:00:00;15.22584
2010-11-20 22:00:00;15.079872
2010-11-20 23:00:00;14.93528
2010-11-21 00:00:00;14.792055
2010-11-21 01:00:00;14.6501875
2010-11-21 02:00:00;14.509668
2010-11-21 03:00:00;14.370486
2010-11-21 04:00:00;14.232631
2010-11-21 05:00:00;14.096091
2010-11-21 06:00:00;13.960856
2010-11-21 07:00:00;13.826915
2010-11-21 08:00:00;13.694255
2010-11-21 09:00:00;13.562864
2010-11-21 10:00:00;13.432732
2010-11-21 11:00:00;13.303845
2010-11-21 12:00:00;13.176195
2010-11-21 13:00:00;13.049768
2010-11-21 14:00:00;12.924555
2010-11-21 15:00:00;12.80054
2010-11-21 16:00:00;12.677716
2010-11-21 17:00:00;12.556069
2010-11-21 18:00:00;12.43559
2010-11-21 19:00:00;12.316263
2010-11-21 20:00:00;12.198085
2010-11-21 21:00:00;12.081038
2010-11-21 22:00:00;11.9651165
2010-11-21 23:00:00;11.8503065
2010-11-22 00:00:00;11.736595
2010-11-22 01:00:00;11.623976
2010-11-22 02:00:00;11.512438
2010-11-22 03:00:00;11.40197
2010-11-22 04:00:00;11.292562
2010-11-22 05:00:00;11.184204
2010-11-22 06:00:00;11.076888
2010-11-22 07:00:00;10.970734
2010-11-22 08:00:00;10.869027
2010-11-22 09:00:00;10.805075
2010-11-22 10:00:00;10.901166
2010-11-22 11:00:00;11.287558
2010-11-22 12:00:00;11.838127
2010-11-22 13:00:00;12.460223
2010-11-22 14:00:00;13.1500225
2010-11-22 15:00:00;13.828328
2010-11-22 16:00:00;14.545643
2010-11-22 17:00:00;15.3111725
2010-11-22 18:00:00;16.052229
2010-11-22 19:00:00;16.681791
2010-11-22 20:00:00;17.193281
2010-11-22 21:00:00;17.620363
2010-11-22 22:00:00;17.9906
2010-11-22 23:00:00;18.347607
2010-11-23 00:00:00;18.65567
2010-11-23 01:00:00;18.913544
2010-11-23 02:00:00;19.148533
2010-11-23 03:00:00;19.373188
2010-11-23 04:00:00;19.590374
2010-11-23 05:00:00;19.793674
2010-11-23 06:00:00;19.958075
2010-11-23 07:00:00;20.080034
2010-11-23 08:00:00;20.141727
2010-11-23 09:00:00;20.15557
2010-11-23 10:00:00;20.134453
2010-11-23 11:00:00;20.086714
2010-11-23 12:00:00;20.02116
2010-11-23 13:00:00;19.940672
2010-11-23 14:00:00;19.841223
2010-11-23 15:00:00;19.72755
2010-11-23 16:00:00;19.603195
2010-11-23 17:00:00;19.471445
2010-11-23 18:00:00;19.36019
2010-11-23 19:00:00;19.246496
2010-11-23 20:00:00;19.12553
2010-11-23 21:00:00;19.000065
2010-11-23 22:00:00;18.878654
2010-11-23 23:00:00;18.784338
2010-11-24 00:00:00;18.751064
2010-11-24 01:00:00;18.82295
2010-11-24 02:00:00;18.99676
2010-11-24 03:00:00;19.267702
2010-11-24 04:00:00;19.614662
2010-11-24 05:00:00;19.99486
2010-11-24 06:00:00;20.39548
2010-11-24 07:00:00;20.765646
2010-11-24 08:00:00;21.072086
2010-11-24 09:00:00;21.32805
2010-11-24 10:00:00;21.511866
2010-11-24 11:00:00;21.62273
2010-11-24 12:00:00;21.679249
2010-11-24 13:00:00;21.717377
2010-11-24 14:00:00;21.760183
2010-11-24 15:00:00;21.915386
2010-11-24 16:00:00;22.052143
2010-11-24 17:00:00;22.211596
2010-11-24 18:00:00;22.423674
2010-11-24 19:00:00;22.701399
2010-11-24 20:00:00;22.937014
2010-11-24 21:00:00;23.089582
2010-11-24 22:00:00;23.176949
2010-11-24 23:00:00;23.244473
2010-11-25 00:00:00;23.275663
2010-11-25 01:00:00;23.25864
2010-11-25 02:00:00;23.202892
2010-11-25 03:00:00;23.116127
2010-11-25 04:00:00;23.004587
2010-11-25 05:00:00;22.873335
2010-11-25 06:00:00;22.726484
2010-11-25 07:00:00;22.567657
2010-11-25 08:00:00;22.406738
2010-11-25 09:00:00;22.297897
2010-11-25 10:00:00;22.226645
2010-11-25 11:00:00;22.138882
2010-11-25 12:00:00;22.029297
2010-11-25 13:00:00;21.914318
2010-11-25 14:00:00;21.835402
2010-11-25 15:00:00;21.76988
2010-11-25 16:00:00;21.719994
2010-11-25 17:00:00;21.774426
2010-11-25 18:00:00;21.956537
2010-11-25 19:00:00;22.234797
2010-11-25 20:00:00;22.614225
2010-11-25 21:00:00;23.06458
2010-11-25 22:00:00;23.481459
2010-11-25 23:00:00;23.882158
2010-11-26 00:00:00;24.242598
2010-11-26 01:00:00;24.601542
2010-11-26 02:00:00;24.975105
2010-11-26 03:00:00;25.333614
2010-11-26 04:00:00;25.626003
2010-11-26 05:00:00;25.814684
2010-11-26 06:00:00;25.919683
2010-11-26 07:00:00;25.957243
2010-11-26 08:00:00;25.940521
2010-11-26 09:00:00;25.880203
2010-11-26 10:00:00;25.784945
2010-11-26 11:00:00;25.661789
2010-11-26 12:00:00;25.516993
2010-11-26 13:00:00;25.360422
2010-11-26 14:00:00;25.201721
2010-11-26 15:00:00;25.049147
2010-11-26 16:00:00;24.890848
2010-11-26 17:00:00;24.718613
2010-11-26 18:00:00;24.535484
2010-11-26 19:00:00;24.343931
2010-11-26 20:00:00;24.14595
2010-11-26 21:00:00;23.943161
2010-11-26 22:00:00;23.736874
2010-11-26 23:00:00;23.528145
2010-11-27 00:00:00;23.317831
2010-11-27 01:00:00;23.106625
2010-11-27 02:00:00;22.895084
2010-11-27 03:00:00;22.683653
2010-11-27 04:00:00;22.472694
2010-11-27 05:00:00;22.262497
2010-11-27 06:00:00;22.053291
2010-11-27 07:00:00;21.845263
2010-11-27 08:00:00;21.638554
2010-11-27 09:00:00;21.43328
2010-11-27 10:00:00;21.229528
2010-11-27 11:00:00;21.027376
2010-11-27 12:00:00;20.826866
2010-11-27 13:00:00;20.628042
2010-11-27 14:00:00;20.430937
2010-11-27 15:00:00;20.235563
2010-11-27 16:00:00;20.041939
2010-11-27 17:00:00;19.850069
2010-11-27 18:00:00;19.659958
2010-11-27 19:00:00;19.471603
2010-11-27 20:00:00;19.285
2010-11-27 21:00:00;19.10014
2010-11-27 22:00:00;18.917019
2010-11-27 23:00:00;18.735628
2010-11-28 00:00:00;18.555952
2010-11-28 01:00:00;18.377981
2010-11-28 02:00:00;18.201702
2010-11-28 03:00:00;18.0271
2010-11-28 04:00:00;17.854164
2010-11-28 05:00:00;17.682882
2010-11-28 06:00:00;17.513233
2010-11-28 07:00:00;17.345207
2010-11-28 08:00:00;17.178793
2010-11-28 09:00:00;17.013966
2010-11-28 10:00:00;16.850723
2010-11-28 11:00:00;16.689041
2010-11-28 12:00:00;16.528908
2010-11-28 13:00:00;16.370312
2010-11-28 14:00:00;16.213236
2010-11-28 15:00:00;16.057667
2010-11-28 16:00:00;15.903587
2010-11-28 17:00:00;15.750986
2010-11-28 18:00:00;15.599849
2010-11-28 19:00:00;15.450164
2010-11-28 20:00:00;15.301913
2010-11-28 21:00:00;15.155083
2010-11-28 22:00:00;15.009663
2010-11-28 23:00:00;14.865639
2010-11-29 00:00:00;14.722996
2010-11-29 01:00:00;14.581721
2010-11-29 02:00:00;14.441803
2010-11-29 03:00:00;14.303225
2010-11-29 04:00:00;14.165977
2010-11-29 05:00:00;14.030047
2010-11-29 06:00:00;13.895421
2010-11-29 07:00:00;13.762088
2010-11-29 08:00:00;13.630033
2010-11-29 09:00:00;13.499245
2010-11-29 10:00:00;13.369713
2010-11-29 11:00:00;13.241424
2010-11-29 12:00:00;13.114364
2010-11-29 13:00:00;12.988524
2010-11-29 14:00:00;12.863894
2010-11-29 15:00:00;12.7404585
2010-11-29 16:00:00;12.618207
2010-11-29 17:00:00;12.497129
2010-11-29 18:00:00;12.377213
2010-11-29 19:00:00;12.258447
2010-11-29 20:00:00;12.14082
2010-11-29 21:00:00;12.0243225
2010-11-29 22:00:00;11.908942
2010-11-29 23:00:00;11.794669
2010-11-30 00:00:00;11.681493
2010-11-30 01:00:00;11.569403
2010-11-30 02:00:00;11.458388
2010-11-30 03:00:00;11.348438
2010-11-30 04:00:00;11.239545
2010-11-30 05:00:00;11.131696
2010-11-30 06:00:00;11.02488
2010-11-30 07:00:00;10.919091
2010-11-30 08:00:00;10.814318
2010-11-30 09:00:00;10.710547
2010-11-30 10:00:00;10.607775
2010-11-30 11:00:00;10.505988
2010-11-30 12:00:00;10.405177
2010-11-30 13:00:00;10.305333
2010-11-30 14:00:00;10.206449
2010-11-30 15:00:00;10.108513
2010-11-30 16:00:00;10.011517
2010-11-30 17:00:00;9.915449
2010-11-30 18:00:00;9.820305
2010-11-30 19:00:00;9.726075
2010-11-30 20:00:00;9.632747
2010-11-30 21:00:00;9.540316
2010-11-30 22:00:00;9.448771
2010-11-30 23:00:00;9.358105
2010-12-01 00:00:00;9.268309
2010-12-01 01:00:00;9.179375
2010-12-01 02:00:00;9.091294
2010-12-01 03:00:00;9.004058
2010-12-01 04:00:00;8.917659
2010-12-01 05:00:00;8.832089
2010-12-01 06:00:00;8.747341
2010-12-01 07:00:00;8.663405
2010-12-01 08:00:00;8.580276
2010-12-01 09:00:00;8.497944
2010-12-01 10:00:00;8.416401
2010-12-01 11:00:00;8.335641
2010-12-01 12:00:00;8.255655
2010-12-01 13:00:00;8.176439
2010-12-01 14:00:00;8.097981
2010-12-01 15:00:00;8.020277
2010-12-01 16:00:00;7.9433184
2010-12-01 17:00:00;7.867098
2010-12-01 18:00:00;7.791609
2010-12-01 19:00:00;7.716844
2010-12-01 20:00:00;7.6427975
2010-12-01 21:00:00;7.569461
2010-12-01 22:00:00;7.496828
2010-12-01 23:00:00;7.4248924
2010-12-02 00:00:00;7.3536468
2010-12-02 01:00:00;7.283085
2010-12-02 02:00:00;7.2131996
2010-12-02 03:00:00;7.1439853
2010-12-02 04:00:00;7.075435
2010-12-02 05:00:00;7.0075426
2010-12-02 06:00:00;6.9403024
2010-12-02 07:00:00;6.8737054
2010-12-02 08:00:00;6.8077483
2010-12-02 09:00:00;6.7424245
2010-12-02 10:00:00;6.677727
2010-12-02 11:00:00;6.613651
2010-12-02 12:00:00;6.550189
2010-12-02 13:00:00;6.4873366
2010-12-02 14:00:00;6.425087
2010-12-02 15:00:00;6.3634353
2010-12-02 16:00:00;6.302374
2010-12-02 17:00:00;6.2419004
2010-12-02 18:00:00;6.182006
2010-12-02 19:00:00;6.1226854
2010-12-02 20:00:00;6.0639353
2010-12-02 21:00:00;6.0057483
2010-12-02 22:00:00;5.9481196
2010-12-02 23:00:00;5.8910446
2010-12-03 00:00:00;5.834517
2010-12-03 01:00:00;5.7785316
2010-12-03 02:00:00;5.723084
2010-12-03 03:00:00;5.668168
2010-12-03 04:00:00;5.6137795
2010-12-03 05:00:00;5.5599117
2010-12-03 06:00:00;5.5065618
2010-12-03 07:00:00;5.453723
2010-12-03 08:00:00;5.4013915
2010-12-03 09:00:00;5.349562
2010-12-03 10:00:00;5.2982306
2010-12-03 11:00:00;5.2473917
2010-12-03 12:00:00;5.19704
2010-12-03 13:00:00;5.1471715
2010-12-03 14:00:00;5.097782
2010-12-03 15:00:00;5.048866
2010-12-03 16:00:00;5.000419
2010-12-03 17:00:00;4.9524374
2010-12-03 18:00:00;4.9049163
2010-12-03 19:00:00;4.857851
2010-12-03 20:00:00;4.8112373
2010-12-03 21:00:00;4.7650704
2010-12-03 22:00:00;4.7193475
2010-12-03 23:00:00;4.6740623
2010-12-04 00:00:00;4.6292124
2010-12-04 01:00:00;4.5847926
2010-12-04 02:00:00;4.540799
2010-12-04 03:00:00;4.4972277
2010-12-04 04:00:00;4.454075
2010-12-04 05:00:00;4.4113355
2010-12-04 06:00:00;4.369006
2010-12-04 07:00:00;4.327083
2010-12-04 08:00:00;4.2855625
2010-12-04 09:00:00;4.2444406
2010-12-04 10:00:00;4.203713
2010-12-04 11:00:00;4.163376
2010-12-04 12:00:00;4.1234255
2010-12-04 13:00:00;4.083859
2010-12-04 14:00:00;4.0446725
2010-12-04 15:00:00;4.0058618
2010-12-04 16:00:00;3.9674234
2010-12-04 17:00:00;3.9293537
2010-12-04 18:00:00;3.8916492
2010-12-04 19:00:00;3.854307
2010-12-04 20:00:00;3.8173232
2010-12-04 21:00:00;3.7806938
2010-12-04 22:00:00;3.744416
2010-12-04 23:00:00;3.7084866
2010-12-05 00:00:00;3.6729016
2010-12-05 01:00:00;3.637658
2010-12-05 02:00:00;3.602753
2010-12-05 03:00:00;3.5681825
2010-12-05 04:00:00;3.533944
2010-12-05 05:00:00;3.5000339
2010-12-05 06:00:00;3.4664495
2010-12-05 07:00:00;3.4331868
2010-12-05 08:00:00;3.4002433
2010-12-05 09:00:00;3.3676164
2010-12-05 10:00:00;3.3353024
2010-12-05 11:00:00;3.3032985
2010-12-05 12:00:00;3.2716012
2010-12-05 13:00:00;3.2402086
2010-12-05 14:00:00;3.2091172
2010-12-05 15:00:00;3.178324
2010-12-05 16:00:00;3.1478262
2010-12-05 17:00:00;3.1176214
2010-12-05 18:00:00;3.0877063
2010-12-05 19:00:00;3.0580778
2010-12-05 20:00:00;3.0287337
2010-12-05 21:00:00;3.0004265
2010-12-05 22:00:00;2.9988716
2010-12-05 23:00:00;3.2361174
2010-12-06 00:00:00;3.5943964
2010-12-06 01:00:00;3.9271896
2010-12-06 02:00:00;4.20342
2010-12-06 03:00:00;4.4174986
2010-12-06 04:00:00;4.581307
2010-12-06 05:00:00;4.7044706
2010-12-06 06:00:00;4.794786
2010-12-06 07:00:00;4.8585715
2010-12-06 08:00:00;4.9009433
2010-12-06 09:00:00;4.92605
2010-12-06 10:00:00;4.9372506
2010-12-06 11:00:00;4.937284
2010-12-06 12:00:00;4.9289336
2010-12-06 13:00:00;4.9197755
2010-12-06 14:00:00;4.920496
2010-12-06 15:00:00;4.9343457
2010-12-06 16:00:00;4.9914317
2010-12-06 17:00:00;5.0758038
2010-12-06 18:00:00;5.150909
2010-12-06 19:00:00;5.2183175
2010-12-06 20:00:00;5.273369
2010-12-06 21:00:00;5.313016
2010-12-06 22:00:00;5.3465657
2010-12-06 23:00:00;5.3721857
2010-12-07 00:00:00;5.3829904
2010-12-07 01:00:00;5.3819942
2010-12-07 02:00:00;5.375368
2010-12-07 03:00:00;5.3955765
2010-12-07 04:00:00;5.4249706
2010-12-07 05:00:00;5.5621777
2010-12-07 06:00:00;5.857418
2010-12-07 07:00:00;6.0837755
2010-12-07 08:00:00;6.2544346
2010-12-07 09:00:00;6.3800745
2010-12-07 10:00:00;6.469368
2010-12-07 11:00:00;6.530022
2010-12-07 12:00:00;6.573056
2010-12-07 13:00:00;6.595664
2010-12-07 14:00:00;6.601831
2010-12-07 15:00:00;6.5947886
2010-12-07 16:00:00;6.5771513
2010-12-07 17:00:00;6.5510426
2010-12-07 18:00:00;6.518177
2010-12-07 19:00:00;6.480149
2010-12-07 20:00:00;6.4462714
2010-12-07 21:00:00;6.5203276
2010-12-07 22:00:00;7.067829
2010-12-07 23:00:00;7.980387
2010-12-08 00:00:00;8.974847
2010-12-08 01:00:00;9.861837
2010-12-08 02:00:00;10.615774
2010-12-08 03:00:00;11.204445
2010-12-08 04:00:00;11.6568985
2010-12-08 05:00:00;11.999061
2010-12-08 06:00:00;12.252059
2010-12-08 07:00:00;12.433009
2010-12-08 08:00:00;12.555862
2010-12-08 09:00:00;12.63252
2010-12-08 10:00:00;12.671934
2010-12-08 11:00:00;12.689828
2010-12-08 12:00:00;12.778033
2010-12-08 13:00:00;13.203582
2010-12-08 14:00:00;14.463756
2010-12-08 15:00:00;16.503649
2010-12-08 16:00:00;19.050364
2010-12-08 17:00:00;21.770485
2010-12-08 18:00:00;23.955297
2010-12-08 19:00:00;25.677532
2010-12-08 20:00:00;27.163616
2010-12-08 21:00:00;29.16558
2010-12-08 22:00:00;31.946049
2010-12-08 23:00:00;34.122025
2010-12-09 00:00:00;35.809105
2010-12-09 01:00:00;37.100677
2010-12-09 02:00:00;38.072254
2010-12-09 03:00:00;38.784958
2010-12-09 04:00:00;39.288296
2010-12-09 05:00:00;39.622402
2010-12-09 06:00:00;39.819824
2010-12-09 07:00:00;39.906956
2010-12-09 08:00:00;39.905205
2010-12-09 09:00:00;39.831966
2010-12-09 10:00:00;39.701344
2010-12-09 11:00:00;39.52478
2010-12-09 12:00:00;39.31157
2010-12-09 13:00:00;39.069256
2010-12-09 14:00:00;38.80397
2010-12-09 15:00:00;38.520664
2010-12-09 16:00:00;38.223377
2010-12-09 17:00:00;37.91537
2010-12-09 18:00:00;37.599297
2010-12-09 19:00:00;37.277294
2010-12-09 20:00:00;36.9511
2010-12-09 21:00:00;36.622128
2010-12-09 22:00:00;36.291504
2010-12-09 23:00:00;35.96016
2010-12-10 00:00:00;35.62882
2010-12-10 01:00:00;35.298084
2010-12-10 02:00:00;34.968433
2010-12-10 03:00:00;34.64024
2010-12-10 04:00:00;34.31382
2010-12-10 05:00:00;33.98941
2010-12-10 06:00:00;33.667206
2010-12-10 07:00:00;33.347347
2010-12-10 08:00:00;33.02996
2010-12-10 09:00:00;32.715126
2010-12-10 10:00:00;32.402924
2010-12-10 11:00:00;32.09339
2010-12-10 12:00:00;31.78657
2010-12-10 13:00:00;31.48248
2010-12-10 14:00:00;31.181135
2010-12-10 15:00:00;30.88254
2010-12-10 16:00:00;30.586695
2010-12-10 17:00:00;30.293602
2010-12-10 18:00:00;30.003239
2010-12-10 19:00:00;29.715605
2010-12-10 20:00:00;29.430683
2010-12-10 21:00:00;29.148453
2010-12-10 22:00:00;28.868896
2010-12-10 23:00:00;28.591997
2010-12-11 00:00:00;28.318136
2010-12-11 01:00:00;28.061634
2010-12-11 02:00:00;27.95713
2010-12-11 03:00:00;28.1497
2010-12-11 04:00:00;28.778475
2010-12-11 05:00:00;29.78829
2010-12-11 06:00:00;30.950378
2010-12-11 07:00:00;32.04733
2010-12-11 08:00:00;33.029194
2010-12-11 09:00:00;33.851757
2010-12-11 10:00:00;34.567005
2010-12-11 11:00:00;35.19002
2010-12-11 12:00:00;35.742775
2010-12-11 13:00:00;36.31928
2010-12-11 14:00:00;36.930527
2010-12-11 15:00:00;37.5266
2010-12-11 16:00:00;38.10963
2010-12-11 17:00:00;38.681816
2010-12-11 18:00:00;39.24194
2010-12-11 19:00:00;39.93263
2010-12-11 20:00:00;40.679733
2010-12-11 21:00:00;41.512196
2010-12-11 22:00:00;42.393806
2010-12-11 23:00:00;43.230007
2010-12-12 00:00:00;43.94701
2010-12-12 01:00:00;44.530777
2010-12-12 02:00:00;45.058258
2010-12-12 03:00:00;45.569378
2010-12-12 04:00:00;46.078564
2010-12-12 05:00:00;46.645058
2010-12-12 06:00:00;47.31343
2010-12-12 07:00:00;47.92611
2010-12-12 08:00:00;48.346867
2010-12-12 09:00:00;48.61754
2010-12-12 10:00:00;48.754185
2010-12-12 11:00:00;48.802418
2010-12-12 12:00:00;48.840523
2010-12-12 13:00:00;48.803356
2010-12-12 14:00:00;48.707047
2010-12-12 15:00:00;48.561134
2010-12-12 16:00:00;48.37271
2010-12-12 17:00:00;48.161697
2010-12-12 18:00:00;47.936943
2010-12-12 19:00:00;47.6958
2010-12-12 20:00:00;47.440067
2010-12-12 21:00:00;47.172085
2010-12-12 22:00:00;46.881985
2010-12-12 23:00:00;46.564243
2010-12-13 00:00:00;46.22483
2010-12-13 01:00:00;45.868572
2010-12-13 02:00:00;45.499386
2010-12-13 03:00:00;45.120464
2010-12-13 04:00:00;44.734383
2010-12-13 05:00:00;44.343227
2010-12-13 06:00:00;43.9487
2010-12-13 07:00:00;43.552147
2010-12-13 08:00:00;43.15469
2010-12-13 09:00:00;42.75722
2010-12-13 10:00:00;42.36045
2010-12-13 11:00:00;41.964954
2010-12-13 12:00:00;41.571198
2010-12-13 13:00:00;41.179546
2010-12-13 14:00:00;40.790295
2010-12-13 15:00:00;40.403675
2010-12-13 16:00:00;40.01987
2010-12-13 17:00:00;39.639015
2010-12-13 18:00:00;39.261227
2010-12-13 19:00:00;38.88658
2010-12-13 20:00:00;38.515137
2010-12-13 21:00:00;38.14694
2010-12-13 22:00:00;37.782017
2010-12-13 23:00:00;37.420383
2010-12-14 00:00:00;37.062054
2010-12-14 01:00:00;36.707027
2010-12-14 02:00:00;36.355286
2010-12-14 03:00:00;36.006836
2010-12-14 04:00:00;35.66165
2010-12-14 05:00:00;35.31972
2010-12-14 06:00:00;34.98102
2010-12-14 07:00:00;34.64553
2010-12-14 08:00:00;34.313225
2010-12-14 09:00:00;33.984085
2010-12-14 10:00:00;33.65808
2010-12-14 11:00:00;33.335194
2010-12-14 12:00:00;33.01538
2010-12-14 13:00:00;32.69863
2010-12-14 14:00:00;32.38491
2010-12-14 15:00:00;32.074196
2010-12-14 16:00:00;31.766449
2010-12-14 17:00:00;31.461657
2010-12-14 18:00:00;31.159784
2010-12-14 19:00:00;30.860802
2010-12-14 20:00:00;30.56469
2010-12-14 21:00:00;30.271416
2010-12-14 22:00:00;29.980951
2010-12-14 23:00:00;29.693275
2010-12-15 00:00:00;29.408356
2010-12-15 01:00:00;29.126175
2010-12-15 02:00:00;28.846695
2010-12-15 03:00:00;28.569899
2010-12-15 04:00:00;28.295755
2010-12-15 05:00:00;28.024246
2010-12-15 06:00:00;27.75534
2010-12-15 07:00:00;27.489014
2010-12-15 08:00:00;27.225243
2010-12-15 09:00:00;26.964
2010-12-15 10:00:00;26.705267
2010-12-15 11:00:00;26.449018
2010-12-15 12:00:00;26.19522
2010-12-15 13:00:00;25.943867
2010-12-15 14:00:00;25.694921
2010-12-15 15:00:00;25.448364
2010-12-15 16:00:00;25.204176
2010-12-15 17:00:00;24.962328
2010-12-15 18:00:00;24.7228
2010-12-15 19:00:00;24.485573
2010-12-15 20:00:00;24.25062
2010-12-15 21:00:00;24.017921
2010-12-15 22:00:00;23.787458
2010-12-15 23:00:00;23.559202
2010-12-16 00:00:00;23.333138
2010-12-16 01:00:00;23.109245
2010-12-16 02:00:00;22.887499
2010-12-16 03:00:00;22.667881
2010-12-16 04:00:00;22.450373
2010-12-16 05:00:00;22.234947
2010-12-16 06:00:00;22.021593
2010-12-16 07:00:00;21.810284
2010-12-16 08:00:00;21.601006
2010-12-16 09:00:00;21.39373
2010-12-16 10:00:00;21.188444
2010-12-16 11:00:00;20.985132
2010-12-16 12:00:00;20.78377
2010-12-16 13:00:00;20.584337
2010-12-16 14:00:00;20.386822
2010-12-16 15:00:00;20.191198
2010-12-16 16:00:00;19.997452
2010-12-16 17:00:00;19.805567
2010-12-16 18:00:00;19.615522
2010-12-16 19:00:00;19.427303
2010-12-16 20:00:00;19.240885
2010-12-16 21:00:00;19.05626
2010-12-16 22:00:00;18.873404
2010-12-16 23:00:00;18.692307
2010-12-17 00:00:00;18.512943
2010-12-17 01:00:00;18.335302
2010-12-17 02:00:00;18.159367
2010-12-17 03:00:00;17.985117
2010-12-17 04:00:00;17.81254
2010-12-17 05:00:00;17.64162
2010-12-17 06:00:00;17.472338
2010-12-17 07:00:00;17.304682
2010-12-17 08:00:00;17.138634
2010-12-17 09:00:00;16.97418
2010-12-17 10:00:00;16.811302
2010-12-17 11:00:00;16.649992
2010-12-17 12:00:00;16.490225
2010-12-17 13:00:00;16.331991
2010-12-17 14:00:00;16.17528
2010-12-17 15:00:00;16.02007
2010-12-17 16:00:00;15.866347
2010-12-17 17:00:00;15.714101
2010-12-17 18:00:00;15.563315
2010-12-17 19:00:00;15.413977
2010-12-17 20:00:00;15.266072
2010-12-17 21:00:00;15.119586
2010-12-17 22:00:00;14.974505
2010-12-17 23:00:00;14.830817
2010-12-18 00:00:00;14.688506
2010-12-18 01:00:00;14.5475645
2010-12-18 02:00:00;14.407971
2010-12-18 03:00:00;14.26972
2010-12-18 04:00:00;14.132793
2010-12-18 05:00:00;13.997182
2010-12-18 06:00:00;13.86287
2010-12-18 07:00:00;13.72985
2010-12-18 08:00:00;13.598104
2010-12-18 09:00:00;13.467622
2010-12-18 10:00:00;13.338394
2010-12-18 11:00:00;13.210404
2010-12-18 12:00:00;13.083644
2010-12-18 13:00:00;12.958098
2010-12-18 14:00:00;12.833758
2010-12-18 15:00:00;12.710612
2010-12-18 16:00:00;12.588647
2010-12-18 17:00:00;12.467851
2010-12-18 18:00:00;12.348215
2010-12-18 19:00:00;12.229727
2010-12-18 20:00:00;12.112377
2010-12-18 21:00:00;11.996152
2010-12-18 22:00:00;11.8810425
2010-12-18 23:00:00;11.767037
2010-12-19 00:00:00;11.654125
2010-12-19 01:00:00;11.542298
2010-12-19 02:00:00;11.431543
2010-12-19 03:00:00;11.321852
2010-12-19 04:00:00;11.213213
2010-12-19 05:00:00;11.105616
2010-12-19 06:00:00;10.999051
2010-12-19 07:00:00;10.893509
2010-12-19 08:00:00;10.7889805
2010-12-19 09:00:00;10.685454
2010-12-19 10:00:00;10.582922
2010-12-19 11:00:00;10.481375
2010-12-19 12:00:00;10.3808
2010-12-19 13:00:00;10.28119
2010-12-19 14:00:00;10.182536
2010-12-19 15:00:00;10.08483
2010-12-19 16:00:00;9.98806
2010-12-19 17:00:00;9.89222
2010-12-19 18:00:00;9.797298
2010-12-19 19:00:00;9.703288
2010-12-19 20:00:00;9.610181
2010-12-19 21:00:00;9.519617
2010-12-19 22:00:00;9.487209
2010-12-19 23:00:00;9.955256
2010-12-20 00:00:00;10.504997
2010-12-20 01:00:00;11.037551
2010-12-20 02:00:00;11.591164
2010-12-20 03:00:00;12.319696
2010-12-20 04:00:00;13.423377
2010-12-20 05:00:00;14.421099
2010-12-20 06:00:00;15.2199545
2010-12-20 07:00:00;15.833897
2010-12-20 08:00:00;16.298285
2010-12-20 09:00:00;16.64175
2010-12-20 10:00:00;16.88749
2010-12-20 11:00:00;17.054296
2010-12-20 12:00:00;17.1574
2010-12-20 13:00:00;17.209148
2010-12-20 14:00:00;17.219545
2010-12-20 15:00:00;17.196705
2010-12-20 16:00:00;17.147202
2010-12-20 17:00:00;17.076366
2010-12-20 18:00:00;16.988523
2010-12-20 19:00:00;16.887177
2010-12-20 20:00:00;16.77516
2010-12-20 21:00:00;16.65477
2010-12-20 22:00:00;16.52788
2010-12-20 23:00:00;16.39599
2010-12-21 00:00:00;16.260323
2010-12-21 01:00:00;16.121868
2010-12-21 02:00:00;15.981426
2010-12-21 03:00:00;15.839639
2010-12-21 04:00:00;15.69703
2010-12-21 05:00:00;15.554017
2010-12-21 06:00:00;15.41094
2010-12-21 07:00:00;15.26807
2010-12-21 08:00:00;15.125626
2010-12-21 09:00:00;14.983782
2010-12-21 10:00:00;14.842675
2010-12-21 11:00:00;14.7027
2010-12-21 12:00:00;14.573476
2010-12-21 13:00:00;14.533784
2010-12-21 14:00:00;14.543254
2010-12-21 15:00:00;14.552913
2010-12-21 16:00:00;14.57218
2010-12-21 17:00:00;14.643424
2010-12-21 18:00:00;14.70987
2010-12-21 19:00:00;14.736639
2010-12-21 20:00:00;14.733789
2010-12-21 21:00:00;14.729803
2010-12-21 22:00:00;14.755337
2010-12-21 23:00:00;14.766696
2010-12-22 00:00:00;14.749773
2010-12-22 01:00:00;14.719968
2010-12-22 02:00:00;14.77059
2010-12-22 03:00:00;14.97487
2010-12-22 04:00:00;15.312405
2010-12-22 05:00:00;15.580979
2010-12-22 06:00:00;15.771108
2010-12-22 07:00:00;15.901036
2010-12-22 08:00:00;16.004215
2010-12-22 09:00:00;16.156517
2010-12-22 10:00:00;16.346384
2010-12-22 11:00:00;16.57496
2010-12-22 12:00:00;16.796484
2010-12-22 13:00:00;17.024971
2010-12-22 14:00:00;17.267012
2010-12-22 15:00:00;17.480587
2010-12-22 16:00:00;17.66635
2010-12-22 17:00:00;17.83695
2010-12-22 18:00:00;17.975163
2010-12-22 19:00:00;18.08023
2010-12-22 20:00:00;18.167261
2010-12-22 21:00:00;18.245169
2010-12-22 22:00:00;18.330173
2010-12-22 23:00:00;18.443983
2010-12-23 00:00:00;18.585335
2010-12-23 01:00:00;18.771442
2010-12-23 02:00:00;18.964739
2010-12-23 03:00:00;19.174564
2010-12-23 04:00:00;19.390032
2010-12-23 05:00:00;19.589722
2010-12-23 06:00:00;19.742386
2010-12-23 07:00:00;19.829306
2010-12-23 08:00:00;19.863255
2010-12-23 09:00:00;19.854767
2010-12-23 10:00:00;19.817562
2010-12-23 11:00:00;19.799934
2010-12-23 12:00:00;19.799885
2010-12-23 13:00:00;19.857546
2010-12-23 14:00:00;20.009863
2010-12-23 15:00:00;20.235271
2010-12-23 16:00:00;20.517502
2010-12-23 17:00:00;20.854998
2010-12-23 18:00:00;21.175629
2010-12-23 19:00:00;21.450443
2010-12-23 20:00:00;21.69796
2010-12-23 21:00:00;21.887236
2010-12-23 22:00:00;22.005966
2010-12-23 23:00:00;22.061563
2010-12-24 00:00:00;22.066336
2010-12-24 01:00:00;22.030245
2010-12-24 02:00:00;21.961388
2010-12-24 03:00:00;21.866322
2010-12-24 04:00:00;21.750364
2010-12-24 05:00:00;21.617825
2010-12-24 06:00:00;21.472193
2010-12-24 07:00:00;21.316309
2010-12-24 08:00:00;21.152466
2010-12-24 09:00:00;20.982523
2010-12-24 10:00:00;20.807983
2010-12-24 11:00:00;20.630066
2010-12-24 12:00:00;20.449759
2010-12-24 13:00:00;20.267849
2010-12-24 14:00:00;20.084984
2010-12-24 15:00:00;19.901686
2010-12-24 16:00:00;19.718367
2010-12-24 17:00:00;19.535366
2010-12-24 18:00:00;19.352951
2010-12-24 19:00:00;19.171335
2010-12-24 20:00:00;18.990692
2010-12-24 21:00:00;18.811155
2010-12-24 22:00:00;18.632835
2010-12-24 23:00:00;18.455812
2010-12-25 00:00:00;18.280157
2010-12-25 01:00:00;18.105915
2010-12-25 02:00:00;17.933123
2010-12-25 03:00:00;17.761814
2010-12-25 04:00:00;17.592003
2010-12-25 05:00:00;17.423704
2010-12-25 06:00:00;17.256926
2010-12-25 07:00:00;17.09167
2010-12-25 08:00:00;16.927933
2010-12-25 09:00:00;16.76572
2010-12-25 10:00:00;16.60502
2010-12-25 11:00:00;16.44583
2010-12-25 12:00:00;16.28814
2010-12-25 13:00:00;16.13194
2010-12-25 14:00:00;15.977223
2010-12-25 15:00:00;15.823977
2010-12-25 16:00:00;15.672189
2010-12-25 17:00:00;15.521846
2010-12-25 18:00:00;15.37294
2010-12-25 19:00:00;15.225454
2010-12-25 20:00:00;15.079381
2010-12-25 21:00:00;14.934705
2010-12-25 22:00:00;14.791412
2010-12-25 23:00:00;14.649494
2010-12-26 00:00:00;14.508933
2010-12-26 01:00:00;14.3697195
2010-12-26 02:00:00;14.231841
2010-12-26 03:00:00;14.0952835
2010-12-26 04:00:00;13.960035
2010-12-26 05:00:00;13.826085
2010-12-26 06:00:00;13.693419
2010-12-26 07:00:00;13.562026
2010-12-26 08:00:00;13.431892
2010-12-26 09:00:00;13.303007
2010-12-26 10:00:00;13.17536
2010-12-26 11:00:00;13.048936
2010-12-26 12:00:00;12.923726
2010-12-26 13:00:00;12.799716
2010-12-26 14:00:00;12.676897
2010-12-26 15:00:00;12.555256
2010-12-26 16:00:00;12.434781
2010-12-26 17:00:00;12.315463
2010-12-26 18:00:00;12.1972885
2010-12-26 19:00:00;12.080249
2010-12-26 20:00:00;11.964333
2010-12-26 21:00:00;11.849528
2010-12-26 22:00:00;11.735826
2010-12-26 23:00:00;11.623214
2010-12-27 00:00:00;11.5116825
2010-12-27 01:00:00;11.401222
2010-12-27 02:00:00;11.291821
2010-12-27 03:00:00;11.183471
2010-12-27 04:00:00;11.0761595
2010-12-27 05:00:00;10.969878
2010-12-27 06:00:00;10.864617
2010-12-27 07:00:00;10.760365
2010-12-27 08:00:00;10.657113
2010-12-27 09:00:00;10.5548525
2010-12-27 10:00:00;10.453573
2010-12-27 11:00:00;10.353266
2010-12-27 12:00:00;10.25392
2010-12-27 13:00:00;10.155529
2010-12-27 14:00:00;10.058082
2010-12-27 15:00:00;9.961569
2010-12-27 16:00:00;9.865981
2010-12-27 17:00:00;9.771313
2010-12-27 18:00:00;9.677551
2010-12-27 19:00:00;9.584689
2010-12-27 20:00:00;9.49272
2010-12-27 21:00:00;9.401631
2010-12-27 22:00:00;9.311418
2010-12-27 23:00:00;9.222069
2010-12-28 00:00:00;9.13358
2010-12-28 01:00:00;9.045938
2010-12-28 02:00:00;8.959137
2010-12-28 03:00:00;8.87317
2010-12-28 04:00:00;8.788027
2010-12-28 05:00:00;8.703701
2010-12-28 06:00:00;8.620184
2010-12-28 07:00:00;8.537469
2010-12-28 08:00:00;8.455548
2010-12-28 09:00:00;8.374413
2010-12-28 10:00:00;8.294055
2010-12-28 11:00:00;8.214469
2010-12-28 12:00:00;8.135648
2010-12-28 13:00:00;8.057582
2010-12-28 14:00:00;7.9802647
2010-12-28 15:00:00;7.90369
2010-12-28 16:00:00;7.8278494
2010-12-28 17:00:00;7.7527375
2010-12-28 18:00:00;7.6783457
2010-12-28 19:00:00;7.6046686
2010-12-28 20:00:00;7.5316973
2010-12-28 21:00:00;7.4594274
2010-12-28 22:00:00;7.3878503
2010-12-28 23:00:00;7.31696
2010-12-29 00:00:00;7.2467504
2010-12-29 01:00:00;7.1772137
2010-12-29 02:00:00;7.108344
2010-12-29 03:00:00;7.0401363
2010-12-29 04:00:00;6.9725823
2010-12-29 05:00:00;6.905677
2010-12-29 06:00:00;6.8394127
2010-12-29 07:00:00;6.773785
2010-12-29 08:00:00;6.7087874
2010-12-29 09:00:00;6.6444125
2010-12-29 10:00:00;6.5806556
2010-12-29 11:00:00;6.517511
2010-12-29 12:00:00;6.454972
2010-12-29 13:00:00;6.393033
2010-12-29 14:00:00;6.3316884
2010-12-29 15:00:00;6.2709327
2010-12-29 16:00:00;6.2107596
2010-12-29 17:00:00;6.1511636
2010-12-29 18:00:00;6.09214
2010-12-29 19:00:00;6.0336833
2010-12-29 20:00:00;5.975787
2010-12-29 21:00:00;5.918446
2010-12-29 22:00:00;5.861655
2010-12-29 23:00:00;5.8054094
2010-12-30 00:00:00;5.7497034
2010-12-30 01:00:00;5.694532
2010-12-30 02:00:00;5.63989
2010-12-30 03:00:00;5.5857725
2010-12-30 04:00:00;5.532174
2010-12-30 05:00:00;5.47909
2010-12-30 06:00:00;5.426515
2010-12-30 07:00:00;5.374445
2010-12-30 08:00:00;5.322874
2010-12-30 09:00:00;5.2717986
2010-12-30 10:00:00;5.221213
2010-12-30 11:00:00;5.171112
2010-12-30 12:00:00;5.121493
2010-12-30 13:00:00;5.072349
2010-12-30 14:00:00;5.0236773
2010-12-30 15:00:00;4.9754725
2010-12-30 16:00:00;4.9277306
2010-12-30 17:00:00;4.880446
2010-12-30 18:00:00;4.833616
2010-12-30 19:00:00;4.787235
2010-12-30 20:00:00;4.741298
2010-12-30 21:00:00;4.6958027
2010-12-30 22:00:00;4.650744
2010-12-30 23:00:00;4.6061172
2010-12-31 00:00:00;4.561919
2010-12-31 01:00:00;4.518145
2010-12-31 02:00:00;4.474792
2010-12-31 03:00:00;4.431854
2010-12-31 04:00:00;4.3893275
2010-12-31 05:00:00;4.3472095
2010-12-31 06:00:00;4.3054953
2010-12-31 07:00:00;4.2641816
2010-12-31 08:00:00;4.223265
2010-12-31 09:00:00;4.1827407
2010-12-31 10:00:00;4.142605
2010-12-31 11:00:00;4.1028543
2010-12-31 12:00:00;4.0634856
2010-12-31 13:00:00;4.024494
2010-12-31 14:00:00;3.985877
2010-12-31 15:00:00;3.947631
2010-12-31 16:00:00;3.9097507
2010-12-31 17:00:00;3.8722348
2010-12-31 18:00:00;3.8350787
2010-12-31 19:00:00;3.7982793
2010-12-31 20:00:00;3.7618327
2010-12-31 21:00:00;3.7257354
2010-12-31 22:00:00;3.6899853
2010-12-31 23:00:00;3.654578
2011-01-01 00:00:00;3.6195104
2011-01-01 01:00:00;3.5847795
2011-01-01 02:00:00;3.5503817
2011-01-01 03:00:00;3.516314
2011-01-01 04:00:00;3.4825728
2011-01-01 05:00:00;3.4491556
2011-01-01 06:00:00;3.4160593
2011-01-01 07:00:00;3.3832803
2011-01-01 08:00:00;3.3508153
2011-01-01 09:00:00;3.318663
2011-01-01 10:00:00;3.2868185
2011-01-01 11:00:00;3.2552798
2011-01-01 12:00:00;3.2240438
2011-01-01 13:00:00;3.1931074
2011-01-01 14:00:00;3.162753
2011-01-01 15:00:00;3.1427026
2011-01-01 16:00:00;3.2131097
2011-01-01 17:00:00;3.32999
2011-01-01 18:00:00;3.4499066
2011-01-01 19:00:00;3.600253
2011-01-01 20:00:00;3.7636316
2011-01-01 21:00:00;3.9403994
2011-01-01 22:00:00;4.1200643
2011-01-01 23:00:00;4.256789
2011-01-02 00:00:00;4.3588
2011-01-02 01:00:00;4.4327617
2011-01-02 02:00:00;4.4840746
2011-01-02 03:00:00;4.517114
2011-01-02 04:00:00;4.535425
2011-01-02 05:00:00;4.5418797
2011-01-02 06:00:00;4.538804
2011-01-02 07:00:00;4.5280843
2011-01-02 08:00:00;4.511247
2011-01-02 09:00:00;4.4895306
2011-01-02 10:00:00;4.4639354
2011-01-02 11:00:00;4.4352727
2011-01-02 12:00:00;4.404201
2011-01-02 13:00:00;4.371251
2011-01-02 14:00:00;4.336854
2011-01-02 15:00:00;4.3013563
2011-01-02 16:00:00;4.265041
2011-01-02 17:00:00;4.228134
2011-01-02 18:00:00;4.1908207
2011-01-02 19:00:00;4.153248
2011-01-02 20:00:00;4.1155353
2011-01-02 21:00:00;4.077779
2011-01-02 22:00:00;4.040056
2011-01-02 23:00:00;4.002429
2011-01-03 00:00:00;3.9649477
2011-01-03 01:00:00;3.9276505
2011-01-03 02:00:00;3.8905692
2011-01-03 03:00:00;3.853729
2011-01-03 04:00:00;3.8171492
2011-01-03 05:00:00;3.7808447
2011-01-03 06:00:00;3.744827
2011-01-03 07:00:00;3.709106
2011-01-03 08:00:00;3.673687
2011-01-03 09:00:00;3.6385758
2011-01-03 10:00:00;3.6037743
2011-01-03 11:00:00;3.5692859
2011-01-03 12:00:00;3.5351107
2011-01-03 13:00:00;3.5012498
2011-01-03 14:00:00;3.467702
2011-01-03 15:00:00;3.4344673
2011-01-03 16:00:00;3.4015436
2011-01-03 17:00:00;3.3689299
2011-01-03 18:00:00;3.3366241
2011-01-03 19:00:00;3.3046248
2011-01-03 20:00:00;3.2729292
2011-01-03 21:00:00;3.2415347
2011-01-03 22:00:00;3.2104397
2011-01-03 23:00:00;3.179641
2011-01-04 00:00:00;3.1491368
2011-01-04 01:00:00;3.118924
2011-01-04 02:00:00;3.0889997
2011-01-04 03:00:00;3.0593626
2011-01-04 04:00:00;3.0300095
2011-01-04 05:00:00;3.000937
2011-01-04 06:00:00;2.972143
2011-01-04 07:00:00;2.9436252
2011-01-04 08:00:00;2.9153812
2011-01-04 09:00:00;2.8874073
2011-01-04 10:00:00;2.8597014
2011-01-04 11:00:00;2.832262
2011-01-04 12:00:00;2.8050854
2011-01-04 13:00:00;2.7781694
2011-01-04 14:00:00;2.7515113
2011-01-04 15:00:00;2.7251098
2011-01-04 16:00:00;2.6989613
2011-01-04 17:00:00;2.6730638
2011-01-04 18:00:00;2.6474142
2011-01-04 19:00:00;2.622011
2011-01-04 20:00:00;2.5968513
2011-01-04 21:00:00;2.571933
2011-01-04 22:00:00;2.5472538
2011-01-04 23:00:00;2.5228117
2011-01-05 00:00:00;2.4986038
2011-01-05 01:00:00;2.4746284
2011-01-05 02:00:00;2.4508832
2011-01-05 03:00:00;2.427366
2011-01-05 04:00:00;2.404074
2011-01-05 05:00:00;2.3810055
2011-01-05 06:00:00;2.3581583
2011-01-05 07:00:00;2.3355308
2011-01-05 08:00:00;2.31312
2011-01-05 09:00:00;2.2909243
2011-01-05 10:00:00;2.2689419
2011-01-05 11:00:00;2.2471702
2011-01-05 12:00:00;2.2256074
2011-01-05 13:00:00;2.2042515
2011-01-05 14:00:00;2.1831002
2011-01-05 15:00:00;2.1621523
2011-01-05 16:00:00;2.1414053
2011-01-05 17:00:00;2.1208575
2011-01-05 18:00:00;2.1005068
2011-01-05 19:00:00;2.080351
2011-01-05 20:00:00;2.060389
2011-01-05 21:00:00;2.0406184
2011-01-05 22:00:00;2.0210378
2011-01-05 23:00:00;2.0016448
2011-01-06 00:00:00;1.982438
2011-01-06 01:00:00;1.9634154
2011-01-06 02:00:00;1.9445754
2011-01-06 03:00:00;1.9259161
2011-01-06 04:00:00;1.9074361
2011-01-06 05:00:00;1.8891332
2011-01-06 06:00:00;1.871006
2011-01-06 07:00:00;1.8530527
2011-01-06 08:00:00;1.8352716
2011-01-06 09:00:00;1.8183033
2011-01-06 10:00:00;1.8242946
2011-01-06 11:00:00;2.0430977
2011-01-06 12:00:00;2.4599912
2011-01-06 13:00:00;3.000861
2011-01-06 14:00:00;3.6402652
2011-01-06 15:00:00;4.4172397
2011-01-06 16:00:00;5.442146
2011-01-06 17:00:00;6.718578
2011-01-06 18:00:00;8.528388
2011-01-06 19:00:00;10.847704
2011-01-06 20:00:00;13.376603
2011-01-06 21:00:00;16.084707
2011-01-06 22:00:00;18.963764
2011-01-06 23:00:00;21.701849
2011-01-07 00:00:00;24.265886
2011-01-07 01:00:00;26.704473
2011-01-07 02:00:00;29.071388
2011-01-07 03:00:00;31.396221
2011-01-07 04:00:00;33.67518
2011-01-07 05:00:00;35.96743
2011-01-07 06:00:00;38.316628
2011-01-07 07:00:00;40.810493
2011-01-07 08:00:00;43.25739
2011-01-07 09:00:00;45.648396
2011-01-07 10:00:00;47.963566
2011-01-07 11:00:00;50.252735
2011-01-07 12:00:00;52.529995
2011-01-07 13:00:00;54.74469
2011-01-07 14:00:00;56.88361
2011-01-07 15:00:00;59.002827
2011-01-07 16:00:00;61.33664
2011-01-07 17:00:00;64.75136
2011-01-07 18:00:00;69.20931
2011-01-07 19:00:00;73.912285
2011-01-07 20:00:00;79.238464
2011-01-07 21:00:00;84.34252
2011-01-07 22:00:00;88.89031
2011-01-07 23:00:00;92.90683
2011-01-08 00:00:00;96.487755
2011-01-08 01:00:00;99.66281
2011-01-08 02:00:00;102.443146
2011-01-08 03:00:00;104.88783
2011-01-08 04:00:00;107.141815
2011-01-08 05:00:00;109.41626
2011-01-08 06:00:00;111.88695
2011-01-08 07:00:00;114.277245
2011-01-08 08:00:00;116.56473
2011-01-08 09:00:00;118.84855
2011-01-08 10:00:00;121.40526
2011-01-08 11:00:00;123.884766
2011-01-08 12:00:00;126.497185
2011-01-08 13:00:00;129.26947
2011-01-08 14:00:00;131.98894
2011-01-08 15:00:00;134.02826
2011-01-08 16:00:00;135.44214
2011-01-08 17:00:00;136.3483
2011-01-08 18:00:00;136.84244
2011-01-08 19:00:00;137.00261
2011-01-08 20:00:00;136.89223
2011-01-08 21:00:00;136.56316
2011-01-08 22:00:00;136.0576
2011-01-08 23:00:00;135.4101
2011-01-09 00:00:00;134.64891
2011-01-09 01:00:00;133.80319
2011-01-09 02:00:00;132.94194
2011-01-09 03:00:00;132.06714
2011-01-09 04:00:00;131.19487
2011-01-09 05:00:00;130.27057
2011-01-09 06:00:00;129.29402
2011-01-09 07:00:00;128.27693
2011-01-09 08:00:00;127.23004
2011-01-09 09:00:00;126.17613
2011-01-09 10:00:00;125.16902
2011-01-09 11:00:00;124.160706
2011-01-09 12:00:00;123.155785
2011-01-09 13:00:00;122.30258
2011-01-09 14:00:00;121.47807
2011-01-09 15:00:00;120.920296
2011-01-09 16:00:00;120.79616
2011-01-09 17:00:00;120.780914
2011-01-09 18:00:00;120.60382
2011-01-09 19:00:00;120.31806
2011-01-09 20:00:00;119.89007
2011-01-09 21:00:00;119.33358
2011-01-09 22:00:00;118.67407
2011-01-09 23:00:00;117.9319
2011-01-10 00:00:00;117.12414
2011-01-10 01:00:00;116.26476
2011-01-10 02:00:00;115.36514
2011-01-10 03:00:00;114.43453
2011-01-10 04:00:00;113.48049
2011-01-10 05:00:00;112.50918
2011-01-10 06:00:00;111.52562
2011-01-10 07:00:00;110.53386
2011-01-10 08:00:00;109.53724
2011-01-10 09:00:00;108.5384
2011-01-10 10:00:00;107.53957
2011-01-10 11:00:00;106.54247
2011-01-10 12:00:00;105.54855
2011-01-10 13:00:00;104.55893
2011-01-10 14:00:00;103.574554
2011-01-10 15:00:00;102.59614
2011-01-10 16:00:00;101.624275
2011-01-10 17:00:00;100.65942
2011-01-10 18:00:00;99.701935
2011-01-10 19:00:00;98.75208
2011-01-10 20:00:00;97.81008
2011-01-10 21:00:00;96.87609
2011-01-10 22:00:00;95.950226
2011-01-10 23:00:00;95.03256
2011-01-11 00:00:00;94.123146
2011-01-11 01:00:00;93.22199
2011-01-11 02:00:00;92.32912
2011-01-11 03:00:00;91.4445
2011-01-11 04:00:00;90.56814
2011-01-11 05:00:00;89.70018
2011-01-11 06:00:00;88.845314
2011-01-11 07:00:00;88.03763
2011-01-11 08:00:00;87.25915
2011-01-11 09:00:00;86.489845
2011-01-11 10:00:00;85.72545
2011-01-11 11:00:00;84.966515
2011-01-11 12:00:00;84.21153
2011-01-11 13:00:00;83.45679
2011-01-11 14:00:00;82.70502
2011-01-11 15:00:00;81.960846
2011-01-11 16:00:00;81.2232
2011-01-11 17:00:00;80.487724
2011-01-11 18:00:00;79.751884
2011-01-11 19:00:00;79.01641
2011-01-11 20:00:00;78.28509
2011-01-11 21:00:00;77.5818
2011-01-11 22:00:00;76.92399
2011-01-11 23:00:00;76.309685
2011-01-12 00:00:00;75.79191
2011-01-12 01:00:00;75.2704
2011-01-12 02:00:00;74.77246
2011-01-12 03:00:00;74.242
2011-01-12 04:00:00;73.688896
2011-01-12 05:00:00;73.16214
2011-01-12 06:00:00;72.64803
2011-01-12 07:00:00;72.14462
2011-01-12 08:00:00;71.61043
2011-01-12 09:00:00;71.05515
2011-01-12 10:00:00;70.48113
2011-01-12 11:00:00;69.89259
2011-01-12 12:00:00;69.29349
2011-01-12 13:00:00;68.68776
2011-01-12 14:00:00;68.077286
2011-01-12 15:00:00;67.46427
2011-01-12 16:00:00;66.85989
2011-01-12 17:00:00;66.32395
2011-01-12 18:00:00;66.019325
2011-01-12 19:00:00;66.12869
2011-01-12 20:00:00;66.48965
2011-01-12 21:00:00;66.92419
2011-01-12 22:00:00;67.39877
2011-01-12 23:00:00;68.17427
2011-01-13 00:00:00;69.23146
2011-01-13 01:00:00;70.44359
2011-01-13 02:00:00;71.97425
2011-01-13 03:00:00;73.99509
2011-01-13 04:00:00;76.38236
2011-01-13 05:00:00;78.790535
2011-01-13 06:00:00;80.76204
2011-01-13 07:00:00;82.51024
2011-01-13 08:00:00;84.120186
2011-01-13 09:00:00;85.67588
2011-01-13 10:00:00;87.32206
2011-01-13 11:00:00;89.07617
2011-01-13 12:00:00;90.969955
2011-01-13 13:00:00;93.16988
2011-01-13 14:00:00;95.42692
2011-01-13 15:00:00;97.78446
2011-01-13 16:00:00;99.95431
2011-01-13 17:00:00;101.86897
2011-01-13 18:00:00;103.49456
2011-01-13 19:00:00;104.85966
2011-01-13 20:00:00;105.916374
2011-01-13 21:00:00;106.643005
2011-01-13 22:00:00;107.09984
2011-01-13 23:00:00;107.365105
2011-01-14 00:00:00;107.47654
2011-01-14 01:00:00;107.460526
2011-01-14 02:00:00;107.36281
2011-01-14 03:00:00;107.188866
2011-01-14 04:00:00;106.921165
2011-01-14 05:00:00;106.63508
2011-01-14 06:00:00;106.466736
2011-01-14 07:00:00;106.23645
2011-01-14 08:00:00;105.8735
2011-01-14 09:00:00;105.40819
2011-01-14 10:00:00;104.8496
2011-01-14 11:00:00;104.21539
2011-01-14 12:00:00;103.519325
2011-01-14 13:00:00;102.77463
2011-01-14 14:00:00;101.99173
2011-01-14 15:00:00;101.178925
2011-01-14 16:00:00;100.34336
2011-01-14 17:00:00;99.490974
2011-01-14 18:00:00;98.62709
2011-01-14 19:00:00;97.75549
2011-01-14 20:00:00;96.87846
2011-01-14 21:00:00;95.9987
2011-01-14 22:00:00;95.118904
2011-01-14 23:00:00;94.239944
2011-01-15 00:00:00;93.363266
2011-01-15 01:00:00;92.493195
2011-01-15 02:00:00;91.66398
2011-01-15 03:00:00;90.96655
2011-01-15 04:00:00;90.62454
2011-01-15 05:00:00;90.37379
2011-01-15 06:00:00;90.05797
2011-01-15 07:00:00;89.77681
2011-01-15 08:00:00;89.45333
2011-01-15 09:00:00;89.04985
2011-01-15 10:00:00;88.65171
2011-01-15 11:00:00;88.17873
2011-01-15 12:00:00;87.64266
2011-01-15 13:00:00;87.05543
2011-01-15 14:00:00;86.426895
2011-01-15 15:00:00;85.76614
2011-01-15 16:00:00;85.080536
2011-01-15 17:00:00;84.37608
2011-01-15 18:00:00;83.65774
2011-01-15 19:00:00;82.929825
2011-01-15 20:00:00;82.19504
2011-01-15 21:00:00;81.456024
2011-01-15 22:00:00;80.71527
2011-01-15 23:00:00;79.9772
2011-01-16 00:00:00;79.23946
2011-01-16 01:00:00;78.50332
2011-01-16 02:00:00;77.76973
2011-01-16 03:00:00;77.03954
2011-01-16 04:00:00;76.31337
2011-01-16 05:00:00;75.59176
2011-01-16 06:00:00;74.875084
2011-01-16 07:00:00;74.16368
2011-01-16 08:00:00;73.457794
2011-01-16 09:00:00;72.757614
2011-01-16 10:00:00;72.06328
2011-01-16 11:00:00;71.3749
2011-01-16 12:00:00;70.69254
2011-01-16 13:00:00;70.01627
2011-01-16 14:00:00;69.34611
2011-01-16 15:00:00;68.68205
2011-01-16 16:00:00;68.024124
2011-01-16 17:00:00;67.3723
2011-01-16 18:00:00;66.72657
2011-01-16 19:00:00;66.08689
2011-01-16 20:00:00;65.45324
2011-01-16 21:00:00;64.82558
2011-01-16 22:00:00;64.203865
2011-01-16 23:00:00;63.588055
2011-01-17 00:00:00;62.978107
2011-01-17 01:00:00;62.37397
2011-01-17 02:00:00;61.775604
2011-01-17 03:00:00;61.182945
2011-01-17 04:00:00;60.59596
2011-01-17 05:00:00;60.01458
2011-01-17 06:00:00;59.43877
2011-01-17 07:00:00;58.868473
2011-01-17 08:00:00;58.30369
2011-01-17 09:00:00;57.744766
2011-01-17 10:00:00;57.191097
2011-01-17 11:00:00;56.642666
2011-01-17 12:00:00;56.099636
2011-01-17 13:00:00;55.56356
2011-01-17 14:00:00;55.032658
2011-01-17 15:00:00;54.50642
2011-01-17 16:00:00;53.98489
2011-01-17 17:00:00;53.46809
2011-01-17 18:00:00;52.956024
2011-01-17 19:00:00;52.44877
2011-01-17 20:00:00;51.94696
2011-01-17 21:00:00;51.44969
2011-01-17 22:00:00;50.956974
2011-01-17 23:00:00;50.4688
2011-01-18 00:00:00;49.985184
2011-01-18 01:00:00;49.506603
2011-01-18 02:00:00;49.037975
2011-01-18 03:00:00;48.584877
2011-01-18 04:00:00;48.132874
2011-01-18 05:00:00;47.68275
2011-01-18 06:00:00;47.23645
2011-01-18 07:00:00;46.79233
2011-01-18 08:00:00;46.350765
2011-01-18 09:00:00;45.91204
2011-01-18 10:00:00;45.4764
2011-01-18 11:00:00;45.044018
2011-01-18 12:00:00;44.615044
2011-01-18 13:00:00;44.18957
2011-01-18 14:00:00;43.767693
2011-01-18 15:00:00;43.349457
2011-01-18 16:00:00;42.934944
2011-01-18 17:00:00;42.52542
2011-01-18 18:00:00;42.131027
2011-01-18 19:00:00;41.74557
2011-01-18 20:00:00;41.36934
2011-01-18 21:00:00;41.077274
2011-01-18 22:00:00;40.856884
2011-01-18 23:00:00;40.609497
2011-01-19 00:00:00;40.339554
2011-01-19 01:00:00;40.07106
2011-01-19 02:00:00;39.81189
2011-01-19 03:00:00;39.53384
2011-01-19 04:00:00;39.24948
2011-01-19 05:00:00;38.98061
2011-01-19 06:00:00;38.700943
2011-01-19 07:00:00;38.418396
2011-01-19 08:00:00;38.13058
2011-01-19 09:00:00;37.83304
2011-01-19 10:00:00;37.551224
2011-01-19 11:00:00;37.289165
2011-01-19 12:00:00;37.01245
2011-01-19 13:00:00;36.72445
2011-01-19 14:00:00;36.439545
2011-01-19 15:00:00;36.229374
2011-01-19 16:00:00;36.04736
2011-01-19 17:00:00;35.84421
2011-01-19 18:00:00;35.693367
2011-01-19 19:00:00;35.585117
2011-01-19 20:00:00;35.43391
2011-01-19 21:00:00;35.248478
2011-01-19 22:00:00;35.037376
2011-01-19 23:00:00;34.819843
2011-01-20 00:00:00;34.622177
2011-01-20 01:00:00;34.68818
2011-01-20 02:00:00;35.4073
2011-01-20 03:00:00;36.75779
2011-01-20 04:00:00;37.777294
2011-01-20 05:00:00;38.529034
2011-01-20 06:00:00;39.0642
2011-01-20 07:00:00;39.42431
2011-01-20 08:00:00;39.642986
2011-01-20 09:00:00;39.747528
2011-01-20 10:00:00;39.760067
2011-01-20 11:00:00;39.69869
2011-01-20 12:00:00;39.581497
2011-01-20 13:00:00;39.44857
2011-01-20 14:00:00;39.286827
2011-01-20 15:00:00;39.105927
2011-01-20 16:00:00;38.94552
2011-01-20 17:00:00;38.769638
2011-01-20 18:00:00;38.558327
2011-01-20 19:00:00;38.318897
2011-01-20 20:00:00;38.05727
2011-01-20 21:00:00;37.778248
2011-01-20 22:00:00;37.485737
2011-01-20 23:00:00;37.182903
2011-01-21 00:00:00;36.872303
2011-01-21 01:00:00;36.556015
2011-01-21 02:00:00;36.235718
2011-01-21 03:00:00;35.912777
2011-01-21 04:00:00;35.588287
2011-01-21 05:00:00;35.26313
2011-01-21 06:00:00;34.938034
2011-01-21 07:00:00;34.61356
2011-01-21 08:00:00;34.290176
2011-01-21 09:00:00;33.968254
2011-01-21 10:00:00;33.648083
2011-01-21 11:00:00;33.329903
2011-01-21 12:00:00;33.01389
2011-01-21 13:00:00;32.7002
2011-01-21 14:00:00;32.388935
2011-01-21 15:00:00;32.080185
2011-01-21 16:00:00;31.774015
2011-01-21 17:00:00;31.47047
2011-01-21 18:00:00;31.169586
2011-01-21 19:00:00;30.871386
2011-01-21 20:00:00;30.575876
2011-01-21 21:00:00;30.283068
2011-01-21 22:00:00;29.992962
2011-01-21 23:00:00;29.70555
2011-01-22 00:00:00;29.420822
2011-01-22 01:00:00;29.138765
2011-01-22 02:00:00;28.85937
2011-01-22 03:00:00;28.582617
2011-01-22 04:00:00;28.308487
2011-01-22 05:00:00;28.03696
2011-01-22 06:00:00;27.768023
2011-01-22 07:00:00;27.501646
2011-01-22 08:00:00;27.237812
2011-01-22 09:00:00;26.9765
2011-01-22 10:00:00;26.717684
2011-01-22 11:00:00;26.461346
2011-01-22 12:00:00;26.207462
2011-01-22 13:00:00;25.956013
2011-01-22 14:00:00;25.706963
2011-01-22 15:00:00;25.460308
2011-01-22 16:00:00;25.216013
2011-01-22 17:00:00;24.974064
2011-01-22 18:00:00;24.734428
2011-01-22 19:00:00;24.497093
2011-01-22 20:00:00;24.262035
2011-01-22 21:00:00;24.029232
2011-01-22 22:00:00;23.798664
2011-01-22 23:00:00;23.570303
2011-01-23 00:00:00;23.344137
2011-01-23 01:00:00;23.120142
2011-01-23 02:00:00;22.898293
2011-01-23 03:00:00;22.678574
2011-01-23 04:00:00;22.460958
2011-01-23 05:00:00;22.245434
2011-01-23 06:00:00;22.031977
2011-01-23 07:00:00;21.820566
2011-01-23 08:00:00;21.611187
2011-01-23 09:00:00;21.403816
2011-01-23 10:00:00;21.198435
2011-01-23 11:00:00;20.995022
2011-01-23 12:00:00;20.793564
2011-01-23 13:00:00;20.59404
2011-01-23 14:00:00;20.396427
2011-01-23 15:00:00;20.200716
2011-01-23 16:00:00;20.006878
2011-01-23 17:00:00;19.814901
2011-01-23 18:00:00;19.624765
2011-01-23 19:00:00;19.436457
2011-01-23 20:00:00;19.249952
2011-01-23 21:00:00;19.06524
2011-01-23 22:00:00;18.882298
2011-01-23 23:00:00;18.701113
2011-01-24 00:00:00;18.521667
2011-01-24 01:00:00;18.34394
2011-01-24 02:00:00;18.167923
2011-01-24 03:00:00;17.993748
2011-01-24 04:00:00;17.822794
2011-01-24 05:00:00;17.656118
2011-01-24 06:00:00;17.490513
2011-01-24 07:00:00;17.328398
2011-01-24 08:00:00;17.16835
2011-01-24 09:00:00;17.012243
2011-01-24 10:00:00;16.861853
2011-01-24 11:00:00;16.712198
2011-01-24 12:00:00;16.561687
2011-01-24 13:00:00;16.41076
2011-01-24 14:00:00;16.259792
2011-01-24 15:00:00;16.109623
2011-01-24 16:00:00;15.964777
2011-01-24 17:00:00;15.819826
2011-01-24 18:00:00;15.67831
2011-01-24 19:00:00;15.543659
2011-01-24 20:00:00;15.407321
2011-01-24 21:00:00;15.26988
2011-01-24 22:00:00;15.132262
2011-01-24 23:00:00;15.000087
2011-01-25 00:00:00;14.888424
2011-01-25 01:00:00;14.7890415
2011-01-25 02:00:00;14.719088
2011-01-25 03:00:00;14.640848
2011-01-25 04:00:00;14.556839
2011-01-25 05:00:00;14.462965
2011-01-25 06:00:00;14.361343
2011-01-25 07:00:00;14.253831
2011-01-25 08:00:00;14.14527
2011-01-25 09:00:00;14.061623
2011-01-25 10:00:00;14.016922
2011-01-25 11:00:00;14.160553
2011-01-25 12:00:00;14.470006
2011-01-25 13:00:00;15.174208
2011-01-25 14:00:00;16.120674
2011-01-25 15:00:00;17.012812
2011-01-25 16:00:00;17.913914
2011-01-25 17:00:00;18.737568
2011-01-25 18:00:00;19.499577
2011-01-25 19:00:00;20.087257
2011-01-25 20:00:00;20.5444
2011-01-25 21:00:00;20.908245
2011-01-25 22:00:00;21.171137
2011-01-25 23:00:00;21.34637
2011-01-26 00:00:00;21.471655
2011-01-26 01:00:00;21.574646
2011-01-26 02:00:00;21.672483
2011-01-26 03:00:00;21.787762
2011-01-26 04:00:00;21.937696
2011-01-26 05:00:00;22.116787
2011-01-26 06:00:00;22.25781
2011-01-26 07:00:00;22.346405
2011-01-26 08:00:00;22.377853
2011-01-26 09:00:00;22.368502
2011-01-26 10:00:00;22.32217
2011-01-26 11:00:00;22.255508
2011-01-26 12:00:00;22.16981
2011-01-26 13:00:00;22.066404
2011-01-26 14:00:00;21.943563
2011-01-26 15:00:00;21.805141
2011-01-26 16:00:00;21.654448
2011-01-26 17:00:00;21.494165
2011-01-26 18:00:00;21.326464
2011-01-26 19:00:00;21.153109
2011-01-26 20:00:00;20.975515
2011-01-26 21:00:00;20.794842
2011-01-26 22:00:00;20.612019
2011-01-26 23:00:00;20.4278
2011-01-27 00:00:00;20.242788
2011-01-27 01:00:00;20.057476
2011-01-27 02:00:00;19.87226
2011-01-27 03:00:00;19.687454
2011-01-27 04:00:00;19.503311
2011-01-27 05:00:00;19.320038
2011-01-27 06:00:00;19.137793
2011-01-27 07:00:00;18.956701
2011-01-27 08:00:00;18.776869
2011-01-27 09:00:00;18.598372
2011-01-27 10:00:00;18.42127
2011-01-27 11:00:00;18.245613
2011-01-27 12:00:00;18.071432
2011-01-27 13:00:00;17.898754
2011-01-27 14:00:00;17.727598
2011-01-27 15:00:00;17.55797
2011-01-27 16:00:00;17.38988
2011-01-27 17:00:00;17.223328
2011-01-27 18:00:00;17.05832
2011-01-27 19:00:00;16.89484
2011-01-27 20:00:00;16.732893
2011-01-27 21:00:00;16.57247
2011-01-27 22:00:00;16.413559
2011-01-27 23:00:00;16.256151
2011-01-28 00:00:00;16.100237
2011-01-28 01:00:00;15.945805
2011-01-28 02:00:00;15.792846
2011-01-28 03:00:00;15.641343
2011-01-28 04:00:00;15.491288
2011-01-28 05:00:00;15.342666
2011-01-28 06:00:00;15.195466
2011-01-28 07:00:00;15.049675
2011-01-28 08:00:00;14.905278
2011-01-28 09:00:00;14.762265
2011-01-28 10:00:00;14.620622
2011-01-28 11:00:00;14.480335
2011-01-28 12:00:00;14.341395
2011-01-28 13:00:00;14.203787
2011-01-28 14:00:00;14.067497
2011-01-28 15:00:00;13.932517
2011-01-28 16:00:00;13.798829
2011-01-28 17:00:00;13.666424
2011-01-28 18:00:00;13.535288
2011-01-28 19:00:00;13.405411
2011-01-28 20:00:00;13.27678
2011-01-28 21:00:00;13.149383
2011-01-28 22:00:00;13.023209
2011-01-28 23:00:00;12.898244
2011-01-29 00:00:00;12.774478
2011-01-29 01:00:00;12.6519
2011-01-29 02:00:00;12.5304985
2011-01-29 03:00:00;12.410262
2011-01-29 04:00:00;12.291179
2011-01-29 05:00:00;12.173239
2011-01-29 06:00:00;12.05643
2011-01-29 07:00:00;11.940742
2011-01-29 08:00:00;11.826164
2011-01-29 09:00:00;11.712686
2011-01-29 10:00:00;11.600297
2011-01-29 11:00:00;11.488984
2011-01-29 12:00:00;11.378741
2011-01-29 13:00:00;11.269557
2011-01-29 14:00:00;11.161419
2011-01-29 15:00:00;11.054318
2011-01-29 16:00:00;10.948247
2011-01-29 17:00:00;10.843192
2011-01-29 18:00:00;10.739147
2011-01-29 19:00:00;10.636099
2011-01-29 20:00:00;10.5340395
2011-01-29 21:00:00;10.4329605
2011-01-29 22:00:00;10.332851
2011-01-29 23:00:00;10.233702
2011-01-30 00:00:00;10.135505
2011-01-30 01:00:00;10.038249
2011-01-30 02:00:00;9.941926
2011-01-30 03:00:00;9.846529
2011-01-30 04:00:00;9.752045
2011-01-30 05:00:00;9.658468
2011-01-30 06:00:00;9.56579
2011-01-30 07:00:00;9.474003
2011-01-30 08:00:00;9.383094
2011-01-30 09:00:00;9.293058
2011-01-30 10:00:00;9.203887
2011-01-30 11:00:00;9.11557
2011-01-30 12:00:00;9.028101
2011-01-30 13:00:00;8.941472
2011-01-30 14:00:00;8.855674
2011-01-30 15:00:00;8.770699
2011-01-30 16:00:00;8.686539
2011-01-30 17:00:00;8.603187
2011-01-30 18:00:00;8.520635
2011-01-30 19:00:00;8.438874
2011-01-30 20:00:00;8.3579
2011-01-30 21:00:00;8.2777
2011-01-30 22:00:00;8.198271
2011-01-30 23:00:00;8.119604
2011-01-31 00:00:00;8.041693
2011-01-31 01:00:00;7.9645286
2011-01-31 02:00:00;7.8881044
2011-01-31 03:00:00;7.812414
2011-01-31 04:00:00;7.73745
2011-01-31 05:00:00;7.663205
2011-01-31 06:00:00;7.589672
2011-01-31 07:00:00;7.516845
2011-01-31 08:00:00;7.4447174
2011-01-31 09:00:00;7.373281
2011-01-31 10:00:00;7.302531
2011-01-31 11:00:00;7.232459
2011-01-31 12:00:00;7.163059
2011-01-31 13:00:00;7.094326
2011-01-31 14:00:00;7.026252
2011-01-31 15:00:00;6.9588313
2011-01-31 16:00:00;6.8920574
2011-01-31 17:00:00;6.825925
2011-01-31 18:00:00;6.760426
2011-01-31 19:00:00;6.695556
2011-01-31 20:00:00;6.631309
2011-01-31 21:00:00;6.567678
2011-01-31 22:00:00;6.504658
2011-01-31 23:00:00;6.442242
2011-02-01 00:00:00;6.380425
2011-02-01 01:00:00;6.319202
2011-02-01 02:00:00;6.258566
2011-02-01 03:00:00;6.198511
2011-02-01 04:00:00;6.139033
2011-02-01 05:00:00;6.0801263
2011-02-01 06:00:00;6.021784
2011-02-01 07:00:00;5.964001
2011-02-01 08:00:00;5.9067736
2011-02-01 09:00:00;5.850095
2011-02-01 10:00:00;5.79396
2011-02-01 11:00:00;5.7383637
2011-02-01 12:00:00;5.6833014
2011-02-01 13:00:00;5.6287675
2011-02-01 14:00:00;5.5747566
2011-02-01 15:00:00;5.5212636
2011-02-01 16:00:00;5.468284
2011-02-01 17:00:00;5.4158134
2011-02-01 18:00:00;5.3638453
2011-02-01 19:00:00;5.3123765
2011-02-01 20:00:00;5.261401
2011-02-01 21:00:00;5.210915
2011-02-01 22:00:00;5.160914
2011-02-01 23:00:00;5.111392
2011-02-02 00:00:00;5.0623455
2011-02-02 01:00:00;5.0137696
2011-02-02 02:00:00;4.96566
2011-02-02 03:00:00;4.918012
2011-02-02 04:00:00;4.870821
2011-02-02 05:00:00;4.824083
2011-02-02 06:00:00;4.777793
2011-02-02 07:00:00;4.731948
2011-02-02 08:00:00;4.6865425
2011-02-02 09:00:00;4.6415725
2011-02-02 10:00:00;4.597034
2011-02-02 11:00:00;4.552923
2011-02-02 12:00:00;4.5092354
2011-02-02 13:00:00;4.465967
2011-02-02 14:00:00;4.4231133
2011-02-02 15:00:00;4.3806715
2011-02-02 16:00:00;4.338637
2011-02-02 17:00:00;4.2970047
2011-02-02 18:00:00;4.255773
2011-02-02 19:00:00;4.2149367
2011-02-02 20:00:00;4.174492
2011-02-02 21:00:00;4.1344357
2011-02-02 22:00:00;4.0947633
2011-02-02 23:00:00;4.055472
2011-02-03 00:00:00;4.016557
2011-02-03 01:00:00;3.9780164
2011-02-03 02:00:00;3.939845
2011-02-03 03:00:00;3.9020405
2011-02-03 04:00:00;3.8645983
2011-02-03 05:00:00;3.8275154
2011-02-03 06:00:00;3.7907882
2011-02-03 07:00:00;3.7544136
2011-02-03 08:00:00;3.7183883
2011-02-03 09:00:00;3.682708
2011-02-03 10:00:00;3.6473706
2011-02-03 11:00:00;3.6123722
2011-02-03 12:00:00;3.5777094
2011-02-03 13:00:00;3.5433793
2011-02-03 14:00:00;3.5093787
2011-02-03 15:00:00;3.4757044
2011-02-03 16:00:00;3.44241
2011-02-03 17:00:00;3.4114182
2011-02-03 18:00:00;3.3980794
2011-02-03 19:00:00;3.3879018
2011-02-03 20:00:00;3.3735712
2011-02-03 21:00:00;3.3559334
2011-02-03 22:00:00;3.3356726
2011-02-03 23:00:00;3.3133433
2011-02-04 00:00:00;3.2893941
2011-02-04 01:00:00;3.264188
2011-02-04 02:00:00;3.2380195
2011-02-04 03:00:00;3.211129
2011-02-04 04:00:00;3.1838493
2011-02-04 05:00:00;3.1574028
2011-02-04 06:00:00;3.1304317
2011-02-04 07:00:00;3.1030996
2011-02-04 08:00:00;3.0758576
2011-02-04 09:00:00;3.0513303
2011-02-04 10:00:00;3.0262089
2011-02-04 11:00:00;3.0048845
2011-02-04 12:00:00;3.0290937
2011-02-04 13:00:00;3.1623497
2011-02-04 14:00:00;3.4266415
2011-02-04 15:00:00;3.8546653
2011-02-04 16:00:00;4.466123
2011-02-04 17:00:00;5.246928
2011-02-04 18:00:00;6.2059546
2011-02-04 19:00:00;7.3141875
2011-02-04 20:00:00;8.730293
2011-02-04 21:00:00;10.3281765
2011-02-04 22:00:00;11.709926
2011-02-04 23:00:00;12.810934
2011-02-05 00:00:00;13.682869
2011-02-05 01:00:00;14.358855
2011-02-05 02:00:00;14.882386
2011-02-05 03:00:00;15.287473
2011-02-05 04:00:00;15.589212
2011-02-05 05:00:00;15.809965
2011-02-05 06:00:00;15.959216
2011-02-05 07:00:00;16.050184
2011-02-05 08:00:00;16.094175
2011-02-05 09:00:00;16.10035
2011-02-05 10:00:00;16.076134
2011-02-05 11:00:00;16.027557
2011-02-05 12:00:00;15.9597645
2011-02-05 13:00:00;15.87896
2011-02-05 14:00:00;15.788102
2011-02-05 15:00:00;15.691091
2011-02-05 16:00:00;15.584721
2011-02-05 17:00:00;15.471034
2011-02-05 18:00:00;15.3519335
2011-02-05 19:00:00;15.230728
2011-02-05 20:00:00;15.105756
2011-02-05 21:00:00;14.977985
2011-02-05 22:00:00;14.848194
2011-02-05 23:00:00;14.71702
2011-02-06 00:00:00;14.5849695
2011-02-06 01:00:00;14.452453
2011-02-06 02:00:00;14.319804
2011-02-06 03:00:00;14.187288
2011-02-06 04:00:00;14.05512
2011-02-06 05:00:00;13.923472
2011-02-06 06:00:00;13.79248
2011-02-06 07:00:00;13.6622505
2011-02-06 08:00:00;13.532873
2011-02-06 09:00:00;13.404466
2011-02-06 10:00:00;13.277539
2011-02-06 11:00:00;13.152112
2011-02-06 12:00:00;13.0275135
2011-02-06 13:00:00;12.903809
2011-02-06 14:00:00;12.781044
2011-02-06 15:00:00;12.659259
2011-02-06 16:00:00;12.538482
2011-02-06 17:00:00;12.41873
2011-02-06 18:00:00;12.300023
2011-02-06 19:00:00;12.182368
2011-02-06 20:00:00;12.065771
2011-02-06 21:00:00;11.950238
2011-02-06 22:00:00;11.835768
2011-02-06 23:00:00;11.722357
2011-02-07 00:00:00;11.610004
2011-02-07 01:00:00;11.498706
2011-02-07 02:00:00;11.388455
2011-02-07 03:00:00;11.279244
2011-02-07 04:00:00;11.171071
2011-02-07 05:00:00;11.063924
2011-02-07 06:00:00;10.957799
2011-02-07 07:00:00;10.852683
2011-02-07 08:00:00;10.748569
2011-02-07 09:00:00;10.645451
2011-02-07 10:00:00;10.543319
2011-02-07 11:00:00;10.442217
2011-02-07 12:00:00;10.342525
2011-02-07 13:00:00;10.243694
2011-02-07 14:00:00;10.145732
2011-02-07 15:00:00;10.048649
2011-02-07 16:00:00;9.952444
2011-02-07 17:00:00;9.857124
2011-02-07 18:00:00;9.762756
2011-02-07 19:00:00;9.669854
2011-02-07 20:00:00;9.577698
2011-02-07 21:00:00;9.486305
2011-02-07 22:00:00;9.395694
2011-02-07 23:00:00;9.305872
2011-02-08 00:00:00;9.21685
2011-02-08 01:00:00;9.128631
2011-02-08 02:00:00;9.041216
2011-02-08 03:00:00;8.954606
2011-02-08 04:00:00;8.868799
2011-02-08 05:00:00;8.7837925
2011-02-08 06:00:00;8.699586
2011-02-08 07:00:00;8.616332
2011-02-08 08:00:00;8.53965
2011-02-08 09:00:00;8.519745
2011-02-08 10:00:00;8.5703125
2011-02-08 11:00:00;8.595355
2011-02-08 12:00:00;8.5998535
2011-02-08 13:00:00;8.587849
2011-02-08 14:00:00;8.562616
2011-02-08 15:00:00;8.526807
2011-02-08 16:00:00;8.48257
2011-02-08 17:00:00;8.431644
2011-02-08 18:00:00;8.375442
2011-02-08 19:00:00;8.3151045
2011-02-08 20:00:00;8.251556
2011-02-08 21:00:00;8.185543
2011-02-08 22:00:00;8.117673
2011-02-08 23:00:00;8.048433
2011-02-09 00:00:00;7.978221
2011-02-09 01:00:00;7.907354
2011-02-09 02:00:00;7.8360906
2011-02-09 03:00:00;7.7646384
2011-02-09 04:00:00;7.693164
2011-02-09 05:00:00;7.6218014
2011-02-09 06:00:00;7.550659
2011-02-09 07:00:00;7.4798217
2011-02-09 08:00:00;7.4093585
2011-02-09 09:00:00;7.3393235
2011-02-09 10:00:00;7.2697597
2011-02-09 11:00:00;7.200703
2011-02-09 12:00:00;7.132291
2011-02-09 13:00:00;7.06538
2011-02-09 14:00:00;6.998823
2011-02-09 15:00:00;6.9326696
2011-02-09 16:00:00;6.866961
2011-02-09 17:00:00;6.801729
2011-02-09 18:00:00;6.7369986
2011-02-09 19:00:00;6.672787
2011-02-09 20:00:00;6.6091104
2011-02-09 21:00:00;6.5459776
2011-02-09 22:00:00;6.483397
2011-02-09 23:00:00;6.421373
2011-02-10 00:00:00;6.3599076
2011-02-10 01:00:00;6.299004
2011-02-10 02:00:00;6.2386613
2011-02-10 03:00:00;6.1788797
2011-02-10 04:00:00;6.1196556
2011-02-10 05:00:00;6.060987
2011-02-10 06:00:00;6.002872
2011-02-10 07:00:00;5.945306
2011-02-10 08:00:00;5.8882866
2011-02-10 09:00:00;5.831808
2011-02-10 10:00:00;5.775867
2011-02-10 11:00:00;5.7204595
2011-02-10 12:00:00;5.6655807
2011-02-10 13:00:00;5.6112266
2011-02-10 14:00:00;5.5573916
2011-02-10 15:00:00;5.5040717
2011-02-10 16:00:00;5.4512625
2011-02-10 17:00:00;5.3989615
2011-02-10 18:00:00;5.347249
2011-02-10 19:00:00;5.2967687
2011-02-10 20:00:00;5.2466164
2011-02-10 21:00:00;5.196905
2011-02-10 22:00:00;5.1511884
2011-02-10 23:00:00;5.153611
2011-02-11 00:00:00;5.3732452
2011-02-11 01:00:00;5.9389343
2011-02-11 02:00:00;6.5831323
2011-02-11 03:00:00;7.3348517
2011-02-11 04:00:00;8.071465
2011-02-11 05:00:00;8.873769
2011-02-11 06:00:00;9.728511
2011-02-11 07:00:00;10.660581
2011-02-11 08:00:00;11.946083
2011-02-11 09:00:00;13.077447
2011-02-11 10:00:00;13.997404
2011-02-11 11:00:00;14.780389
2011-02-11 12:00:00;15.403882
2011-02-11 13:00:00;16.076921
2011-02-11 14:00:00;16.909374
2011-02-11 15:00:00;17.786509
2011-02-11 16:00:00;18.809841
2011-02-11 17:00:00;19.772089
2011-02-11 18:00:00;20.648905
2011-02-11 19:00:00;21.360382
2011-02-11 20:00:00;21.89497
2011-02-11 21:00:00;22.289585
2011-02-11 22:00:00;22.621471
2011-02-11 23:00:00;23.023079
2011-02-12 00:00:00;23.40915
2011-02-12 01:00:00;23.71396
2011-02-12 02:00:00;23.91626
2011-02-12 03:00:00;24.043324
2011-02-12 04:00:00;24.175213
2011-02-12 05:00:00;24.341278
2011-02-12 06:00:00;24.527588
2011-02-12 07:00:00;24.694265
2011-02-12 08:00:00;24.822422
2011-02-12 09:00:00;24.8912
2011-02-12 10:00:00;24.909079
2011-02-12 11:00:00;24.87845
2011-02-12 12:00:00;24.80988
2011-02-12 13:00:00;24.72303
2011-02-12 14:00:00;24.672733
2011-02-12 15:00:00;24.79274
2011-02-12 16:00:00;25.112383
2011-02-12 17:00:00;25.323883
2011-02-12 18:00:00;25.448093
2011-02-12 19:00:00;25.50194
2011-02-12 20:00:00;25.499304
2011-02-12 21:00:00;25.45265
2011-02-12 22:00:00;25.369734
2011-02-12 23:00:00;25.25723
2011-02-13 00:00:00;25.121147
2011-02-13 01:00:00;24.966356
2011-02-13 02:00:00;24.79692
2011-02-13 03:00:00;24.61998
2011-02-13 04:00:00;24.47101
2011-02-13 05:00:00;24.345236
2011-02-13 06:00:00;24.331202
2011-02-13 07:00:00;24.988377
2011-02-13 08:00:00;26.343483
2011-02-13 09:00:00;28.031452
2011-02-13 10:00:00;29.770357
2011-02-13 11:00:00;31.180984
2011-02-13 12:00:00;32.278187
2011-02-13 13:00:00;33.123226
2011-02-13 14:00:00;33.8206
2011-02-13 15:00:00;34.344627
2011-02-13 16:00:00;34.719143
2011-02-13 17:00:00;34.97004
2011-02-13 18:00:00;35.154213
2011-02-13 19:00:00;35.249344
2011-02-13 20:00:00;35.271408
2011-02-13 21:00:00;35.22557
2011-02-13 22:00:00;35.125214
2011-02-13 23:00:00;34.981186
2011-02-14 00:00:00;34.802288
2011-02-14 01:00:00;34.59566
2011-02-14 02:00:00;34.367104
2011-02-14 03:00:00;34.12131
2011-02-14 04:00:00;33.862106
2011-02-14 05:00:00;33.592583
2011-02-14 06:00:00;33.31523
2011-02-14 07:00:00;33.03209
2011-02-14 08:00:00;32.7448
2011-02-14 09:00:00;32.454693
2011-02-14 10:00:00;32.163002
2011-02-14 11:00:00;31.876162
2011-02-14 12:00:00;31.646156
2011-02-14 13:00:00;31.517769
2011-02-14 14:00:00;31.535835
2011-02-14 15:00:00;31.6307
2011-02-14 16:00:00;31.649994
2011-02-14 17:00:00;31.609207
2011-02-14 18:00:00;31.519918
2011-02-14 19:00:00;31.392
2011-02-14 20:00:00;31.232496
2011-02-14 21:00:00;31.047876
2011-02-14 22:00:00;30.843393
2011-02-14 23:00:00;30.623304
2011-02-15 00:00:00;30.391062
2011-02-15 01:00:00;30.149464
2011-02-15 02:00:00;29.900778
2011-02-15 03:00:00;29.646841
2011-02-15 04:00:00;29.38914
2011-02-15 05:00:00;29.128874
2011-02-15 06:00:00;28.867018
2011-02-15 07:00:00;28.604353
2011-02-15 08:00:00;28.341513
2011-02-15 09:00:00;28.079008
2011-02-15 10:00:00;27.817406
2011-02-15 11:00:00;27.558195
2011-02-15 12:00:00;27.300018
2011-02-15 13:00:00;27.043142
2011-02-15 14:00:00;26.787775
2011-02-15 15:00:00;26.53408
2011-02-15 16:00:00;26.282192
2011-02-15 17:00:00;26.032211
2011-02-15 18:00:00;25.784353
2011-02-15 19:00:00;25.539711
2011-02-15 20:00:00;25.296907
2011-02-15 21:00:00;25.056385
2011-02-15 22:00:00;24.820986
2011-02-15 23:00:00;24.586899
2011-02-16 00:00:00;24.35429
2011-02-16 01:00:00;24.123285
2011-02-16 02:00:00;23.893993
2011-02-16 03:00:00;23.66649
2011-02-16 04:00:00;23.440866
2011-02-16 05:00:00;23.217556
2011-02-16 06:00:00;22.99832
2011-02-16 07:00:00;22.781303
2011-02-16 08:00:00;22.565676
2011-02-16 09:00:00;22.351559
2011-02-16 10:00:00;22.139042
2011-02-16 11:00:00;21.928194
2011-02-16 12:00:00;21.71907
2011-02-16 13:00:00;21.511766
2011-02-16 14:00:00;21.306692
2011-02-16 15:00:00;21.103336
2011-02-16 16:00:00;20.901724
2011-02-16 17:00:00;20.701954
2011-02-16 18:00:00;20.50455
2011-02-16 19:00:00;20.30881
2011-02-16 20:00:00;20.114756
2011-02-16 21:00:00;19.92241
2011-02-16 22:00:00;19.731781
2011-02-16 23:00:00;19.542881
2011-02-17 00:00:00;19.355715
2011-02-17 01:00:00;19.170273
2011-02-17 02:00:00;18.986557
2011-02-17 03:00:00;18.80456
2011-02-17 04:00:00;18.624275
2011-02-17 05:00:00;18.44569
2011-02-17 06:00:00;18.268797
2011-02-17 07:00:00;18.09358
2011-02-17 08:00:00;17.920027
2011-02-17 09:00:00;17.748133
2011-02-17 10:00:00;17.578018
2011-02-17 11:00:00;17.410707
2011-02-17 12:00:00;17.244745
2011-02-17 13:00:00;17.080244
2011-02-17 14:00:00;16.917889
2011-02-17 15:00:00;16.758158
2011-02-17 16:00:00;16.600723
2011-02-17 17:00:00;16.447248
2011-02-17 18:00:00;16.295517
2011-02-17 19:00:00;16.145147
2011-02-17 20:00:00;15.995088
2011-02-17 21:00:00;15.845551
2011-02-17 22:00:00;15.696704
2011-02-17 23:00:00;15.548682
2011-02-18 00:00:00;15.401589
2011-02-18 01:00:00;15.255511
2011-02-18 02:00:00;15.110512
2011-02-18 03:00:00;14.966642
2011-02-18 04:00:00;14.823939
2011-02-18 05:00:00;14.682436
2011-02-18 06:00:00;14.542151
2011-02-18 07:00:00;14.403098
2011-02-18 08:00:00;14.265287
2011-02-18 09:00:00;14.128724
2011-02-18 10:00:00;13.99341
2011-02-18 11:00:00;13.859347
2011-02-18 12:00:00;13.726531
2011-02-18 13:00:00;13.594956
2011-02-18 14:00:00;13.464617
2011-02-18 15:00:00;13.335508
2011-02-18 16:00:00;13.207621
2011-02-18 17:00:00;13.080951
2011-02-18 18:00:00;12.955616
2011-02-18 19:00:00;12.832598
2011-02-18 20:00:00;12.710514
2011-02-18 21:00:00;12.589404
2011-02-18 22:00:00;12.469294
2011-02-18 23:00:00;12.350205
2011-02-19 00:00:00;12.232154
2011-02-19 01:00:00;12.1151495
2011-02-19 02:00:00;11.999197
2011-02-19 03:00:00;11.884301
2011-02-19 04:00:00;11.77046
2011-02-19 05:00:00;11.657675
2011-02-19 06:00:00;11.545942
2011-02-19 07:00:00;11.435258
2011-02-19 08:00:00;11.325617
2011-02-19 09:00:00;11.21701
2011-02-19 10:00:00;11.109433
2011-02-19 11:00:00;11.002877
2011-02-19 12:00:00;10.897336
2011-02-19 13:00:00;10.7928
2011-02-19 14:00:00;10.689262
2011-02-19 15:00:00;10.586717
2011-02-19 16:00:00;10.48533
2011-02-19 17:00:00;10.386388
2011-02-19 18:00:00;10.28808
2011-02-19 19:00:00;10.190458
2011-02-19 20:00:00;10.093567
2011-02-19 21:00:00;9.997437
2011-02-19 22:00:00;9.902092
2011-02-19 23:00:00;9.807551
2011-02-20 00:00:00;9.713827
2011-02-20 01:00:00;9.620931
2011-02-20 02:00:00;9.528865
2011-02-20 03:00:00;9.437636
2011-02-20 04:00:00;9.347243
2011-02-20 05:00:00;9.257687
2011-02-20 06:00:00;9.168964
2011-02-20 07:00:00;9.081072
2011-02-20 08:00:00;8.994006
2011-02-20 09:00:00;8.907762
2011-02-20 10:00:00;8.822334
2011-02-20 11:00:00;8.737718
2011-02-20 12:00:00;8.653907
2011-02-20 13:00:00;8.570892
2011-02-20 14:00:00;8.488671
2011-02-20 15:00:00;8.407235
2011-02-20 16:00:00;8.326575
2011-02-20 17:00:00;8.246689
2011-02-20 18:00:00;8.167566
2011-02-20 19:00:00;8.089202
2011-02-20 20:00:00;8.011587
2011-02-20 21:00:00;7.934717
2011-02-20 22:00:00;7.858582
2011-02-20 23:00:00;7.783178
2011-02-21 00:00:00;7.7084966
2011-02-21 01:00:00;7.634531
2011-02-21 02:00:00;7.5612755
2011-02-21 03:00:00;7.488722
2011-02-21 04:00:00;7.416865
2011-02-21 05:00:00;7.3456964
2011-02-21 06:00:00;7.275212
2011-02-21 07:00:00;7.2054024
2011-02-21 08:00:00;7.136264
2011-02-21 09:00:00;7.067788
2011-02-21 10:00:00;6.99997
2011-02-21 11:00:00;6.932801
2011-02-21 12:00:00;6.8662767
2011-02-21 13:00:00;6.800391
2011-02-21 14:00:00;6.735138
2011-02-21 15:00:00;6.670511
2011-02-21 16:00:00;6.6065035
2011-02-21 17:00:00;6.5431113
2011-02-21 18:00:00;6.4803267
2011-02-21 19:00:00;6.418144
2011-02-21 20:00:00;6.3565583
2011-02-21 21:00:00;6.2955637
2011-02-21 22:00:00;6.235155
2011-02-21 23:00:00;6.1753254
2011-02-22 00:00:00;6.1160693
2011-02-22 01:00:00;6.0573826
2011-02-22 02:00:00;5.9992595
2011-02-22 03:00:00;5.941693
2011-02-22 04:00:00;5.8846793
2011-02-22 05:00:00;5.8282123
2011-02-22 06:00:00;5.772288
2011-02-22 07:00:00;5.7168994
2011-02-22 08:00:00;5.6620426
2011-02-22 09:00:00;5.6077127
2011-02-22 10:00:00;5.553904
2011-02-22 11:00:00;5.5006113
2011-02-22 12:00:00;5.44783
2011-02-22 13:00:00;5.395555
2011-02-22 14:00:00;5.3437815
2011-02-22 15:00:00;5.2925057
2011-02-22 16:00:00;5.2417207
2011-02-22 17:00:00;5.191423
2011-02-22 18:00:00;5.1416087
2011-02-22 19:00:00;5.0922723
2011-02-22 20:00:00;5.043409
2011-02-22 21:00:00;4.9950147
2011-02-22 22:00:00;4.947085
2011-02-22 23:00:00;4.899615
2011-02-23 00:00:00;4.8526
2011-02-23 01:00:00;4.806037
2011-02-23 02:00:00;4.7599206
2011-02-23 03:00:00;4.7142463
2011-02-23 04:00:00;4.6690106
2011-02-23 05:00:00;4.6242094
2011-02-23 06:00:00;4.5798373
2011-02-23 07:00:00;4.5358915
2011-02-23 08:00:00;4.4923673
2011-02-23 09:00:00;4.44926
2011-02-23 10:00:00;4.4065676
2011-02-23 11:00:00;4.364284
2011-02-23 12:00:00;4.3224063
2011-02-23 13:00:00;4.2809305
2011-02-23 14:00:00;4.239853
2011-02-23 15:00:00;4.199169
2011-02-23 16:00:00;4.158876
2011-02-23 17:00:00;4.118969
2011-02-23 18:00:00;4.0794454
2011-02-23 19:00:00;4.040301
2011-02-23 20:00:00;4.001532
2011-02-23 21:00:00;3.9631352
2011-02-23 22:00:00;3.9251068
2011-02-23 23:00:00;3.887443
2011-02-24 00:00:00;3.850141
2011-02-24 01:00:00;3.8131971
2011-02-24 02:00:00;3.7766075
2011-02-24 03:00:00;3.7403688
2011-02-24 04:00:00;3.704478
2011-02-24 05:00:00;3.6689317
2011-02-24 06:00:00;3.6337261
2011-02-24 07:00:00;3.5988588
2011-02-24 08:00:00;3.5643258
2011-02-24 09:00:00;3.5301244
2011-02-24 10:00:00;3.4962506
2011-02-24 11:00:00;3.4627023
2011-02-24 12:00:00;3.4294755
2011-02-24 13:00:00;3.396676
2011-02-24 14:00:00;3.3679016
2011-02-24 15:00:00;3.370783
2011-02-24 16:00:00;3.3669665
2011-02-24 17:00:00;3.3577802
2011-02-24 18:00:00;3.3443005
2011-02-24 19:00:00;3.3273985
2011-02-24 20:00:00;3.3077805
2011-02-24 21:00:00;3.2860174
2011-02-24 22:00:00;3.2625728
2011-02-24 23:00:00;3.2378209
2011-02-25 00:00:00;3.2120638
2011-02-25 01:00:00;3.1855476
2011-02-25 02:00:00;3.1584697
2011-02-25 03:00:00;3.1309905
2011-02-25 04:00:00;3.103239
2011-02-25 05:00:00;3.0753195
2011-02-25 06:00:00;3.0473158
2011-02-25 07:00:00;3.0192955
2011-02-25 08:00:00;2.9913127
2011-02-25 09:00:00;2.963411
2011-02-25 10:00:00;2.935625
2011-02-25 11:00:00;2.9079828
2011-02-25 12:00:00;2.8805058
2011-02-25 13:00:00;2.8532119
2011-02-25 14:00:00;2.826114
2011-02-25 15:00:00;2.7992234
2011-02-25 16:00:00;2.7725472
2011-02-25 17:00:00;2.7460947
2011-02-25 18:00:00;2.7199373
2011-02-25 19:00:00;2.6946008
2011-02-25 20:00:00;2.669363
2011-02-25 21:00:00;2.6442502
2011-02-25 22:00:00;2.6192832
2011-02-25 23:00:00;2.5944788
2011-02-26 00:00:00;2.5698502
2011-02-26 01:00:00;2.545407
2011-02-26 02:00:00;2.5211577
2011-02-26 03:00:00;2.4971075
2011-02-26 04:00:00;2.4732618
2011-02-26 05:00:00;2.4496229
2011-02-26 06:00:00;2.4261928
2011-02-26 07:00:00;2.4029734
2011-02-26 08:00:00;2.3799655
2011-02-26 09:00:00;2.3571684
2011-02-26 10:00:00;2.3345828
2011-02-26 11:00:00;2.312209
2011-02-26 12:00:00;2.2901008
2011-02-26 13:00:00;2.2687504
2011-02-26 14:00:00;2.2483962
2011-02-26 15:00:00;2.2279704
2011-02-26 16:00:00;2.2075756
2011-02-26 17:00:00;2.187645
2011-02-26 18:00:00;2.1676683
2011-02-26 19:00:00;2.1476905
2011-02-26 20:00:00;2.1277492
2011-02-26 21:00:00;2.1078725
2011-02-26 22:00:00;2.088084
2011-02-26 23:00:00;2.0684352
2011-02-27 00:00:00;2.0500364
2011-02-27 01:00:00;2.041305
2011-02-27 02:00:00;2.0305836
2011-02-27 03:00:00;2.0182843
2011-02-27 04:00:00;2.004741
2011-02-27 05:00:00;1.9902233
2011-02-27 06:00:00;1.9749506
2011-02-27 07:00:00;1.9590992
2011-02-27 08:00:00;1.9428124
2011-02-27 09:00:00;1.9262325
2011-02-27 10:00:00;1.9103382
2011-02-27 11:00:00;1.9020797
2011-02-27 12:00:00;1.8932698
2011-02-27 13:00:00;1.8892131
2011-02-27 14:00:00;1.8902465
2011-02-27 15:00:00;1.8893174
2011-02-27 16:00:00;1.89849
2011-02-27 17:00:00;1.9518727
2011-02-27 18:00:00;2.0464332
2011-02-27 19:00:00;2.1615434
2011-02-27 20:00:00;2.261794
2011-02-27 21:00:00;2.3381426
2011-02-27 22:00:00;2.395169
2011-02-27 23:00:00;2.436584
2011-02-28 00:00:00;2.4653952
2011-02-28 01:00:00;2.484089
2011-02-28 02:00:00;2.4950302
2011-02-28 03:00:00;2.4992738
2011-02-28 04:00:00;2.4981344
2011-02-28 05:00:00;2.4926755
2011-02-28 06:00:00;2.48376
2011-02-28 07:00:00;2.4720864
2011-02-28 08:00:00;2.45822
2011-02-28 09:00:00;2.4426198
2011-02-28 10:00:00;2.4257083
2011-02-28 11:00:00;2.4086
2011-02-28 12:00:00;2.4062722
2011-02-28 13:00:00;2.568183
2011-02-28 14:00:00;3.1074746
2011-02-28 15:00:00;4.098538
2011-02-28 16:00:00;4.8871355
2011-02-28 17:00:00;5.5111985
2011-02-28 18:00:00;6.002532
2011-02-28 19:00:00;6.3860683
2011-02-28 20:00:00;6.6828003
2011-02-28 21:00:00;6.9088693
2011-02-28 22:00:00;7.0778103
2011-02-28 23:00:00;7.200584
