0.5460609755059498,"[0.00000000e+00 8.28013205e-01 1.24787924e+00 6.66925784e-01
 5.77197112e-01 0.00000000e+00 1.20390486e+02 0.00000000e+00
 0.00000000e+00 2.78602991e+02 4.40158491e+01 2.28157338e+00
 7.94041730e+00 2.82996081e+00 1.38372814e-01 5.00835124e+01
 8.44204316e-01 2.53077968e-01 1.75935946e-01 5.10305191e-01
 5.81087667e+03 6.22016532e-03 8.61357743e-01]"
0.38779554902972513,"[0.00000000e+00 5.44107382e-01 1.93555926e+00 5.30284819e-01
 5.07361618e-01 0.00000000e+00 1.58373812e+02 0.00000000e+00
 0.00000000e+00 1.52037697e+02 2.37176493e+02 9.77618526e-01
 6.04715719e+00 2.28353698e+00 3.13618183e-01 5.23212134e+01
 7.57801344e-01 9.76756954e-02 1.59321300e-01 7.00955654e-01
 4.69830933e+03 3.58728433e-03 7.09183481e-01]"
0.218220205128282,"[0.00000000e+00 4.17844224e-01 1.42070182e+00 6.66925784e-01
 8.83227351e-02 0.00000000e+00 1.50979014e+02 0.00000000e+00
 0.00000000e+00 6.54170704e+01 2.74994032e+02 2.28157338e+00
 7.94041730e+00 9.83544421e-01 1.38372814e-01 5.00835124e+01
 6.36366061e-01 3.43687404e-02 1.75935946e-01 5.10305191e-01
 5.81087667e+03 6.22016532e-03 9.20614561e-01]"
0.218220205128282,"[0.00000000e+00 4.17844224e-01 1.42070182e+00 6.66925784e-01
 8.83227351e-02 0.00000000e+00 1.50979014e+02 0.00000000e+00
 0.00000000e+00 6.54170704e+01 2.74994032e+02 2.28157338e+00
 7.94041730e+00 9.83544421e-01 1.38372814e-01 5.00835124e+01
 6.36366061e-01 3.43687404e-02 1.75935946e-01 5.10305191e-01
 5.81087667e+03 6.22016532e-03 9.20614561e-01]"
0.218220205128282,"[0.00000000e+00 4.17844224e-01 1.42070182e+00 6.66925784e-01
 8.83227351e-02 0.00000000e+00 1.50979014e+02 0.00000000e+00
 0.00000000e+00 6.54170704e+01 2.74994032e+02 2.28157338e+00
 7.94041730e+00 9.83544421e-01 1.38372814e-01 5.00835124e+01
 6.36366061e-01 3.43687404e-02 1.75935946e-01 5.10305191e-01
 5.81087667e+03 6.22016532e-03 9.20614561e-01]"
0.218220205128282,"[0.00000000e+00 4.17844224e-01 1.42070182e+00 6.66925784e-01
 8.83227351e-02 0.00000000e+00 1.50979014e+02 0.00000000e+00
 0.00000000e+00 6.54170704e+01 2.74994032e+02 2.28157338e+00
 7.94041730e+00 9.83544421e-01 1.38372814e-01 5.00835124e+01
 6.36366061e-01 3.43687404e-02 1.75935946e-01 5.10305191e-01
 5.81087667e+03 6.22016532e-03 9.20614561e-01]"
0.218220205128282,"[0.00000000e+00 4.17844224e-01 1.42070182e+00 6.66925784e-01
 8.83227351e-02 0.00000000e+00 1.50979014e+02 0.00000000e+00
 0.00000000e+00 6.54170704e+01 2.74994032e+02 2.28157338e+00
 7.94041730e+00 9.83544421e-01 1.38372814e-01 5.00835124e+01
 6.36366061e-01 3.43687404e-02 1.75935946e-01 5.10305191e-01
 5.81087667e+03 6.22016532e-03 9.20614561e-01]"
0.218220205128282,"[0.00000000e+00 4.17844224e-01 1.42070182e+00 6.66925784e-01
 8.83227351e-02 0.00000000e+00 1.50979014e+02 0.00000000e+00
 0.00000000e+00 6.54170704e+01 2.74994032e+02 2.28157338e+00
 7.94041730e+00 9.83544421e-01 1.38372814e-01 5.00835124e+01
 6.36366061e-01 3.43687404e-02 1.75935946e-01 5.10305191e-01
 5.81087667e+03 6.22016532e-03 9.20614561e-01]"
0.218220205128282,"[0.00000000e+00 4.17844224e-01 1.42070182e+00 6.66925784e-01
 8.83227351e-02 0.00000000e+00 1.50979014e+02 0.00000000e+00
 0.00000000e+00 6.54170704e+01 2.74994032e+02 2.28157338e+00
 7.94041730e+00 9.83544421e-01 1.38372814e-01 5.00835124e+01
 6.36366061e-01 3.43687404e-02 1.75935946e-01 5.10305191e-01
 5.81087667e+03 6.22016532e-03 9.20614561e-01]"
0.20876052209386597,"[0.00000000e+00 7.14440007e-01 1.21321520e+00 3.75395803e-01
 3.72231350e-01 0.00000000e+00 1.14266547e+02 0.00000000e+00
 0.00000000e+00 1.80590207e+02 3.28829408e+02 6.96000321e-01
 5.03463287e+00 1.37608199e+00 6.14069465e-01 4.18256914e+01
 6.17824653e-01 9.37518930e-02 7.65529621e-02 4.94328855e-01
 5.85225587e+03 7.03894055e-03 8.76602570e-01]"
0.20876052209386597,"[0.00000000e+00 7.14440007e-01 1.21321520e+00 3.75395803e-01
 3.72231350e-01 0.00000000e+00 1.14266547e+02 0.00000000e+00
 0.00000000e+00 1.80590207e+02 3.28829408e+02 6.96000321e-01
 5.03463287e+00 1.37608199e+00 6.14069465e-01 4.18256914e+01
 6.17824653e-01 9.37518930e-02 7.65529621e-02 4.94328855e-01
 5.85225587e+03 7.03894055e-03 8.76602570e-01]"
0.20876052209386597,"[0.00000000e+00 7.14440007e-01 1.21321520e+00 3.75395803e-01
 3.72231350e-01 0.00000000e+00 1.14266547e+02 0.00000000e+00
 0.00000000e+00 1.80590207e+02 3.28829408e+02 6.96000321e-01
 5.03463287e+00 1.37608199e+00 6.14069465e-01 4.18256914e+01
 6.17824653e-01 9.37518930e-02 7.65529621e-02 4.94328855e-01
 5.85225587e+03 7.03894055e-03 8.76602570e-01]"
0.18956214756072742,"[ 0.00000000e+00 -1.02560492e-01  1.81851267e+00  3.21854944e-01
  8.06982509e-01  0.00000000e+00  1.64280064e+02  0.00000000e+00
  0.00000000e+00  2.37300375e+02  2.74994032e+02  2.28157338e+00
  2.95649899e+00  1.44277745e+00  2.58107351e-01  5.00835124e+01
  8.82756407e-01  3.43687404e-02  1.75935946e-01  4.38292079e-01
  6.41164730e+03  6.44299886e-03  9.20614561e-01]"
0.18956214756072742,"[ 0.00000000e+00 -1.02560492e-01  1.81851267e+00  3.21854944e-01
  8.06982509e-01  0.00000000e+00  1.64280064e+02  0.00000000e+00
  0.00000000e+00  2.37300375e+02  2.74994032e+02  2.28157338e+00
  2.95649899e+00  1.44277745e+00  2.58107351e-01  5.00835124e+01
  8.82756407e-01  3.43687404e-02  1.75935946e-01  4.38292079e-01
  6.41164730e+03  6.44299886e-03  9.20614561e-01]"
0.18897697768847255,"[0.00000000e+00 2.67400787e-01 1.27204147e+00 4.36939975e-01
 4.07154530e-01 0.00000000e+00 1.75489886e+02 0.00000000e+00
 0.00000000e+00 5.35041688e+01 5.82367360e+01 1.55372066e+00
 6.59469107e-01 2.29073802e+00 3.76720100e-01 1.76979827e+01
 4.48958970e-01 3.82694466e-02 1.59390467e-03 4.59870001e-01
 9.14843694e+03 6.55344141e-03 9.06164857e-01]"
0.18897697768847255,"[0.00000000e+00 2.67400787e-01 1.27204147e+00 4.36939975e-01
 4.07154530e-01 0.00000000e+00 1.75489886e+02 0.00000000e+00
 0.00000000e+00 5.35041688e+01 5.82367360e+01 1.55372066e+00
 6.59469107e-01 2.29073802e+00 3.76720100e-01 1.76979827e+01
 4.48958970e-01 3.82694466e-02 1.59390467e-03 4.59870001e-01
 9.14843694e+03 6.55344141e-03 9.06164857e-01]"
0.18196686070467838,"[0.00000000e+00 3.31401152e-01 1.43883384e+00 3.11794372e-01
 3.98007552e-01 0.00000000e+00 4.77606644e+01 0.00000000e+00
 0.00000000e+00 5.05992432e+01 1.54221963e+02 2.81716360e+00
 2.07882486e+00 8.35101327e-01 2.77606304e-01 2.94950646e+01
 8.35166824e-01 8.67972349e-02 3.72195956e-02 5.80484906e-01
 8.79353800e+03 6.21976642e-03 9.41632424e-01]"
0.18196686070467838,"[0.00000000e+00 3.31401152e-01 1.43883384e+00 3.11794372e-01
 3.98007552e-01 0.00000000e+00 4.77606644e+01 0.00000000e+00
 0.00000000e+00 5.05992432e+01 1.54221963e+02 2.81716360e+00
 2.07882486e+00 8.35101327e-01 2.77606304e-01 2.94950646e+01
 8.35166824e-01 8.67972349e-02 3.72195956e-02 5.80484906e-01
 8.79353800e+03 6.21976642e-03 9.41632424e-01]"
0.18196686070467838,"[0.00000000e+00 3.31401152e-01 1.43883384e+00 3.11794372e-01
 3.98007552e-01 0.00000000e+00 4.77606644e+01 0.00000000e+00
 0.00000000e+00 5.05992432e+01 1.54221963e+02 2.81716360e+00
 2.07882486e+00 8.35101327e-01 2.77606304e-01 2.94950646e+01
 8.35166824e-01 8.67972349e-02 3.72195956e-02 5.80484906e-01
 8.79353800e+03 6.21976642e-03 9.41632424e-01]"
0.18196686070467838,"[0.00000000e+00 3.31401152e-01 1.43883384e+00 3.11794372e-01
 3.98007552e-01 0.00000000e+00 4.77606644e+01 0.00000000e+00
 0.00000000e+00 5.05992432e+01 1.54221963e+02 2.81716360e+00
 2.07882486e+00 8.35101327e-01 2.77606304e-01 2.94950646e+01
 8.35166824e-01 8.67972349e-02 3.72195956e-02 5.80484906e-01
 8.79353800e+03 6.21976642e-03 9.41632424e-01]"
0.18196686070467838,"[0.00000000e+00 3.31401152e-01 1.43883384e+00 3.11794372e-01
 3.98007552e-01 0.00000000e+00 4.77606644e+01 0.00000000e+00
 0.00000000e+00 5.05992432e+01 1.54221963e+02 2.81716360e+00
 2.07882486e+00 8.35101327e-01 2.77606304e-01 2.94950646e+01
 8.35166824e-01 8.67972349e-02 3.72195956e-02 5.80484906e-01
 8.79353800e+03 6.21976642e-03 9.41632424e-01]"
0.1817678518361534,"[0.00000000e+00 5.08461728e-01 1.46612608e+00 2.07425005e-02
 1.52616245e+00 0.00000000e+00 3.94611811e+01 0.00000000e+00
 0.00000000e+00 2.40724796e+02 1.65346241e+02 3.66965032e+00
 4.94554252e+00 7.74424768e-01 7.34594894e-02 4.74808671e+01
 4.93851378e-01 6.97290824e-02 2.90540385e-02 4.03437291e-01
 9.82151574e+03 6.14819029e-03 9.95774636e-01]"
0.1817678518361534,"[0.00000000e+00 5.08461728e-01 1.46612608e+00 2.07425005e-02
 1.52616245e+00 0.00000000e+00 3.94611811e+01 0.00000000e+00
 0.00000000e+00 2.40724796e+02 1.65346241e+02 3.66965032e+00
 4.94554252e+00 7.74424768e-01 7.34594894e-02 4.74808671e+01
 4.93851378e-01 6.97290824e-02 2.90540385e-02 4.03437291e-01
 9.82151574e+03 6.14819029e-03 9.95774636e-01]"
0.18101402152185242,"[0.00000000e+00 7.56868085e-01 1.51560157e+00 1.74403613e-01
 1.06983504e+00 0.00000000e+00 5.12145933e+01 0.00000000e+00
 0.00000000e+00 1.54545328e+02 9.87167770e+01 7.42878062e-01
 4.64375632e+00 9.35569420e-01 4.17385673e-01 5.63854846e+01
 7.39481140e-01 3.73403099e-02 1.90260520e-02 6.14852875e-01
 7.27954557e+03 6.65958851e-03 8.16933626e-01]"
0.17641973280846013,"[0.00000000e+00 9.92440527e-01 1.41984887e+00 2.74977751e-01
 1.05054042e+00 0.00000000e+00 1.27953390e+01 0.00000000e+00
 0.00000000e+00 9.02247411e+01 1.44669751e+02 2.52747363e+00
 1.66673139e+00 2.25160015e+00 3.38878967e-01 5.67781386e+01
 5.35965457e-01 1.19398708e-02 2.59422630e-02 4.71553005e-01
 5.63117860e+03 6.07241540e-03 8.23270936e-01]"
0.16927811673488125,"[0.00000000e+00 9.99244935e-01 1.22914816e+00 1.46127993e-01
 1.09620555e+00 0.00000000e+00 4.86223780e+01 0.00000000e+00
 0.00000000e+00 7.80370024e+01 1.58943503e+02 2.51540396e+00
 9.10414884e-01 3.17890746e+00 9.04291550e-01 7.86659894e+01
 4.91822478e-01 3.34158690e-02 2.15310027e-03 5.42916764e-01
 5.54428901e+03 6.52223158e-03 8.96198051e-01]"
0.16927811673488125,"[0.00000000e+00 9.99244935e-01 1.22914816e+00 1.46127993e-01
 1.09620555e+00 0.00000000e+00 4.86223780e+01 0.00000000e+00
 0.00000000e+00 7.80370024e+01 1.58943503e+02 2.51540396e+00
 9.10414884e-01 3.17890746e+00 9.04291550e-01 7.86659894e+01
 4.91822478e-01 3.34158690e-02 2.15310027e-03 5.42916764e-01
 5.54428901e+03 6.52223158e-03 8.96198051e-01]"
0.16927811673488125,"[0.00000000e+00 9.99244935e-01 1.22914816e+00 1.46127993e-01
 1.09620555e+00 0.00000000e+00 4.86223780e+01 0.00000000e+00
 0.00000000e+00 7.80370024e+01 1.58943503e+02 2.51540396e+00
 9.10414884e-01 3.17890746e+00 9.04291550e-01 7.86659894e+01
 4.91822478e-01 3.34158690e-02 2.15310027e-03 5.42916764e-01
 5.54428901e+03 6.52223158e-03 8.96198051e-01]"
0.16927811673488125,"[0.00000000e+00 9.99244935e-01 1.22914816e+00 1.46127993e-01
 1.09620555e+00 0.00000000e+00 4.86223780e+01 0.00000000e+00
 0.00000000e+00 7.80370024e+01 1.58943503e+02 2.51540396e+00
 9.10414884e-01 3.17890746e+00 9.04291550e-01 7.86659894e+01
 4.91822478e-01 3.34158690e-02 2.15310027e-03 5.42916764e-01
 5.54428901e+03 6.52223158e-03 8.96198051e-01]"
0.16927811673488125,"[0.00000000e+00 9.99244935e-01 1.22914816e+00 1.46127993e-01
 1.09620555e+00 0.00000000e+00 4.86223780e+01 0.00000000e+00
 0.00000000e+00 7.80370024e+01 1.58943503e+02 2.51540396e+00
 9.10414884e-01 3.17890746e+00 9.04291550e-01 7.86659894e+01
 4.91822478e-01 3.34158690e-02 2.15310027e-03 5.42916764e-01
 5.54428901e+03 6.52223158e-03 8.96198051e-01]"
0.16927811673488125,"[0.00000000e+00 9.99244935e-01 1.22914816e+00 1.46127993e-01
 1.09620555e+00 0.00000000e+00 4.86223780e+01 0.00000000e+00
 0.00000000e+00 7.80370024e+01 1.58943503e+02 2.51540396e+00
 9.10414884e-01 3.17890746e+00 9.04291550e-01 7.86659894e+01
 4.91822478e-01 3.34158690e-02 2.15310027e-03 5.42916764e-01
 5.54428901e+03 6.52223158e-03 8.96198051e-01]"
0.16927811673488125,"[0.00000000e+00 9.99244935e-01 1.22914816e+00 1.46127993e-01
 1.09620555e+00 0.00000000e+00 4.86223780e+01 0.00000000e+00
 0.00000000e+00 7.80370024e+01 1.58943503e+02 2.51540396e+00
 9.10414884e-01 3.17890746e+00 9.04291550e-01 7.86659894e+01
 4.91822478e-01 3.34158690e-02 2.15310027e-03 5.42916764e-01
 5.54428901e+03 6.52223158e-03 8.96198051e-01]"
0.16927811673488125,"[0.00000000e+00 9.99244935e-01 1.22914816e+00 1.46127993e-01
 1.09620555e+00 0.00000000e+00 4.86223780e+01 0.00000000e+00
 0.00000000e+00 7.80370024e+01 1.58943503e+02 2.51540396e+00
 9.10414884e-01 3.17890746e+00 9.04291550e-01 7.86659894e+01
 4.91822478e-01 3.34158690e-02 2.15310027e-03 5.42916764e-01
 5.54428901e+03 6.52223158e-03 8.96198051e-01]"
0.16927811673488125,"[0.00000000e+00 9.99244935e-01 1.22914816e+00 1.46127993e-01
 1.09620555e+00 0.00000000e+00 4.86223780e+01 0.00000000e+00
 0.00000000e+00 7.80370024e+01 1.58943503e+02 2.51540396e+00
 9.10414884e-01 3.17890746e+00 9.04291550e-01 7.86659894e+01
 4.91822478e-01 3.34158690e-02 2.15310027e-03 5.42916764e-01
 5.54428901e+03 6.52223158e-03 8.96198051e-01]"
0.16927811673488125,"[0.00000000e+00 9.99244935e-01 1.22914816e+00 1.46127993e-01
 1.09620555e+00 0.00000000e+00 4.86223780e+01 0.00000000e+00
 0.00000000e+00 7.80370024e+01 1.58943503e+02 2.51540396e+00
 9.10414884e-01 3.17890746e+00 9.04291550e-01 7.86659894e+01
 4.91822478e-01 3.34158690e-02 2.15310027e-03 5.42916764e-01
 5.54428901e+03 6.52223158e-03 8.96198051e-01]"
0.16927811673488125,"[0.00000000e+00 9.99244935e-01 1.22914816e+00 1.46127993e-01
 1.09620555e+00 0.00000000e+00 4.86223780e+01 0.00000000e+00
 0.00000000e+00 7.80370024e+01 1.58943503e+02 2.51540396e+00
 9.10414884e-01 3.17890746e+00 9.04291550e-01 7.86659894e+01
 4.91822478e-01 3.34158690e-02 2.15310027e-03 5.42916764e-01
 5.54428901e+03 6.52223158e-03 8.96198051e-01]"
0.16802898803091193,"[0.00000000e+00 9.88413822e-01 1.09386241e+00 1.01755803e-01
 9.65416402e-01 0.00000000e+00 5.69240179e+01 0.00000000e+00
 0.00000000e+00 6.89457603e+01 1.09945481e+02 9.73042731e-01
 2.26481949e-03 8.43707159e-01 9.19116630e-01 8.48147082e+01
 9.17937010e-01 3.31816591e-02 4.29633702e-03 3.64506171e-01
 5.49238283e+03 7.08507321e-03 9.28723278e-01]"
0.16664054870545353,"[0.00000000e+00 9.31781998e-01 1.21453013e+00 7.43998470e-02
 1.33894454e+00 0.00000000e+00 3.27041961e+01 0.00000000e+00
 0.00000000e+00 7.18369686e+01 9.42219790e+01 1.04848375e+00
 1.56706566e-01 8.03733646e-01 7.50961829e-01 8.31865098e+01
 6.86245056e-01 5.32477957e-03 8.96392560e-02 4.09048825e-01
 6.12183528e+03 6.83469842e-03 8.52722425e-01]"
0.16664054870545353,"[0.00000000e+00 9.31781998e-01 1.21453013e+00 7.43998470e-02
 1.33894454e+00 0.00000000e+00 3.27041961e+01 0.00000000e+00
 0.00000000e+00 7.18369686e+01 9.42219790e+01 1.04848375e+00
 1.56706566e-01 8.03733646e-01 7.50961829e-01 8.31865098e+01
 6.86245056e-01 5.32477957e-03 8.96392560e-02 4.09048825e-01
 6.12183528e+03 6.83469842e-03 8.52722425e-01]"
0.1645185622415667,"[0.00000000e+00 9.98479577e-01 1.26277782e+00 8.82973107e-02
 1.29220850e+00 0.00000000e+00 1.49736693e+01 0.00000000e+00
 0.00000000e+00 1.87878762e+00 9.02791880e+01 3.94643561e-02
 2.67712536e-01 7.07782947e-01 7.25762879e-01 9.90691258e+01
 6.22999042e-01 1.27443328e-02 4.16768613e-02 2.94356530e-01
 4.15334194e+03 6.89330572e-03 8.31257893e-01]"
0.1645185622415667,"[0.00000000e+00 9.98479577e-01 1.26277782e+00 8.82973107e-02
 1.29220850e+00 0.00000000e+00 1.49736693e+01 0.00000000e+00
 0.00000000e+00 1.87878762e+00 9.02791880e+01 3.94643561e-02
 2.67712536e-01 7.07782947e-01 7.25762879e-01 9.90691258e+01
 6.22999042e-01 1.27443328e-02 4.16768613e-02 2.94356530e-01
 4.15334194e+03 6.89330572e-03 8.31257893e-01]"
0.1645185622415667,"[0.00000000e+00 9.98479577e-01 1.26277782e+00 8.82973107e-02
 1.29220850e+00 0.00000000e+00 1.49736693e+01 0.00000000e+00
 0.00000000e+00 1.87878762e+00 9.02791880e+01 3.94643561e-02
 2.67712536e-01 7.07782947e-01 7.25762879e-01 9.90691258e+01
 6.22999042e-01 1.27443328e-02 4.16768613e-02 2.94356530e-01
 4.15334194e+03 6.89330572e-03 8.31257893e-01]"
0.1645185622415667,"[0.00000000e+00 9.98479577e-01 1.26277782e+00 8.82973107e-02
 1.29220850e+00 0.00000000e+00 1.49736693e+01 0.00000000e+00
 0.00000000e+00 1.87878762e+00 9.02791880e+01 3.94643561e-02
 2.67712536e-01 7.07782947e-01 7.25762879e-01 9.90691258e+01
 6.22999042e-01 1.27443328e-02 4.16768613e-02 2.94356530e-01
 4.15334194e+03 6.89330572e-03 8.31257893e-01]"
0.1645185622415667,"[0.00000000e+00 9.98479577e-01 1.26277782e+00 8.82973107e-02
 1.29220850e+00 0.00000000e+00 1.49736693e+01 0.00000000e+00
 0.00000000e+00 1.87878762e+00 9.02791880e+01 3.94643561e-02
 2.67712536e-01 7.07782947e-01 7.25762879e-01 9.90691258e+01
 6.22999042e-01 1.27443328e-02 4.16768613e-02 2.94356530e-01
 4.15334194e+03 6.89330572e-03 8.31257893e-01]"
0.16364420173932748,"[0.00000000e+00 9.29725307e-01 1.21452897e+00 8.18853300e-02
 1.35366043e+00 0.00000000e+00 7.87686479e+00 0.00000000e+00
 0.00000000e+00 7.68004757e+01 3.51340381e+02 1.07481641e+00
 3.20532611e-01 1.15759389e+00 2.41436463e-01 9.93477198e+01
 7.59633127e-01 4.28615205e-03 8.38614847e-02 2.18012957e-01
 5.47310370e+03 6.64415222e-03 8.29493602e-01]"
0.16364420173932748,"[0.00000000e+00 9.29725307e-01 1.21452897e+00 8.18853300e-02
 1.35366043e+00 0.00000000e+00 7.87686479e+00 0.00000000e+00
 0.00000000e+00 7.68004757e+01 3.51340381e+02 1.07481641e+00
 3.20532611e-01 1.15759389e+00 2.41436463e-01 9.93477198e+01
 7.59633127e-01 4.28615205e-03 8.38614847e-02 2.18012957e-01
 5.47310370e+03 6.64415222e-03 8.29493602e-01]"
0.16364420173932748,"[0.00000000e+00 9.29725307e-01 1.21452897e+00 8.18853300e-02
 1.35366043e+00 0.00000000e+00 7.87686479e+00 0.00000000e+00
 0.00000000e+00 7.68004757e+01 3.51340381e+02 1.07481641e+00
 3.20532611e-01 1.15759389e+00 2.41436463e-01 9.93477198e+01
 7.59633127e-01 4.28615205e-03 8.38614847e-02 2.18012957e-01
 5.47310370e+03 6.64415222e-03 8.29493602e-01]"
0.16364420173932748,"[0.00000000e+00 9.29725307e-01 1.21452897e+00 8.18853300e-02
 1.35366043e+00 0.00000000e+00 7.87686479e+00 0.00000000e+00
 0.00000000e+00 7.68004757e+01 3.51340381e+02 1.07481641e+00
 3.20532611e-01 1.15759389e+00 2.41436463e-01 9.93477198e+01
 7.59633127e-01 4.28615205e-03 8.38614847e-02 2.18012957e-01
 5.47310370e+03 6.64415222e-03 8.29493602e-01]"
0.16364420173932748,"[0.00000000e+00 9.29725307e-01 1.21452897e+00 8.18853300e-02
 1.35366043e+00 0.00000000e+00 7.87686479e+00 0.00000000e+00
 0.00000000e+00 7.68004757e+01 3.51340381e+02 1.07481641e+00
 3.20532611e-01 1.15759389e+00 2.41436463e-01 9.93477198e+01
 7.59633127e-01 4.28615205e-03 8.38614847e-02 2.18012957e-01
 5.47310370e+03 6.64415222e-03 8.29493602e-01]"
0.16364420173932748,"[0.00000000e+00 9.29725307e-01 1.21452897e+00 8.18853300e-02
 1.35366043e+00 0.00000000e+00 7.87686479e+00 0.00000000e+00
 0.00000000e+00 7.68004757e+01 3.51340381e+02 1.07481641e+00
 3.20532611e-01 1.15759389e+00 2.41436463e-01 9.93477198e+01
 7.59633127e-01 4.28615205e-03 8.38614847e-02 2.18012957e-01
 5.47310370e+03 6.64415222e-03 8.29493602e-01]"
0.16364420173932748,"[0.00000000e+00 9.29725307e-01 1.21452897e+00 8.18853300e-02
 1.35366043e+00 0.00000000e+00 7.87686479e+00 0.00000000e+00
 0.00000000e+00 7.68004757e+01 3.51340381e+02 1.07481641e+00
 3.20532611e-01 1.15759389e+00 2.41436463e-01 9.93477198e+01
 7.59633127e-01 4.28615205e-03 8.38614847e-02 2.18012957e-01
 5.47310370e+03 6.64415222e-03 8.29493602e-01]"
0.16364420173932748,"[0.00000000e+00 9.29725307e-01 1.21452897e+00 8.18853300e-02
 1.35366043e+00 0.00000000e+00 7.87686479e+00 0.00000000e+00
 0.00000000e+00 7.68004757e+01 3.51340381e+02 1.07481641e+00
 3.20532611e-01 1.15759389e+00 2.41436463e-01 9.93477198e+01
 7.59633127e-01 4.28615205e-03 8.38614847e-02 2.18012957e-01
 5.47310370e+03 6.64415222e-03 8.29493602e-01]"
0.16364420173932748,"[0.00000000e+00 9.29725307e-01 1.21452897e+00 8.18853300e-02
 1.35366043e+00 0.00000000e+00 7.87686479e+00 0.00000000e+00
 0.00000000e+00 7.68004757e+01 3.51340381e+02 1.07481641e+00
 3.20532611e-01 1.15759389e+00 2.41436463e-01 9.93477198e+01
 7.59633127e-01 4.28615205e-03 8.38614847e-02 2.18012957e-01
 5.47310370e+03 6.64415222e-03 8.29493602e-01]"
0.16364420173932748,"[0.00000000e+00 9.29725307e-01 1.21452897e+00 8.18853300e-02
 1.35366043e+00 0.00000000e+00 7.87686479e+00 0.00000000e+00
 0.00000000e+00 7.68004757e+01 3.51340381e+02 1.07481641e+00
 3.20532611e-01 1.15759389e+00 2.41436463e-01 9.93477198e+01
 7.59633127e-01 4.28615205e-03 8.38614847e-02 2.18012957e-01
 5.47310370e+03 6.64415222e-03 8.29493602e-01]"
0.16364420173932748,"[0.00000000e+00 9.29725307e-01 1.21452897e+00 8.18853300e-02
 1.35366043e+00 0.00000000e+00 7.87686479e+00 0.00000000e+00
 0.00000000e+00 7.68004757e+01 3.51340381e+02 1.07481641e+00
 3.20532611e-01 1.15759389e+00 2.41436463e-01 9.93477198e+01
 7.59633127e-01 4.28615205e-03 8.38614847e-02 2.18012957e-01
 5.47310370e+03 6.64415222e-03 8.29493602e-01]"
0.16364420173932748,"[0.00000000e+00 9.29725307e-01 1.21452897e+00 8.18853300e-02
 1.35366043e+00 0.00000000e+00 7.87686479e+00 0.00000000e+00
 0.00000000e+00 7.68004757e+01 3.51340381e+02 1.07481641e+00
 3.20532611e-01 1.15759389e+00 2.41436463e-01 9.93477198e+01
 7.59633127e-01 4.28615205e-03 8.38614847e-02 2.18012957e-01
 5.47310370e+03 6.64415222e-03 8.29493602e-01]"
0.16364420173932748,"[0.00000000e+00 9.29725307e-01 1.21452897e+00 8.18853300e-02
 1.35366043e+00 0.00000000e+00 7.87686479e+00 0.00000000e+00
 0.00000000e+00 7.68004757e+01 3.51340381e+02 1.07481641e+00
 3.20532611e-01 1.15759389e+00 2.41436463e-01 9.93477198e+01
 7.59633127e-01 4.28615205e-03 8.38614847e-02 2.18012957e-01
 5.47310370e+03 6.64415222e-03 8.29493602e-01]"
0.16364420173932748,"[0.00000000e+00 9.29725307e-01 1.21452897e+00 8.18853300e-02
 1.35366043e+00 0.00000000e+00 7.87686479e+00 0.00000000e+00
 0.00000000e+00 7.68004757e+01 3.51340381e+02 1.07481641e+00
 3.20532611e-01 1.15759389e+00 2.41436463e-01 9.93477198e+01
 7.59633127e-01 4.28615205e-03 8.38614847e-02 2.18012957e-01
 5.47310370e+03 6.64415222e-03 8.29493602e-01]"
0.16364420173932748,"[0.00000000e+00 9.29725307e-01 1.21452897e+00 8.18853300e-02
 1.35366043e+00 0.00000000e+00 7.87686479e+00 0.00000000e+00
 0.00000000e+00 7.68004757e+01 3.51340381e+02 1.07481641e+00
 3.20532611e-01 1.15759389e+00 2.41436463e-01 9.93477198e+01
 7.59633127e-01 4.28615205e-03 8.38614847e-02 2.18012957e-01
 5.47310370e+03 6.64415222e-03 8.29493602e-01]"
0.16310374423018137,"[0.00000000e+00 9.62934808e-01 1.27820501e+00 7.69067748e-02
 1.34459408e+00 0.00000000e+00 4.32701270e+01 0.00000000e+00
 0.00000000e+00 9.43462066e+01 1.96965378e+02 3.50017914e+00
 1.13352362e-01 9.52151842e-01 7.18471072e-01 7.94606177e+01
 6.36690853e-01 1.79183511e-03 7.16394822e-02 2.95487669e-01
 2.21470600e+03 6.67262392e-03 8.12118651e-01]"
0.16310374423018137,"[0.00000000e+00 9.62934808e-01 1.27820501e+00 7.69067748e-02
 1.34459408e+00 0.00000000e+00 4.32701270e+01 0.00000000e+00
 0.00000000e+00 9.43462066e+01 1.96965378e+02 3.50017914e+00
 1.13352362e-01 9.52151842e-01 7.18471072e-01 7.94606177e+01
 6.36690853e-01 1.79183511e-03 7.16394822e-02 2.95487669e-01
 2.21470600e+03 6.67262392e-03 8.12118651e-01]"
0.16310374423018137,"[0.00000000e+00 9.62934808e-01 1.27820501e+00 7.69067748e-02
 1.34459408e+00 0.00000000e+00 4.32701270e+01 0.00000000e+00
 0.00000000e+00 9.43462066e+01 1.96965378e+02 3.50017914e+00
 1.13352362e-01 9.52151842e-01 7.18471072e-01 7.94606177e+01
 6.36690853e-01 1.79183511e-03 7.16394822e-02 2.95487669e-01
 2.21470600e+03 6.67262392e-03 8.12118651e-01]"
0.16310374423018137,"[0.00000000e+00 9.62934808e-01 1.27820501e+00 7.69067748e-02
 1.34459408e+00 0.00000000e+00 4.32701270e+01 0.00000000e+00
 0.00000000e+00 9.43462066e+01 1.96965378e+02 3.50017914e+00
 1.13352362e-01 9.52151842e-01 7.18471072e-01 7.94606177e+01
 6.36690853e-01 1.79183511e-03 7.16394822e-02 2.95487669e-01
 2.21470600e+03 6.67262392e-03 8.12118651e-01]"
0.16310374423018137,"[0.00000000e+00 9.62934808e-01 1.27820501e+00 7.69067748e-02
 1.34459408e+00 0.00000000e+00 4.32701270e+01 0.00000000e+00
 0.00000000e+00 9.43462066e+01 1.96965378e+02 3.50017914e+00
 1.13352362e-01 9.52151842e-01 7.18471072e-01 7.94606177e+01
 6.36690853e-01 1.79183511e-03 7.16394822e-02 2.95487669e-01
 2.21470600e+03 6.67262392e-03 8.12118651e-01]"
0.16310374423018137,"[0.00000000e+00 9.62934808e-01 1.27820501e+00 7.69067748e-02
 1.34459408e+00 0.00000000e+00 4.32701270e+01 0.00000000e+00
 0.00000000e+00 9.43462066e+01 1.96965378e+02 3.50017914e+00
 1.13352362e-01 9.52151842e-01 7.18471072e-01 7.94606177e+01
 6.36690853e-01 1.79183511e-03 7.16394822e-02 2.95487669e-01
 2.21470600e+03 6.67262392e-03 8.12118651e-01]"
0.16255434132937396,"[0.00000000e+00 9.54468766e-01 1.22825650e+00 7.40354659e-02
 1.26480417e+00 0.00000000e+00 1.91684846e+01 0.00000000e+00
 0.00000000e+00 1.88992590e+01 1.99501447e+02 3.07042753e+00
 2.09841456e-01 3.40349814e-01 9.86630347e-01 9.64393369e+01
 8.80765093e-01 1.69461578e-03 2.60052819e-01 2.55901889e-01
 5.51620248e+03 6.89643452e-03 8.26106852e-01]"
0.16228850218192892,"[0.00000000e+00 9.62986653e-01 1.25415832e+00 1.11113998e-01
 1.20674606e+00 0.00000000e+00 8.28716350e+01 0.00000000e+00
 0.00000000e+00 5.43197353e+01 2.78051020e+02 6.48621363e-01
 2.68938147e-01 5.69614338e-01 6.17457105e-01 8.93136732e+01
 6.89212286e-01 2.28839336e-03 3.65861537e-02 2.43015071e-01
 7.35455146e+03 6.70726959e-03 8.21011546e-01]"
0.1616714816123217,"[0.00000000e+00 9.08442338e-01 1.25856635e+00 7.36225144e-02
 1.43025322e+00 0.00000000e+00 3.94166648e+01 0.00000000e+00
 0.00000000e+00 6.58958657e+01 1.53956283e+02 2.39382820e+00
 2.33510662e-01 9.74930994e-01 9.15782543e-01 4.94849130e+01
 6.52024832e-01 7.06569732e-04 7.91782515e-02 2.09341872e-01
 9.23872822e+03 6.66679468e-03 8.17809491e-01]"
0.1612910105368358,"[0.00000000e+00 9.90341313e-01 1.27121827e+00 6.85128436e-02
 1.55803270e+00 0.00000000e+00 5.68676217e+01 0.00000000e+00
 0.00000000e+00 5.37914501e+01 7.94646383e+01 2.82971856e+00
 2.29983239e-02 4.50879900e-01 9.66969586e-01 3.54550925e+01
 1.01781558e-01 1.18299589e-03 7.28168336e-02 2.30328028e-01
 7.56206232e+03 6.46027810e-03 8.35367662e-01]"
0.1612910105368358,"[0.00000000e+00 9.90341313e-01 1.27121827e+00 6.85128436e-02
 1.55803270e+00 0.00000000e+00 5.68676217e+01 0.00000000e+00
 0.00000000e+00 5.37914501e+01 7.94646383e+01 2.82971856e+00
 2.29983239e-02 4.50879900e-01 9.66969586e-01 3.54550925e+01
 1.01781558e-01 1.18299589e-03 7.28168336e-02 2.30328028e-01
 7.56206232e+03 6.46027810e-03 8.35367662e-01]"
0.1612910105368358,"[0.00000000e+00 9.90341313e-01 1.27121827e+00 6.85128436e-02
 1.55803270e+00 0.00000000e+00 5.68676217e+01 0.00000000e+00
 0.00000000e+00 5.37914501e+01 7.94646383e+01 2.82971856e+00
 2.29983239e-02 4.50879900e-01 9.66969586e-01 3.54550925e+01
 1.01781558e-01 1.18299589e-03 7.28168336e-02 2.30328028e-01
 7.56206232e+03 6.46027810e-03 8.35367662e-01]"
0.1612910105368358,"[0.00000000e+00 9.90341313e-01 1.27121827e+00 6.85128436e-02
 1.55803270e+00 0.00000000e+00 5.68676217e+01 0.00000000e+00
 0.00000000e+00 5.37914501e+01 7.94646383e+01 2.82971856e+00
 2.29983239e-02 4.50879900e-01 9.66969586e-01 3.54550925e+01
 1.01781558e-01 1.18299589e-03 7.28168336e-02 2.30328028e-01
 7.56206232e+03 6.46027810e-03 8.35367662e-01]"
0.1612910105368358,"[0.00000000e+00 9.90341313e-01 1.27121827e+00 6.85128436e-02
 1.55803270e+00 0.00000000e+00 5.68676217e+01 0.00000000e+00
 0.00000000e+00 5.37914501e+01 7.94646383e+01 2.82971856e+00
 2.29983239e-02 4.50879900e-01 9.66969586e-01 3.54550925e+01
 1.01781558e-01 1.18299589e-03 7.28168336e-02 2.30328028e-01
 7.56206232e+03 6.46027810e-03 8.35367662e-01]"
0.1612910105368358,"[0.00000000e+00 9.90341313e-01 1.27121827e+00 6.85128436e-02
 1.55803270e+00 0.00000000e+00 5.68676217e+01 0.00000000e+00
 0.00000000e+00 5.37914501e+01 7.94646383e+01 2.82971856e+00
 2.29983239e-02 4.50879900e-01 9.66969586e-01 3.54550925e+01
 1.01781558e-01 1.18299589e-03 7.28168336e-02 2.30328028e-01
 7.56206232e+03 6.46027810e-03 8.35367662e-01]"
0.1612910105368358,"[0.00000000e+00 9.90341313e-01 1.27121827e+00 6.85128436e-02
 1.55803270e+00 0.00000000e+00 5.68676217e+01 0.00000000e+00
 0.00000000e+00 5.37914501e+01 7.94646383e+01 2.82971856e+00
 2.29983239e-02 4.50879900e-01 9.66969586e-01 3.54550925e+01
 1.01781558e-01 1.18299589e-03 7.28168336e-02 2.30328028e-01
 7.56206232e+03 6.46027810e-03 8.35367662e-01]"
0.1612910105368358,"[0.00000000e+00 9.90341313e-01 1.27121827e+00 6.85128436e-02
 1.55803270e+00 0.00000000e+00 5.68676217e+01 0.00000000e+00
 0.00000000e+00 5.37914501e+01 7.94646383e+01 2.82971856e+00
 2.29983239e-02 4.50879900e-01 9.66969586e-01 3.54550925e+01
 1.01781558e-01 1.18299589e-03 7.28168336e-02 2.30328028e-01
 7.56206232e+03 6.46027810e-03 8.35367662e-01]"
0.1612910105368358,"[0.00000000e+00 9.90341313e-01 1.27121827e+00 6.85128436e-02
 1.55803270e+00 0.00000000e+00 5.68676217e+01 0.00000000e+00
 0.00000000e+00 5.37914501e+01 7.94646383e+01 2.82971856e+00
 2.29983239e-02 4.50879900e-01 9.66969586e-01 3.54550925e+01
 1.01781558e-01 1.18299589e-03 7.28168336e-02 2.30328028e-01
 7.56206232e+03 6.46027810e-03 8.35367662e-01]"
0.1612910105368358,"[0.00000000e+00 9.90341313e-01 1.27121827e+00 6.85128436e-02
 1.55803270e+00 0.00000000e+00 5.68676217e+01 0.00000000e+00
 0.00000000e+00 5.37914501e+01 7.94646383e+01 2.82971856e+00
 2.29983239e-02 4.50879900e-01 9.66969586e-01 3.54550925e+01
 1.01781558e-01 1.18299589e-03 7.28168336e-02 2.30328028e-01
 7.56206232e+03 6.46027810e-03 8.35367662e-01]"
0.1612910105368358,"[0.00000000e+00 9.90341313e-01 1.27121827e+00 6.85128436e-02
 1.55803270e+00 0.00000000e+00 5.68676217e+01 0.00000000e+00
 0.00000000e+00 5.37914501e+01 7.94646383e+01 2.82971856e+00
 2.29983239e-02 4.50879900e-01 9.66969586e-01 3.54550925e+01
 1.01781558e-01 1.18299589e-03 7.28168336e-02 2.30328028e-01
 7.56206232e+03 6.46027810e-03 8.35367662e-01]"
0.1612910105368358,"[0.00000000e+00 9.90341313e-01 1.27121827e+00 6.85128436e-02
 1.55803270e+00 0.00000000e+00 5.68676217e+01 0.00000000e+00
 0.00000000e+00 5.37914501e+01 7.94646383e+01 2.82971856e+00
 2.29983239e-02 4.50879900e-01 9.66969586e-01 3.54550925e+01
 1.01781558e-01 1.18299589e-03 7.28168336e-02 2.30328028e-01
 7.56206232e+03 6.46027810e-03 8.35367662e-01]"
0.16087492172963636,"[0.00000000e+00 9.88510474e-01 1.23447359e+00 6.28448970e-02
 1.43140728e+00 0.00000000e+00 7.61128908e+01 0.00000000e+00
 0.00000000e+00 1.27538080e+02 6.35326076e+01 2.70996239e+00
 7.50746839e-02 2.22384630e-01 8.92425776e-01 7.22678785e+01
 1.33863231e-01 5.82050809e-04 8.92158255e-02 2.24912754e-01
 7.66633395e+03 6.37388840e-03 8.44350259e-01]"
0.16087492172963636,"[0.00000000e+00 9.88510474e-01 1.23447359e+00 6.28448970e-02
 1.43140728e+00 0.00000000e+00 7.61128908e+01 0.00000000e+00
 0.00000000e+00 1.27538080e+02 6.35326076e+01 2.70996239e+00
 7.50746839e-02 2.22384630e-01 8.92425776e-01 7.22678785e+01
 1.33863231e-01 5.82050809e-04 8.92158255e-02 2.24912754e-01
 7.66633395e+03 6.37388840e-03 8.44350259e-01]"
0.16087492172963636,"[0.00000000e+00 9.88510474e-01 1.23447359e+00 6.28448970e-02
 1.43140728e+00 0.00000000e+00 7.61128908e+01 0.00000000e+00
 0.00000000e+00 1.27538080e+02 6.35326076e+01 2.70996239e+00
 7.50746839e-02 2.22384630e-01 8.92425776e-01 7.22678785e+01
 1.33863231e-01 5.82050809e-04 8.92158255e-02 2.24912754e-01
 7.66633395e+03 6.37388840e-03 8.44350259e-01]"
0.16087492172963636,"[0.00000000e+00 9.88510474e-01 1.23447359e+00 6.28448970e-02
 1.43140728e+00 0.00000000e+00 7.61128908e+01 0.00000000e+00
 0.00000000e+00 1.27538080e+02 6.35326076e+01 2.70996239e+00
 7.50746839e-02 2.22384630e-01 8.92425776e-01 7.22678785e+01
 1.33863231e-01 5.82050809e-04 8.92158255e-02 2.24912754e-01
 7.66633395e+03 6.37388840e-03 8.44350259e-01]"
0.16087492172963636,"[0.00000000e+00 9.88510474e-01 1.23447359e+00 6.28448970e-02
 1.43140728e+00 0.00000000e+00 7.61128908e+01 0.00000000e+00
 0.00000000e+00 1.27538080e+02 6.35326076e+01 2.70996239e+00
 7.50746839e-02 2.22384630e-01 8.92425776e-01 7.22678785e+01
 1.33863231e-01 5.82050809e-04 8.92158255e-02 2.24912754e-01
 7.66633395e+03 6.37388840e-03 8.44350259e-01]"
0.16087492172963636,"[0.00000000e+00 9.88510474e-01 1.23447359e+00 6.28448970e-02
 1.43140728e+00 0.00000000e+00 7.61128908e+01 0.00000000e+00
 0.00000000e+00 1.27538080e+02 6.35326076e+01 2.70996239e+00
 7.50746839e-02 2.22384630e-01 8.92425776e-01 7.22678785e+01
 1.33863231e-01 5.82050809e-04 8.92158255e-02 2.24912754e-01
 7.66633395e+03 6.37388840e-03 8.44350259e-01]"
0.16087492172963636,"[0.00000000e+00 9.88510474e-01 1.23447359e+00 6.28448970e-02
 1.43140728e+00 0.00000000e+00 7.61128908e+01 0.00000000e+00
 0.00000000e+00 1.27538080e+02 6.35326076e+01 2.70996239e+00
 7.50746839e-02 2.22384630e-01 8.92425776e-01 7.22678785e+01
 1.33863231e-01 5.82050809e-04 8.92158255e-02 2.24912754e-01
 7.66633395e+03 6.37388840e-03 8.44350259e-01]"
0.16087492172963636,"[0.00000000e+00 9.88510474e-01 1.23447359e+00 6.28448970e-02
 1.43140728e+00 0.00000000e+00 7.61128908e+01 0.00000000e+00
 0.00000000e+00 1.27538080e+02 6.35326076e+01 2.70996239e+00
 7.50746839e-02 2.22384630e-01 8.92425776e-01 7.22678785e+01
 1.33863231e-01 5.82050809e-04 8.92158255e-02 2.24912754e-01
 7.66633395e+03 6.37388840e-03 8.44350259e-01]"
0.16087492172963636,"[0.00000000e+00 9.88510474e-01 1.23447359e+00 6.28448970e-02
 1.43140728e+00 0.00000000e+00 7.61128908e+01 0.00000000e+00
 0.00000000e+00 1.27538080e+02 6.35326076e+01 2.70996239e+00
 7.50746839e-02 2.22384630e-01 8.92425776e-01 7.22678785e+01
 1.33863231e-01 5.82050809e-04 8.92158255e-02 2.24912754e-01
 7.66633395e+03 6.37388840e-03 8.44350259e-01]"
0.16087492172963636,"[0.00000000e+00 9.88510474e-01 1.23447359e+00 6.28448970e-02
 1.43140728e+00 0.00000000e+00 7.61128908e+01 0.00000000e+00
 0.00000000e+00 1.27538080e+02 6.35326076e+01 2.70996239e+00
 7.50746839e-02 2.22384630e-01 8.92425776e-01 7.22678785e+01
 1.33863231e-01 5.82050809e-04 8.92158255e-02 2.24912754e-01
 7.66633395e+03 6.37388840e-03 8.44350259e-01]"
0.16087492172963636,"[0.00000000e+00 9.88510474e-01 1.23447359e+00 6.28448970e-02
 1.43140728e+00 0.00000000e+00 7.61128908e+01 0.00000000e+00
 0.00000000e+00 1.27538080e+02 6.35326076e+01 2.70996239e+00
 7.50746839e-02 2.22384630e-01 8.92425776e-01 7.22678785e+01
 1.33863231e-01 5.82050809e-04 8.92158255e-02 2.24912754e-01
 7.66633395e+03 6.37388840e-03 8.44350259e-01]"
