,new_ofv_old_params,new_opt_params,new_opt_ofv
0,0.09891111393881102,"[ 0.00000000e+00 -5.35866891e-01  1.52057848e+00  3.03618180e-01
  2.81876156e-01  6.08252496e+01  1.32223793e+02  1.30171416e+02
  1.96751760e+00  4.68281920e+01  1.10890406e+02  5.02970220e-01
  2.40327326e+00  4.45105236e-01  9.95416516e-01  5.43238838e+01
  8.29627681e-01  1.31726477e-04  7.95740027e-01  1.75755347e-01
  6.56117524e+03  9.20396186e-03  9.98176355e-01]",0.0979013630566049
1,0.10012631756594492,"[ 0.00000000e+00 -5.16223933e-01  1.50894794e+00  3.18235588e-01
  1.05194705e-01  7.60548471e+01  1.40860758e+02  1.46196875e+02
  2.27825732e+00  9.19063771e+01  8.06701357e+01  3.52662162e+00
  1.01066872e+00  1.44080877e+00  8.93500375e-01  7.32502131e+01
  7.38143616e-01  2.68328043e-05  9.84274187e-03  2.16005480e-01
  3.83306687e+03  9.12370195e-03  9.99375881e-01]",0.09891808430020876
2,0.10226560647867922,"[ 0.00000000e+00 -5.64421282e-01  1.91550354e+00  1.55225820e-01
  5.04870230e-02  3.31902635e+01  1.15107558e+02  8.39834668e+01
  1.91112858e+00  4.57654953e+01  2.56953694e+01  1.57989942e+00
  6.82471967e-01  1.48904555e+00  9.62393350e-01  6.80408908e+01
  9.10721631e-01  3.89213719e-03  1.31197498e-01  1.84213730e-01
  8.57404329e+03  1.34997389e-02  8.74002019e-01]",0.09811093799185333
3,0.09691854184951709,"[ 0.00000000e+00 -5.33800702e-01  1.40978006e+00  2.69901480e-01
  2.59513770e-01  8.68085557e+01  1.34303097e+02  1.57969208e+02
  2.65045131e+00  3.58802855e+02  1.16362491e+02  5.29950825e-01
  7.06685702e-01  2.01065110e+00  8.45875751e-01  9.19054021e+01
  8.18621179e-01  4.01621918e-05  6.63673605e-01  1.74781429e-01
  1.98401555e+03  9.25725115e-03  9.97534830e-01]",0.09581295274011326
4,0.10094949304840994,"[ 0.00000000e+00 -5.34400487e-01  1.55090737e+00  3.59433544e-01
  1.53694505e-01  9.29380836e+01  1.78791097e+02  1.60722510e+02
  2.65299252e+00  2.59592831e+02  5.70189838e+01  2.18068270e+00
  2.12110431e+00  2.57536923e-01  8.96936828e-01  2.28921954e+01
  8.61678817e-01  3.15980712e-04  7.66287392e-01  1.86211612e-01
  9.72494564e+03  9.12704247e-03  9.92665776e-01]",0.10053185830843181
5,0.09891701148701526,"[ 0.00000000e+00 -5.27034959e-01  1.43572124e+00  2.77956170e-01
  2.64096711e-01  7.98142916e+01  1.34758963e+02  1.48094062e+02
  2.33390000e+00  2.55072481e+02  1.01507819e+02  1.74591876e+00
  1.02834121e+00  1.70266192e+00  8.28550143e-01  8.95755674e+01
  3.10685525e-01  2.07194671e-04  9.34486682e-01  1.69309637e-01
  1.59867027e+03  9.25619822e-03  9.99617269e-01]",0.09815449395522202
6,0.09466919607622082,"[ 0.00000000e+00 -5.27310580e-01  1.46565178e+00  3.02987927e-01
  1.99891291e-01  9.80547121e+01  1.74693577e+02  1.67587634e+02
  2.79720392e+00  1.64361426e+02  5.58069876e+01  3.36787052e+00
  9.67027264e-01  1.68774995e+00  8.94680328e-01  1.89721608e+01
  4.88702680e-01  2.12471679e-04  3.26817328e-01  1.87961940e-01
  3.20156384e+03  9.33331844e-03  9.99211957e-01]",0.09342773396350579
7,0.09990252774449793,"[ 0.00000000e+00 -5.64222473e-01  1.60092241e+00  1.17451039e-02
  6.84284781e-01  5.09994190e+01  1.57860894e+02  1.28783281e+02
  1.63453941e+00  2.10167467e+02  1.34938099e+01  1.39916082e+00
  1.51317185e+00  4.76090356e-01  9.48920298e-01  7.61455339e+01
  2.85710258e-01  1.44196211e-04  2.09017358e-01  1.24171050e-01
  3.81665271e+03  1.27099898e-02  9.89152843e-01]",0.0949147861634202
8,0.09952825346981353,"[ 0.00000000e+00 -6.53090580e-01  1.41925719e+00  2.97489548e-01
  1.68867607e-01  8.04309801e+01  1.56861179e+02  8.89830828e+01
  1.94193881e+00  1.83307200e+02  2.10765722e+02  2.70478036e+00
  5.49772242e-02  2.00814055e+00  9.78306054e-01  4.72218751e+01
  8.27813784e-01  1.54123778e-04  9.17218057e-01  1.91214386e-01
  1.51311056e+03  9.77562236e-03  9.99293366e-01]",0.09859229326585428
9,0.09822624575132632,"[ 0.00000000e+00 -5.30879174e-01  1.45657506e+00  2.61775230e-01
  3.38722810e-01  5.47273727e+01  1.30397781e+02  1.23324360e+02
  1.89150585e+00  3.23188692e+02  1.93666938e+01  1.49161875e+00
  7.60507257e-03  1.99666428e+00  9.36866435e-01  3.45240153e+01
  4.91045004e-01  3.81791843e-04  4.64089363e-01  1.79392807e-01
  3.59642768e+03  8.98678882e-03  9.99846670e-01]",0.09772369009111004
10,0.10277492862324689,"[ 0.00000000e+00 -5.64438617e-01  1.55533678e+00  1.26284121e-02
  6.71934412e-01  7.01334158e+01  1.46788472e+02  1.46977900e+02
  1.93660460e+00  2.56166388e+02  7.28898887e+01  1.54047938e+00
  2.70903290e-01  1.40433134e+00  9.27919679e-01  3.70778796e+01
  6.85639694e-01  1.29934951e-04  7.14059230e-02  1.30307500e-01
  6.43732804e+03  1.28984532e-02  9.82214535e-01]",0.09799540832728038
11,0.09900617715608906,"[ 0.00000000e+00 -5.32789887e-01  1.44864707e+00  2.75398216e-01
  2.09033347e-01  6.59796802e+01  1.19394320e+02  1.34438649e+02
  2.09279756e+00  3.31925237e+02  6.58629576e+01  2.06410639e+00
  7.30872977e-01  2.18546003e+00  9.57069350e-01  7.77227407e+01
  6.00465946e-01  9.22150065e-05  6.40802456e-01  2.23270437e-01
  1.72690680e+03  9.31411569e-03  9.95612426e-01]",0.09853614969892299
12,0.09925509806778843,"[ 0.00000000e+00 -5.65358788e-01  1.42408299e+00  2.30090042e-01
  4.19695655e-01  5.97772206e+01  8.32786709e+01  3.06607463e+01
  8.60769683e-01  3.05714902e+02  1.94056722e+02  3.30908444e+00
  1.31853886e+00  2.60056007e-02  9.81427702e-01  5.55232161e+01
  6.02584304e-01  2.86352277e-04  3.21555488e-01  1.62801501e-01
  9.12229028e+03  1.01633094e-02  9.98945145e-01]",0.09883439245907477
13,0.10267072313123227,"[ 0.00000000e+00 -5.52489359e-01  1.43413637e+00  1.36351973e-01
  1.56467005e-02  3.18295905e+01  1.51927454e+02  8.91976132e+01
  1.95387488e+00  2.55847666e+01  7.67418189e+01  1.06958228e+00
  2.30555481e-01  2.14874480e+00  9.90700828e-01  8.39001102e+01
  9.73043080e-01  4.24613076e-04  3.79457291e-01  1.88304235e-01
  9.47790888e+03  1.40426270e-02  8.96722346e-01]",0.09641820098916198
14,0.10515234181246935,"[ 0.00000000e+00 -5.21345192e-01  1.48283955e+00  2.61289905e-01
  3.10523227e-01  2.48293903e+01  1.56481378e+02  9.34781931e+01
  1.30140163e+00  3.10722369e+02  4.46179648e+01  1.92523481e+00
  2.20446006e+00  1.04847288e+00  9.70152500e-01  2.37215470e+01
  7.09368042e-02  2.42918413e-04  3.29374534e-01  2.06875941e-01
  6.92798793e+03  9.13256861e-03  9.89722042e-01]",0.10568604837116224
15,0.09754510348008871,"[ 0.00000000e+00 -5.25921558e-01  1.46970289e+00  3.48358999e-01
  3.43024956e-02  9.98084379e+01  1.41215302e+02  1.66913791e+02
  2.98529823e+00  2.69451963e+02  8.10536298e+01  3.87862526e+00
  1.56271139e+00  9.55961595e-01  7.54309124e-01  5.61160245e+01
  6.68287407e-01  1.36166705e-04  3.87136031e-01  1.91505030e-01
  3.12886528e+03  9.12489346e-03  9.95309814e-01]",0.09644168743009673
16,0.1023897765348949,"[ 0.00000000e+00 -5.53461015e-01  1.95689574e+00  1.71431517e-01
  9.39399379e-03  4.31825861e+01  1.23609498e+02  9.63848678e+01
  2.21736648e+00  1.85224098e+02  9.27198768e+01  1.83112111e+00
  8.05809246e-01  1.50601509e+00  8.70591016e-01  8.41462302e+01
  4.42364958e-01  6.62659458e-03  4.14746213e-02  2.17955411e-01
  4.57215277e+03  1.34576333e-02  8.94114040e-01]",0.09759612457892541
17,0.10216237595073197,"[ 0.00000000e+00 -5.28128876e-01  1.51329701e+00  3.15676083e-01
  2.00496401e-01  5.85951538e+01  1.85518385e+02  1.28736029e+02
  1.82844713e+00  3.32337277e+02  6.78432963e+01  4.05405594e-01
  2.70633692e+00  5.15539406e-02  6.24784070e-01  9.17759298e+01
  1.20597917e-01  3.33244710e-04  7.21726730e-01  1.66643621e-01
  7.85688653e+03  9.24290182e-03  9.98838669e-01]",0.10243693897098993
18,0.09844629201047028,"[ 0.00000000e+00 -8.35404148e-01  1.24116270e+00  2.58894291e-01
  1.54755036e-01  2.25158023e+01  5.92866940e+01  4.54785659e+00
  4.49420463e-01  3.66121649e+02  1.45964881e+02  1.06559129e+00
  1.11710580e+00  2.03115801e+00  9.05454230e-01  8.29614395e+01
  2.80805509e-01  4.73039024e-05  4.90232065e-01  1.75293218e-01
  6.96365445e+03  9.36758987e-03  9.99838225e-01]",0.09371661661510555
19,0.10128841607924277,"[ 0.00000000e+00 -5.43345144e-01  1.96137882e+00  1.70872981e-01
  2.09055826e-02  8.05117282e+01  1.96044833e+02  1.33161075e+02
  2.88698419e+00  2.29220853e+02  5.86399207e+01  1.61406308e+00
  1.42872221e+00  1.07266306e+00  9.49006350e-01  2.99501224e+01
  5.20439580e-02  9.23397309e-04  9.56914227e-02  2.39344973e-01
  4.28521827e+03  1.36104061e-02  8.78260038e-01]",0.09635041673925504
20,0.105024095707004,"[ 0.00000000e+00 -5.69549770e-01  1.40062026e+00  1.57882759e-02
  5.94250628e-01  9.14105323e+01  1.84650689e+02  1.73582942e+02
  2.25332534e+00  7.75955409e+01  8.65336222e+01  9.30761387e-01
  1.47106424e+00  1.72448556e-01  8.55440468e-01  7.72968531e+01
  3.22759566e-01  1.09665495e-03  1.13461878e-01  1.35401264e-01
  5.72041031e+03  1.30652299e-02  9.97560227e-01]",0.09684321745093749
21,0.10216046093821207,"[ 0.00000000e+00 -5.15266682e-01  1.41986123e+00  3.40192400e-01
  5.66765438e-02  9.06883959e+01  1.94993197e+02  1.60554123e+02
  2.69672435e+00  1.94651436e+02  5.98307254e+01  2.04381411e+00
  1.15483600e+00  1.41325281e+00  9.98039494e-01  6.16831139e+01
  4.91727061e-01  2.33246976e-04  2.74238950e-01  2.14774851e-01
  4.54402627e+03  9.27709422e-03  9.99177270e-01]",0.10095015349173164
22,0.09829493038241532,"[ 0.00000000e+00 -4.77118933e-01  1.54852348e+00  3.94029474e-01
  1.37149712e-02  9.21986137e+01  1.05970342e+02  1.03221653e+02
  2.51575853e+00  2.67030883e+02  1.60790767e+02  3.31992093e+00
  2.10125813e+00  1.30960034e+00  9.10386136e-01  6.28091761e+01
  5.94621181e-01  4.05509592e-04  1.70748691e-01  1.83226807e-01
  5.05796868e+03  8.91450339e-03  9.99349731e-01]",0.09747974857222519
23,0.10478394543374914,"[ 0.00000000e+00 -5.55825186e-01  1.61525174e+00  1.42457937e-01
  2.90145507e-02  2.09001303e+01  8.29352527e+01  8.11489624e+01
  1.35454079e+00  1.30751457e+02  2.71483411e+01  1.54237711e+00
  1.30867700e+00  1.06456264e+00  9.55087306e-01  7.44734178e+01
  6.38493343e-01  1.31899861e-02  1.52503267e-02  1.81730155e-01
  5.30293652e+03  1.35878909e-02  9.58160693e-01]",0.09714822318264593
24,0.09958238248974371,"[ 0.00000000e+00 -5.23931124e-01  1.46696122e+00  3.18620569e-01
  1.75230570e-01  9.39900760e+01  1.45241953e+02  1.61087898e+02
  2.66355488e+00  1.05990772e+02  2.03475879e+01  7.63515180e-01
  1.68668439e+00  1.16198264e+00  9.35743654e-01  4.20454331e+01
  9.26859125e-01  5.30549907e-04  2.11788840e-01  1.73943606e-01
  2.84253147e+03  9.01630032e-03  9.99532263e-01]",0.09819324220465842
25,0.09923041089211004,"[ 0.00000000e+00 -5.31241386e-01  1.46248437e+00  3.40743872e-01
  4.37043880e-02  7.86925912e+01  1.48834951e+02  1.45179412e+02
  2.48711674e+00  2.27113459e+02  8.25524718e+01  1.76608034e+00
  1.91694834e+00  6.92249976e-01  8.25135091e-01  8.60195576e+01
  8.46814082e-01  8.31445209e-05  6.62453794e-01  1.91085537e-01
  5.64446035e+03  9.29549196e-03  9.95961828e-01]",0.09859232610912372
26,0.10461549902225198,"[ 0.00000000e+00 -5.66266032e-01  1.98650729e+00  1.62973416e-01
  3.51453895e-02  2.41277372e+01  2.33956471e+01  7.96077447e+01
  1.64402954e+00  1.92359475e+02  1.78783683e+01  2.41288169e+00
  3.96343048e-01  2.69155264e+00  9.43023479e-01  5.44529953e+01
  7.18210627e-01  2.56703789e-03  9.79304703e-02  2.24348124e-01
  3.41984266e+03  1.36872031e-02  8.83840578e-01]",0.09768760661357767
27,0.09811046247988198,"[ 0.00000000e+00 -5.22562183e-01  1.44293269e+00  3.05665414e-01
  2.09499123e-01  8.53590644e+01  7.81444551e+01  1.56028410e+02
  2.66627641e+00  2.65931376e+02  1.91312719e+01  3.29946405e+00
  9.63104462e-01  1.67836284e+00  8.26023674e-01  5.05914463e+01
  6.10624030e-01  3.74002606e-04  9.98047970e-01  1.61501220e-01
  8.74201881e+03  9.32789823e-03  9.98729390e-01]",0.09731338239905873
28,0.09948359471566937,"[ 0.00000000e+00 -5.64308007e-01  1.98523657e+00  1.71462482e-01
  3.90273388e-03  1.44194154e+01  1.48424831e+02  7.25633775e+01
  1.25787873e+00  1.51861622e+02  8.11260559e+01  2.36892169e+00
  1.00702008e+00  1.39743657e+00  9.80547116e-01  2.27783547e+01
  3.56521777e-01  5.50599570e-03  8.31234088e-02  2.17811978e-01
  9.34175768e+03  1.36767582e-02  8.99466760e-01]",0.09668972075211135
29,0.09901034891185234,"[ 0.00000000e+00 -5.25151854e-01  1.45201770e+00  3.40182738e-01
  4.56064592e-02  8.53277557e+01  1.63471277e+02  1.54740152e+02
  2.44114227e+00  1.97849208e+02  7.39267543e+01  7.11102653e-01
  1.02898370e+00  1.74185199e+00  8.42304230e-01  1.83377687e+01
  1.41899069e-01  1.22573330e-04  4.47695211e-01  1.92706724e-01
  5.56367262e+03  9.09097363e-03  9.99272184e-01]",0.09766440353240291
30,0.09958193956693062,"[ 0.00000000e+00 -5.21249378e-01  1.41256642e+00  2.73982061e-01
  2.44445162e-01  8.31108175e+01  1.83195229e+02  1.53088935e+02
  2.57532815e+00  2.60058356e+02  1.07895748e+02  3.23001281e+00
  8.80158382e-01  2.13141886e+00  8.81101974e-01  9.07511311e+01
  4.56120890e-01  7.81985379e-04  3.24758296e-01  2.01029591e-01
  7.52389769e+03  9.37285441e-03  9.98387729e-01]",0.09889543991743388
31,0.09588534739338095,"[ 0.00000000e+00 -5.66997181e-01  1.14270325e+00  2.77426829e-01
  7.48139072e-02  9.02655631e-01  4.67028189e+00  3.14241975e+00
  2.65556616e-01  3.39821737e+02  7.30912442e+01  8.30112322e-01
  2.17924192e+00  4.84709122e-01  9.12327393e-01  4.71936697e+01
  1.14808708e-01  9.31955312e-05  5.75934086e-01  1.79314972e-01
  8.09187986e+03  9.48610112e-03  9.98494283e-01]",0.08967750094350335
32,0.10024188440772563,"[ 0.00000000e+00 -5.36165576e-01  1.48827433e+00  3.31733073e-01
  1.19580961e-01  9.11941825e+01  9.89058418e+01  1.59010324e+02
  2.73546017e+00  3.93637916e+01  7.90946856e+01  1.65875184e+00
  9.73382046e-01  1.01780951e+00  9.18120691e-01  3.81837526e+01
  1.95697293e-01  2.62237762e-04  7.72265919e-01  2.02509877e-01
  5.96650823e+03  9.20709020e-03  9.93944907e-01]",0.09918787979009769
33,0.1039777183318904,"[ 0.00000000e+00 -5.64058652e-01  1.89604472e+00  1.63174243e-01
  2.24559257e-02  5.32100370e+01  1.00845338e+02  1.08934342e+02
  2.33259838e+00  2.55518031e+02  7.15587536e+01  9.53618447e-01
  9.97546493e-01  1.24834125e+00  7.41253467e-01  4.48439698e+01
  6.15070113e-01  1.20153008e-03  2.03674074e-01  1.98660314e-01
  4.14151236e+03  1.38983491e-02  8.84087293e-01]",0.09347367207826185
34,0.09795334673497214,"[ 0.00000000e+00 -5.40069084e-01  1.45016858e+00  3.48146190e-01
  5.67371097e-02  9.29899670e+01  4.62222663e+01  1.61285357e+02
  2.70628103e+00  2.74841341e+02  3.37259798e+00  2.90634882e+00
  7.50400731e-01  1.15464563e+00  9.75316997e-01  1.92836673e+01
  9.30538984e-01  2.09488098e-04  4.87201891e-01  1.75145676e-01
  7.51773932e+03  9.32531874e-03  9.99297580e-01]",0.09682024903833164
35,0.10120027059220582,"[ 0.00000000e+00 -5.41178198e-01  1.97960740e+00  1.73315338e-01
  1.02099668e-02  6.07045455e+01  1.22174513e+02  1.12122387e+02
  2.72102627e+00  1.48245977e+02  3.30795282e+00  2.94236988e+00
  1.08793054e+00  1.28142225e+00  7.82088871e-01  3.80676176e+01
  2.97747375e-01  3.09962748e-04  1.64233465e-01  2.28768561e-01
  3.31060834e+03  1.34604157e-02  8.73913357e-01]",0.09658538017219742
36,0.09832750840810522,"[ 0.00000000e+00 -5.20981454e-01  1.47381921e+00  3.07009277e-01
  1.46769573e-01  7.79139544e+01  7.66097332e+01  1.47618396e+02
  2.36431626e+00  3.00884568e+01  1.41993370e+01  3.77336569e+00
  2.06321270e+00  7.41968107e-01  9.52589548e-01  9.72066875e+01
  5.47218284e-01  3.77853927e-04  1.55405368e-01  1.76145057e-01
  5.79737465e+03  9.40939304e-03  9.96647799e-01]",0.09739108840924204
37,0.1012448699399967,"[ 0.00000000e+00 -9.72426038e-01  1.99149640e+00  1.69135420e-01
  8.52324975e-03  6.82026942e+01  9.37517791e+01  1.25624382e+02
  2.77530313e+00  3.13917400e+02  3.06547397e+01  2.58167078e+00
  1.21571388e+00  1.60854786e+00  9.50094879e-01  2.77219253e+01
  6.07565624e-01  3.87791425e-03  1.05272626e-01  2.07014226e-01
  1.36222051e+03  1.36387530e-02  8.98336381e-01]",0.09891715930474998
38,0.10051216636498828,"[ 0.00000000e+00 -5.25094214e-01  1.46880926e+00  2.91478875e-01
  2.32955951e-01  8.77781128e+01  1.86877369e+02  1.55773423e+02
  2.54908190e+00  1.52608461e+02  1.32662176e+02  1.19208466e+00
  1.77378323e+00  1.57431454e+00  8.94009876e-01  4.46613046e+01
  5.56538309e-01  1.60406858e-04  3.85654890e-01  2.27832203e-01
  3.82309175e+03  8.93601987e-03  9.99146771e-01]",0.09944237879424289
39,0.10008675069789608,"[ 0.00000000e+00 -5.19676785e-01  1.40917253e+00  3.18278124e-01
  1.38383712e-01  9.12031866e+01  1.18903598e+02  1.60384209e+02
  2.69835572e+00  1.87944915e+02  5.35628704e+01  3.85327721e+00
  2.26154347e+00  4.49608241e-01  9.86214165e-01  9.27489412e+01
  6.99633693e-01  7.42546513e-04  1.46091006e-01  1.64045819e-01
  3.34269074e+03  9.27836142e-03  9.99040194e-01]",0.09918314032207343
40,0.09372459134843736,"[ 0.00000000e+00 -5.36284642e-01  1.53982128e+00  3.36097643e-01
  1.70554612e-01  4.88781701e+01  1.50362100e+02  1.17379282e+02
  1.81657089e+00  2.76387866e+02  1.18259059e+02  3.85910056e+00
  2.06584246e+00  1.04533111e+00  9.50345397e-01  3.02949594e+01
  5.76268677e-01  1.12633817e-03  5.85166945e-01  1.94480114e-01
  8.98680673e+03  8.90267512e-03  9.98933342e-01]",0.09343594189091742
41,0.10218670354873383,"[ 0.00000000e+00 -5.62050611e-01  1.94262562e+00  1.68903348e-01
  9.95828242e-03  5.42364500e+01  1.74043412e+02  1.07485062e+02
  2.43583983e+00  1.56636449e+02  3.55170268e+01  3.36572559e+00
  1.77452452e+00  6.19545603e-02  9.40194446e-01  5.36489175e+01
  2.28849047e-01  1.00648401e-02  3.05132409e-02  2.16021805e-01
  8.82440264e+03  1.34112823e-02  9.09900451e-01]",0.09681134888517096
42,0.10003179652296412,"[ 0.00000000e+00 -5.24413679e-01  1.33335392e+00  1.61164576e-01
  4.95501736e-01  2.70470902e+01  7.79867002e+01  2.27494927e+01
  6.17007052e-01  2.73781055e+02  1.58356983e+02  2.75330941e+00
  8.14362624e-01  1.05801283e+00  9.93817759e-01  7.14978298e+01
  1.23502400e-01  8.78115273e-04  6.60377674e-01  2.06506059e-01
  8.76074414e+03  9.53293362e-03  9.99575705e-01]",0.09852684473925666
43,0.10040521988088791,"[ 0.00000000e+00 -5.16332428e-01  1.47602949e+00  2.80001484e-01
  3.49661111e-01  8.31887283e+01  1.65932932e+02  1.52774913e+02
  2.40329798e+00  1.62100107e+02  1.27112893e+02  2.03466981e+00
  3.77381014e-01  2.19944320e+00  9.52532646e-01  7.26836994e+01
  1.65958290e-01  1.96553406e-04  5.28991005e-01  1.71654674e-01
  5.23013345e+03  9.22407058e-03  9.96684788e-01]",0.09954020117222095
44,0.10546842943808354,"[ 0.00000000e+00 -5.72102037e-01  1.83228478e+00  1.60159610e-01
  1.01090577e-02  5.31688831e+01  1.33933141e+02  1.06414997e+02
  2.50026421e+00  3.65931297e+02  4.29575762e+01  3.13594368e+00
  7.62234211e-01  5.29922826e-01  8.25474717e-01  5.08326018e+01
  2.43247508e-01  6.41896677e-03  1.19641793e-01  1.93267643e-01
  2.33013129e+03  1.37825047e-02  9.00232998e-01]",0.09789393114667455
45,0.09878694769635965,"[ 0.00000000e+00 -5.26485397e-01  1.52638407e+00  3.43619105e-01
  1.15859696e-01  4.23259217e+01  1.90478402e+02  1.10877114e+02
  1.71740104e+00  1.31442978e+02  1.64316833e+02  2.89907656e+00
  2.44112787e+00  6.91811347e-01  9.99110474e-01  9.67046205e+01
  7.85474807e-01  6.99765372e-04  4.86964999e-01  2.39200920e-01
  2.41814923e+02  9.07707501e-03  9.98816368e-01]",0.09835770289330514
46,0.0970298147043428,"[ 0.00000000e+00 -5.25273473e-01  1.42763962e+00  3.27328489e-01
  1.39858314e-01  7.51830136e+01  8.18705788e+01  1.43634364e+02
  2.29032065e+00  3.56451966e+02  8.44284780e+00  2.21451344e+00
  2.30319100e+00  6.40417292e-01  9.93677139e-01  3.12434595e+01
  2.98419323e-02  4.64204683e-05  4.04904002e-01  2.00427267e-01
  1.27166964e+03  9.24524978e-03  9.96765323e-01]",0.09597006052426005
47,0.10180104532759504,"[ 0.00000000e+00 -5.52248945e-01  1.92868371e+00  1.72828003e-01
  1.80839277e-03  9.27682159e+01  9.50679787e+01  8.91986132e+01
  2.19009496e+00  3.19857551e+02  1.45162106e+02  1.37014646e+00
  2.48811337e+00  4.39060147e-02  9.68983438e-01  5.08260490e+01
  6.06908505e-01  1.85741590e-03  3.80632040e-01  2.54305799e-01
  5.95611556e+02  1.34030886e-02  8.76638852e-01]",0.10069660109396938
48,0.09989367647955305,"[ 0.00000000e+00 -5.23047266e-01  1.43616706e+00  2.59208267e-01
  2.92114896e-01  8.89873770e+01  1.85444719e+02  1.56940884e+02
  2.58583531e+00  4.37022625e+01  1.36267959e+02  1.14743610e+00
  8.28977046e-01  2.15051435e+00  9.95112816e-01  9.32493124e+01
  7.24516181e-01  4.04201492e-04  1.87044762e-01  1.96704214e-01
  2.75058526e+03  9.02410875e-03  9.97714629e-01]",0.09840914968929859
49,0.1023630626813039,"[ 0.00000000e+00 -5.30212231e-01  1.42599292e+00  2.98117245e-01
  1.04594003e-01  6.09825593e+01  8.36583133e+01  1.28632498e+02
  2.09891639e+00  1.73492292e+02  7.19173281e+01  3.77250069e+00
  2.61639643e+00  7.27239462e-01  9.44584535e-01  9.81404464e+01
  7.69675138e-01  8.66759880e-06  7.87810101e-01  2.06261604e-01
  6.29600145e+03  9.41789239e-03  9.95199004e-01]",0.10165269593402138
50,0.09597755540005859,"[ 0.00000000e+00 -5.37288725e-01  1.45377482e+00  3.21849791e-01
  1.77628251e-01  8.71370358e+01  1.44315307e+02  1.55773837e+02
  2.60025683e+00  1.00854267e+02  9.43504469e+01  2.60132029e+00
  1.46087304e+00  6.74713880e-01  9.90039852e-01  3.60320945e+01
  4.08097677e-01  5.54207682e-05  3.90599135e-01  1.92499885e-01
  7.97605093e+03  9.65323522e-03  9.99314552e-01]",0.09505266340873286
51,0.10139693137553829,"[ 0.00000000e+00 -5.15590270e-01  1.40687998e+00  2.84295066e-01
  1.62998801e-01  9.16539982e+01  1.91656641e+02  1.58808574e+02
  2.66559645e+00  2.96858590e+02  1.46517145e+02  2.76366717e+00
  1.04427470e+00  1.34313956e+00  9.67164875e-01  9.85534044e+01
  8.76085301e-01  2.51305774e-04  5.45481229e-02  2.08267456e-01
  6.55437612e+03  9.45575644e-03  9.96565952e-01]",0.10014205216794103
52,0.09810069870063531,"[ 0.00000000e+00 -5.30119809e-01  1.47051109e+00  3.29192553e-01
  1.57699559e-01  8.54867805e+01  1.28945770e+02  1.53565582e+02
  2.42092814e+00  3.27326493e+02  2.82191710e+01  3.18479963e+00
  1.48671178e+00  6.56225192e-01  8.57504476e-01  5.88043956e+01
  4.45133156e-02  2.56965864e-06  5.03093710e-01  1.87032627e-01
  7.32379905e+02  9.20614395e-03  9.97850724e-01]",0.09703439000485381
53,0.10071226401525157,"[ 0.00000000e+00 -5.32206614e-01  1.43582286e+00  3.40000384e-01
  4.22719870e-02  9.72938102e+01  1.49845724e+02  1.62732285e+02
  2.80436689e+00  2.40129012e+02  3.31842226e+01  6.63918511e-01
  1.13368102e+00  1.70843906e+00  9.94376018e-01  7.19866366e+01
  2.91894251e-02  1.48346270e-04  1.31656000e-01  2.17011265e-01
  6.27972672e+03  8.71097072e-03  9.96107255e-01]",0.09855191297161348
54,0.09962047201928359,"[ 0.00000000e+00 -5.64601620e-01  1.44324345e+00  2.74129211e-01
  2.96065986e-01  8.51492806e+01  1.78030442e+02  4.01264554e+01
  1.25303086e+00  2.17111381e+02  2.88906342e+02  2.39252009e+00
  2.47186995e+00  1.30865384e-01  9.04515036e-01  3.94581975e+01
  7.77476753e-01  4.55364582e-04  4.60911555e-01  1.87841423e-01
  4.27953396e+03  9.83331598e-03  9.98167389e-01]",0.09896719907465323
55,0.10212247761878224,"[ 0.00000000e+00 -5.64998102e-01  1.37104944e+00  1.91050981e-02
  5.75426165e-01  7.74572506e+01  8.32840890e+01  1.58250904e+02
  2.06470351e+00  1.94744595e+02  4.26183303e+01  4.43246302e-01
  1.91186773e+00  1.82033336e-01  9.76777310e-01  6.04311300e+01
  2.15457463e-01  2.18077508e-04  4.33632418e-01  1.39134385e-01
  9.08001368e+03  1.30286092e-02  9.97837284e-01]",0.09412460370384179
56,0.09635693785731048,"[ 0.00000000e+00 -5.29492878e-01  1.43527771e+00  3.17980410e-01
  6.02031610e-02  9.05224193e+01  1.22072581e+02  1.59349170e+02
  2.71252794e+00  1.93769744e+02  9.67327307e+01  1.63547713e+00
  3.32089291e+00  2.85850420e-02  7.12009630e-01  5.92809142e+01
  4.09324637e-01  2.31088978e-04  1.81277432e-01  1.89050709e-01
  5.29143886e+03  9.06767880e-03  9.99751062e-01]",0.09503378030926513
57,0.09871012258855216,"[ 0.00000000e+00 -5.18963560e-01  1.51845919e+00  3.12451020e-01
  2.08948073e-01  8.87556684e+01  1.93569341e+02  1.57942651e+02
  2.66269938e+00  2.91012206e+02  1.55405388e+00  2.28973569e+00
  5.82808086e-01  2.21117055e+00  9.37507836e-01  4.21870238e+01
  2.64339056e-02  2.08665205e-04  3.75393369e-01  1.89170227e-01
  5.79749675e+03  9.51460887e-03  9.95435623e-01]",0.09810373599169742
58,0.09706233213269821,"[ 0.00000000e+00 -5.19251319e-01  1.48421757e+00  3.60426396e-01
  7.76254651e-02  5.16695522e+01  1.02815449e+02  1.19011119e+02
  1.92488011e+00  2.55623845e+02  9.12335191e+01  5.27091838e-01
  1.59911769e+00  1.53651051e+00  9.45285288e-01  2.89170901e+01
  3.28712642e-01  1.36916647e-03  2.04160688e-01  1.72416058e-01
  5.59860323e+03  8.99065534e-03  9.98723770e-01]",0.09719532979928891
59,0.09917531728756257,"[ 0.00000000e+00 -5.25791570e-01  1.44628536e+00  2.92235000e-01
  1.83548572e-01  8.74812924e+01  1.64128575e+02  1.57167695e+02
  2.76885443e+00  1.48913154e+02  1.36976120e+02  2.94994722e+00
  2.73889305e+00  2.26173313e-02  9.96728519e-01  3.67918841e+01
  2.51805906e-01  6.72254240e-05  3.57089124e-01  2.08649361e-01
  3.12941147e+03  9.08209165e-03  9.98555508e-01]",0.09800573076173846
60,0.10068075527487363,"[ 0.00000000e+00 -5.30737263e-01  1.46500481e+00  3.11659467e-01
  2.16969046e-01  5.97586213e+01  1.81902497e+02  1.29098267e+02
  2.00094875e+00  2.56315384e+02  1.34921932e+02  3.47842545e+00
  6.96321388e-01  1.81565227e+00  9.47156799e-01  4.49143769e+01
  3.78463729e-01  9.85815283e-05  6.44534348e-01  1.80143839e-01
  4.42068595e+03  9.08005020e-03  9.99436697e-01]",0.09891205253584745
61,0.1038984931628375,"[ 0.00000000e+00 -5.16318374e-01  1.50752595e+00  3.54612048e-01
  4.82747711e-02  4.78447419e+01  1.55795072e+02  1.15203240e+02
  1.71625357e+00  1.38321113e+02  1.11947714e+02  1.25886485e+00
  1.99399255e+00  6.42855756e-01  6.54732600e-01  8.43901218e+01
  6.00019041e-01  1.10671513e-04  8.05067624e-01  1.87244847e-01
  7.96492114e+03  8.79715414e-03  9.99933639e-01]",0.10327017391315885
62,0.10208726224605624,"[ 0.00000000e+00 -5.70193375e-01  1.51036626e+00  3.14746910e-01
  1.76408398e-01  8.41707912e+01  9.60253938e+01  1.52726507e+02
  2.52340148e+00  1.00202662e+02  6.74182647e+01  3.30940736e-01
  7.82632789e-01  2.35342383e+00  8.48708783e-01  8.08567457e+01
  4.77466045e-01  3.96893048e-04  4.27467080e-01  2.00614213e-01
  5.46834246e+03  9.34146662e-03  9.95585075e-01]",0.10183232787745722
63,0.10166245766092163,"[ 0.00000000e+00 -5.46367006e-01  1.77805463e+00  1.55874519e-01
  2.66016618e-02  5.23930207e+01  1.18055590e+02  1.02796162e+02
  2.49395310e+00  2.81214573e+02  8.18973384e+01  2.51412475e+00
  3.91268011e-01  2.54461051e+00  9.90239276e-01  5.08448124e+01
  1.91887572e-01  3.81133873e-05  2.53231280e-01  2.54555104e-01
  2.14818740e+03  1.34583708e-02  8.53892039e-01]",0.09727576491266166
64,0.09812775275957797,"[ 0.00000000e+00 -5.40493789e-01  1.45748212e+00  3.40100715e-01
  6.34608942e-02  6.43147997e+01  1.23516912e+02  1.32836608e+02
  2.17245519e+00  2.18059281e+02  3.94435375e+01  8.46934282e-01
  1.23293128e+00  2.54922051e+00  9.15973013e-01  5.09434838e+01
  3.14242698e-01  5.46521301e-04  3.64616006e-02  1.77723433e-01
  7.05496975e+03  9.27565267e-03  9.99301842e-01]",0.09758375859328106
65,0.10423275598438231,"[ 0.00000000e+00 -5.53048588e-01  1.90869683e+00  1.66012556e-01
  9.03714181e-03  5.92331729e+01  1.13360325e+02  1.12542593e+02
  2.61725050e+00  1.57155001e+02  7.09325747e+01  1.58219155e+00
  1.67049402e+00  1.93611261e-01  9.69397150e-01  3.06482346e+01
  3.46201480e-01  2.94783966e-04  3.68387927e-01  2.01741443e-01
  7.57990265e+03  1.33025671e-02  8.75931871e-01]",0.1005454177299635
66,0.09976469296883406,"[ 0.00000000e+00 -5.38793761e-01  1.42656746e+00  2.77146759e-01
  2.57734320e-01  9.63236764e+01  1.43965732e+02  1.65666123e+02
  2.84257681e+00  1.47432040e+02  5.99875950e+01  2.58149703e+00
  5.79311352e-01  2.11187027e+00  9.13581150e-01  4.48672946e+01
  8.98713125e-01  2.12704755e-04  4.23935481e-01  1.81198459e-01
  7.98377743e+03  9.07264312e-03  9.95618161e-01]",0.09842940487755181
67,0.10103207595955499,"[ 0.00000000e+00 -5.16490323e-01  1.45064327e+00  2.78736189e-01
  2.64970705e-01  8.41148844e+01  1.04662461e+02  1.51856911e+02
  2.48301261e+00  2.60042588e+02  1.14443242e+01  2.67001914e+00
  2.04667624e+00  5.20658150e-01  9.71198199e-01  4.88389774e+01
  6.69502404e-02  2.14336037e-04  7.85301450e-01  2.24182059e-01
  6.60349572e+03  9.17358546e-03  9.99663507e-01]",0.10028810438215618
68,0.1025277099324381,"[ 0.00000000e+00 -5.15142954e-01  1.46186401e+00  2.76702417e-01
  2.76576904e-01  9.19751788e+01  1.36103042e+02  8.38392784e+01
  2.13481295e+00  3.42702734e+02  2.19643440e+02  3.57782088e+00
  1.85587675e+00  8.95443317e-01  8.01050288e-01  2.04918209e+01
  8.62460364e-01  4.75307104e-04  5.65430487e-01  1.87340846e-01
  7.22425604e+03  9.52388980e-03  9.97007358e-01]",0.10178831001155075
69,0.0981575582927916,"[ 0.00000000e+00 -5.28552380e-01  1.51358069e+00  3.47253215e-01
  6.29742039e-02  7.28916752e+01  1.41276986e+02  1.41468109e+02
  2.11944965e+00  2.39761976e+02  7.12703290e+01  3.68425148e+00
  1.00006488e+00  1.60405902e+00  7.96639866e-01  5.07224603e+01
  5.98376322e-01  5.36092218e-04  3.18705752e-01  2.09173895e-01
  6.45391167e+03  9.20821291e-03  9.99843723e-01]",0.09746955897166965
70,0.10386023574668157,"[ 0.00000000e+00 -9.03742943e-01  1.93572821e+00  1.59361478e-01
  2.56310580e-02  8.61529073e+01  9.41034593e+01  1.45272843e+02
  2.92202380e+00  2.53598291e+02  5.99761662e+01  1.15438552e+00
  1.71653687e+00  2.20162326e-01  7.10084997e-01  5.31428919e+01
  4.81178975e-01  3.84751160e-04  9.04335249e-01  2.35312042e-01
  2.08817944e+03  1.30043037e-02  9.09859030e-01]",0.09630220369366371
71,0.10075559897385644,"[ 0.00000000e+00 -7.49922211e-01  1.50020058e+00  2.73830020e-01
  2.48370046e-01  8.15865240e+01  1.77931025e+02  1.50571811e+02
  2.59879751e+00  2.91393802e+02  1.27572643e+02  3.36087232e+00
  8.25885731e-01  2.14371746e+00  8.82615732e-01  8.01578414e+01
  7.70080089e-01  5.17289907e-04  3.95998926e-01  1.90448715e-01
  4.72746614e+03  9.32318407e-03  9.98507654e-01]",0.10112021903476831
72,0.09782763320424193,"[ 0.00000000e+00 -5.30272601e-01  1.45111847e+00  3.46239713e-01
  4.96598790e-02  5.48840462e+01  9.13427685e+01  1.24286831e+02
  2.12768185e+00  3.54741439e+02  3.85974636e+01  2.88135782e+00
  9.28242846e-01  1.71511976e+00  8.54046632e-01  7.22827424e+01
  5.57278401e-01  2.27099244e-04  4.35546664e-01  1.99865951e-01
  9.34024706e+03  9.41350437e-03  9.99578087e-01]",0.09729837756493431
73,0.09841418493348286,"[ 0.00000000e+00 -5.19573559e-01  1.40415328e+00  2.75240216e-01
  1.91665365e-01  9.42434760e+01  1.69125286e+02  1.62129695e+02
  2.55145006e+00  7.37902452e+01  6.74874582e+01  2.34490721e+00
  1.71341706e+00  7.14920341e-01  9.31395432e-01  7.80784873e+01
  5.53417294e-01  1.50091772e-04  5.22898423e-01  1.77139111e-01
  4.65925106e+03  9.30927198e-03  9.96551159e-01]",0.09697594412092869
74,0.09836593562699769,"[ 0.00000000e+00 -5.24879447e-01  1.36186792e+00  2.58531320e-01
  2.97509422e-01  8.42810645e+01  1.25624198e+02  8.03351261e+01
  1.93621039e+00  3.12357558e+02  2.02841393e+02  3.32677545e+00
  1.15563313e+00  1.14763932e+00  9.66732803e-01  2.79958358e+01
  3.26735519e-01  1.03433080e-04  3.21894579e-01  1.82225202e-01
  4.22202708e+03  9.50464465e-03  9.98217172e-01]",0.09698632164197851
75,0.1006734123360431,"[ 0.00000000e+00 -5.30215386e-01  1.49237497e+00  2.95347282e-01
  3.13695114e-01  4.95843316e+01  1.40253142e+02  1.17876782e+02
  1.86855636e+00  6.60045053e+01  9.31441728e+01  1.86228958e+00
  2.52091220e+00  2.08956624e-01  6.99078520e-01  2.08720272e+01
  1.95967112e-01  4.32739620e-05  2.48006176e-01  1.61385612e-01
  3.10277440e+03  9.05476387e-03  9.94225351e-01]",0.10071422565059784
76,0.10227934084955281,"[ 0.00000000e+00 -5.73816653e-01  1.96388517e+00  1.71477160e-01
  1.73643339e-02  5.98760480e+01  6.71768495e+01  1.14293437e+02
  2.52614516e+00  9.56100731e+01  1.24641504e+01  2.83778172e+00
  4.69879957e-01  1.87830230e+00  9.55452687e-01  4.76279650e+01
  3.50535225e-01  5.64427476e-04  3.29946486e-01  2.14000573e-01
  7.76901851e+03  1.36352728e-02  8.68209878e-01]",0.0985932096327804
77,0.09974435303497908,"[ 0.00000000e+00 -5.73131327e-01  1.45206143e+00  2.89055160e-01
  2.31750372e-01  9.33108198e+01  1.63857982e+02  8.17870044e+01
  2.13947044e+00  2.79524701e+02  2.45232201e+02  3.07916068e+00
  1.88461045e+00  1.59315778e+00  8.56078014e-01  3.01175978e+01
  8.12066897e-01  8.34429098e-05  4.49010282e-01  1.97392991e-01
  2.74704021e+03  9.45012160e-03  9.99061220e-01]",0.09827404915321669
78,0.09584081790926358,"[ 0.00000000e+00 -5.22396410e-01  1.45830259e+00  3.44158934e-01
  5.75527652e-02  9.68483098e+01  1.59187795e+02  1.64594202e+02
  2.80886816e+00  9.05792206e+01  1.04464554e+02  2.32658920e+00
  2.93605383e+00  8.11876437e-01  9.38398773e-01  8.59253770e+01
  3.50129913e-01  6.55334581e-05  9.44088102e-02  2.05263439e-01
  4.12264502e+03  9.29200789e-03  9.99189891e-01]",0.09466743208176276
79,0.10049426326501654,"[ 0.00000000e+00 -5.24291349e-01  1.38198519e+00  2.80041272e-01
  1.87663347e-01  7.23717045e+01  1.38574559e+02  1.42192327e+02
  2.37466834e+00  3.28413175e+02  1.01374448e+02  2.26267179e+00
  1.73027963e+00  1.49025991e+00  9.33390368e-01  6.25424780e+01
  7.15368517e-01  6.17314374e-04  1.67149536e-01  1.99932109e-01
  2.56867740e+03  9.46975853e-03  9.99345148e-01]",0.09958600375086757
80,0.09927544647852438,"[ 0.00000000e+00 -5.67508510e-01  1.82662348e+00  1.65890276e-01
  1.81056704e-03  1.46719679e+01  1.30156048e+02  6.74195899e+01
  1.38849537e+00  2.39986838e+01  4.13072214e+01  3.60340664e-01
  9.36343666e-01  2.21073523e+00  9.30688061e-01  4.66138613e+01
  7.85886609e-01  8.03537387e-03  4.72547145e-02  2.15912967e-01
  3.08700225e+03  1.33749975e-02  9.03735273e-01]",0.09882932577401693
81,0.10303889034846736,"[ 0.00000000e+00 -5.28259153e-01  1.48380293e+00  3.53755614e-01
  1.81456243e-02  5.16034854e+01  1.35188690e+02  1.20774655e+02
  1.72723057e+00  1.91377537e+02  4.07851306e+01  2.57320095e+00
  1.73870138e+00  2.08872947e+00  9.82931151e-01  7.92519532e+01
  1.30507663e-01  4.39108432e-04  6.45863651e-01  2.00007544e-01
  6.25697505e+03  9.17250492e-03  9.97573656e-01]",0.10293300513126291
82,0.09970038379147061,"[ 0.00000000e+00 -9.58497077e-01  1.95470590e+00  1.65618408e-01
  1.53244443e-02  3.39648349e+01  1.94993004e+02  9.04322960e+01
  1.73715805e+00  8.46884311e+01  1.78048461e+02  1.53100215e+00
  1.37444395e+00  7.92949616e-01  6.22873867e-01  4.72865477e+01
  6.21162183e-01  3.96908728e-03  1.89201150e-02  2.08498499e-01
  8.93587005e+03  1.39510671e-02  9.08789597e-01]",0.0965118576841747
83,0.09775597799345992,"[ 0.00000000e+00 -5.27084187e-01  1.42582415e+00  2.59739651e-01
  3.30212381e-01  9.45840824e+01  7.00013091e+01  1.65486547e+02
  2.63609659e+00  2.50418382e+02  5.40099850e+01  3.37379982e+00
  2.10427111e+00  5.57276112e-01  9.34615485e-01  6.09846381e+01
  5.95288121e-01  8.42166549e-06  3.52289563e-01  1.74817206e-01
  5.32166568e+03  9.02473029e-03  9.99528089e-01]",0.09614736597423879
84,0.09657593616324756,"[ 0.00000000e+00 -5.23124971e-01  1.47880107e+00  3.49610120e-01
  7.16749601e-02  2.45901991e+01  1.61610251e+02  9.13041031e+01
  1.39080056e+00  1.23360961e+02  8.40493552e+00  8.43482322e-01
  2.01376598e+00  1.76128665e-01  8.14278875e-01  6.55056365e+01
  3.62066666e-01  1.66868502e-04  4.32407538e-01  1.92092303e-01
  7.46726600e+03  9.24334467e-03  9.95762921e-01]",0.09689712114936389
85,0.09487766060291791,"[ 0.00000000e+00 -5.21054233e-01  1.48867880e+00  2.99233445e-01
  2.55357339e-01  6.25202514e+01  1.20331166e+02  1.27858746e+02
  2.15866278e+00  1.40856072e+02  4.97442843e+01  3.96109007e+00
  5.39231453e-01  2.36752533e+00  8.49866778e-01  4.33126346e+01
  2.30558110e-01  3.95882650e-04  2.27084404e-01  1.89445224e-01
  6.26049466e+03  9.14776577e-03  9.96354251e-01]",0.09434995654877343
86,0.10161807306209303,"[ 0.00000000e+00 -5.15627193e-01  1.39347729e+00  3.06699440e-01
  7.44560275e-02  5.23276735e+01  1.11893452e+02  1.21628915e+02
  2.07651974e+00  2.63031692e+02  3.34629364e+01  3.50418509e+00
  1.00157588e+00  1.66418164e+00  9.90346549e-01  3.98000019e+01
  2.14503093e-01  7.44798648e-04  3.83379096e-01  2.09455609e-01
  5.41650645e+03  9.36274640e-03  9.98498895e-01]",0.1015061189370241
87,0.10439301661403289,"[ 0.00000000e+00 -5.68748252e-01  1.42315007e+00  1.13738035e-02
  6.17269894e-01  2.48801643e+01  1.14229589e+02  1.03493836e+02
  1.22603480e+00  2.67708321e+02  7.95025019e+01  1.86542084e+00
  1.41903408e+00  4.51799312e-01  9.68158679e-01  5.12416485e+01
  5.60629648e-01  2.04861154e-05  4.90063202e-01  1.39942720e-01
  5.66557279e+03  1.25525759e-02  9.99127073e-01]",0.09695829787762034
88,0.10240963614512077,"[ 0.00000000e+00 -5.52690474e-01  1.36430681e+00  1.32549625e-02
  5.92419746e-01  7.40333379e+01  1.77557281e+02  1.45523897e+02
  2.23380479e+00  3.81963882e+02  8.53284403e+01  2.87828964e-01
  1.73375562e+00  7.21076031e-01  9.01591892e-01  3.40557192e+01
  4.68669734e-01  1.20455735e-03  1.35800650e-03  1.39952977e-01
  3.99316310e+02  1.26073283e-02  9.79266745e-01]",0.09552656352170841
89,0.10308137710854848,"[ 0.00000000e+00 -5.22474243e-01  1.45812280e+00  3.02720186e-01
  2.07919911e-01  8.63272205e+01  1.47257087e+02  1.52921105e+02
  2.66482166e+00  7.74823277e+01  3.02126070e+00  2.03157793e+00
  1.38995142e+00  1.57645093e+00  9.32281016e-01  4.86519982e+01
  5.95782186e-01  1.91521156e-04  2.06759483e-01  1.85963577e-01
  7.42619049e+03  9.01266628e-03  9.94477550e-01]",0.10185654897161833
90,0.09768984639658762,"[ 0.00000000e+00 -6.40537684e-01  1.12239393e+00  2.04589331e-01
  3.20853257e-01  3.02498402e+00  1.00132564e+01  5.06413875e+00
  2.55623669e-01  3.96135235e+02  8.10313095e+01  8.95715786e-01
  9.93805474e-01  1.48327466e+00  9.70439637e-01  9.03971900e+01
  2.53583418e-01  2.59179227e-04  7.63500372e-01  1.78518244e-01
  3.67745204e+03  9.65554178e-03  9.99559050e-01]",0.09053303676745084
91,0.09515400468518342,"[ 0.00000000e+00 -5.24628242e-01  1.44668505e+00  3.17770777e-01
  1.22142653e-01  8.84059050e+01  7.11867516e+01  1.59817321e+02
  2.73056492e+00  2.22085403e+02  3.22193960e+01  2.35362240e+00
  1.96566360e+00  1.72007874e+00  7.47573882e-01  3.17710316e+01
  8.49005107e-01  4.76376719e-04  6.55022604e-01  1.70863002e-01
  4.27950031e+03  9.41156247e-03  9.98440492e-01]",0.09505357569982242
92,0.09853308150856066,"[ 0.00000000e+00 -5.24499037e-01  1.49588740e+00  3.57211624e-01
  1.28928328e-01  8.71919180e+01  1.02878419e+02  1.55962754e+02
  2.54098272e+00  1.80215971e+02  2.96293598e+01  3.39078338e+00
  1.31792340e+00  9.94643359e-01  9.14410427e-01  1.50272815e+01
  7.42025874e-01  8.33777283e-05  9.60376256e-01  1.91438960e-01
  1.37221460e+03  9.25561609e-03  9.97853930e-01]",0.09758963318628422
93,0.0977397047551245,"[ 0.00000000e+00 -5.33627747e-01  1.47983283e+00  3.30066077e-01
  1.38176299e-01  7.54693614e+01  1.70249120e+02  1.42648197e+02
  2.29177552e+00  3.13274661e+02  1.15326147e+02  1.03684303e+00
  8.39729658e-01  2.13061020e+00  9.52355842e-01  4.87761371e+01
  6.80183209e-01  5.71198754e-04  7.83471238e-01  1.74125635e-01
  8.77845833e+03  9.19670447e-03  9.98460117e-01]",0.09696204925148133
94,0.09921573465540245,"[ 0.00000000e+00 -5.17967526e-01  1.49635371e+00  3.70135074e-01
  2.32836250e-02  8.90163226e+01  9.96570876e+01  1.58042143e+02
  2.54711872e+00  3.67661527e+02  7.00791488e+01  2.86463306e+00
  4.14226449e-01  2.36377936e+00  9.75085699e-01  8.94138824e+01
  3.53186964e-01  3.47742443e-04  7.02517217e-01  1.73384266e-01
  3.21189436e+03  9.34993491e-03  9.99169596e-01]",0.09811495711294627
95,0.09792028475928771,"[ 0.00000000e+00 -5.49943150e-01  1.95803366e+00  1.71197912e-01
  2.20176576e-02  6.29773749e+01  1.34591639e+02  1.12470492e+02
  2.84613783e+00  7.12790928e+01  8.31570184e+01  3.32532377e+00
  1.37402937e+00  6.16504235e-01  8.78865171e-01  6.72603766e+01
  1.58886262e-01  3.84674196e-03  6.04775279e-03  2.32266575e-01
  6.67459866e+03  1.37344176e-02  8.66990350e-01]",0.09377000266073665
96,0.1009226525750383,"[ 0.00000000e+00 -5.70554337e-01  1.57868611e+00  1.30532619e-02
  6.61743587e-01  2.73359246e+01  1.87446399e+02  1.07407229e+02
  1.22531284e+00  3.32090670e+02  5.14290745e+01  2.37208317e+00
  1.31965631e+00  1.32666261e+00  9.12546654e-01  4.85557012e+01
  3.16814656e-01  1.12298714e-03  1.83391189e-01  1.34752568e-01
  2.76677553e+03  1.27612753e-02  9.88361245e-01]",0.09670884229633192
97,0.10327732788776256,"[ 0.00000000e+00 -5.45556518e-01  1.53587593e+00  1.44568844e-01
  3.92303310e-03  6.58759307e+01  1.74881872e+02  1.18995641e+02
  2.83067923e+00  2.89489506e+02  1.23555496e+02  3.31036869e+00
  1.09409010e+00  1.75694070e+00  8.47499579e-01  4.20982614e+01
  6.09870304e-01  6.64095637e-03  8.71969108e-02  2.05969798e-01
  3.90414156e+03  1.38395399e-02  8.94665969e-01]",0.09743603387335531
98,0.1020111321853675,"[ 0.00000000e+00 -5.18545758e-01  1.50209354e+00  3.04723684e-01
  1.85677572e-01  7.70785237e+01  1.77176696e+02  1.42201282e+02
  2.68243219e+00  1.66271823e+02  8.53445796e+01  1.76891935e-01
  2.12429287e+00  9.12186133e-01  9.99900360e-01  6.00690647e+01
  5.29113673e-01  2.73703958e-04  7.63429304e-01  1.94325819e-01
  3.61028139e+03  8.83727639e-03  9.93251039e-01]",0.10138456828111608
99,0.09855447033765152,"[ 0.00000000e+00 -5.25483131e-01  1.50793694e+00  3.81107190e-01
  2.98525643e-03  8.10995690e+01  1.24918300e+02  1.51378120e+02
  2.30879215e+00  2.73832687e+02  4.48440201e+00  3.81079061e+00
  4.34551181e-01  2.07709803e+00  9.34806572e-01  7.44601076e+01
  3.89100843e-01  3.15331171e-04  8.63145278e-01  1.72827452e-01
  1.70597578e+03  9.25481235e-03  9.97599932e-01]",0.09763977205701568
100,0.10138550174500327,"[ 0.00000000e+00 -7.90407742e-01  1.46374555e+00  2.84288944e-01
  1.80049804e-01  9.79524268e+01  5.78593785e+01  1.65951477e+02
  2.76388837e+00  3.46911145e+02  2.03946665e+01  9.32653919e-01
  2.31458618e+00  9.74867817e-01  9.96220234e-01  2.02202383e+01
  9.12495921e-01  6.21037927e-04  2.65158464e-01  2.15969413e-01
  6.93651272e+02  9.45667550e-03  9.98091285e-01]",0.10191333856710239
101,0.10122593242636524,"[ 0.00000000e+00 -5.32273906e-01  1.44405147e+00  2.72112044e-01
  3.28987833e-01  6.90676105e+01  1.39665311e+02  1.36543143e+02
  2.26559552e+00  3.32402573e+02  1.00348734e+02  2.11807612e+00
  1.48329213e+00  1.68699146e+00  9.86949665e-01  2.71134353e+01
  4.16074601e-01  4.49731099e-04  1.34106335e-01  1.79881582e-01
  9.46849315e+03  9.18941415e-03  9.99053790e-01]",0.09994148697916994
102,0.09888289594235533,"[ 0.00000000e+00 -5.31407022e-01  1.37388095e+00  3.12310576e-01
  1.26468093e-01  7.97200589e+01  1.22963990e+02  1.53291845e+02
  2.52848470e+00  2.98587767e+02  3.75971538e+01  1.76375772e+00
  1.37695228e+00  9.18293345e-01  9.62441500e-01  4.59773498e+01
  9.84093676e-02  4.02845467e-05  6.10696897e-01  1.69473991e-01
  4.86527976e+03  9.62396128e-03  9.99632150e-01]",0.09809518862323396
103,0.09922282583553543,"[ 0.00000000e+00 -5.37809124e-01  1.42966913e+00  2.83521453e-01
  2.62201230e-01  8.70854215e+01  1.70693643e+02  1.56970936e+02
  2.61381333e+00  3.54144436e+02  5.42509260e+01  1.92332709e+00
  1.37973591e+00  8.95693119e-01  9.98946848e-01  1.84541123e+01
  4.36748787e-01  5.74761883e-05  3.76763414e-01  2.04335371e-01
  8.51079833e+03  8.93036050e-03  9.96146452e-01]",0.09767763791480888
104,0.10006811302329033,"[ 0.00000000e+00 -5.40021628e-01  1.47804720e+00  3.47325687e-01
  3.21760836e-02  8.05124501e+01  1.93377575e+02  1.49475387e+02
  2.56414980e+00  3.44754323e+02  1.12456194e+02  1.69393410e+00
  1.40108275e+00  1.90042053e+00  7.45981242e-01  5.59003916e+01
  2.33688016e-01  2.89962234e-04  7.47715573e-01  2.02314176e-01
  5.18690518e+03  9.15947350e-03  9.99788248e-01]",0.09926605210849071
105,0.0977416142238614,"[ 0.00000000e+00 -5.64542509e-01  9.65139138e-01  2.01493613e-01
  2.27169224e-01  1.55053458e+00  7.67199808e+00  4.21574275e+00
  2.47125591e-01  3.92472622e+02  7.63566082e+01  7.76957455e-01
  1.17591747e+00  1.28730241e+00  9.66181962e-01  8.53772817e+01
  4.06594170e-01  1.17474658e-05  7.29188758e-01  1.69680828e-01
  6.50200494e+03  1.00111702e-02  9.99844388e-01]",0.09029765829000025
106,0.09841431471417539,"[ 0.00000000e+00 -5.68307776e-01  1.01244299e+00  1.84028825e-01
  2.70586639e-01  9.75820353e+00  2.76262730e+01  6.32903079e+00
  3.21773951e-01  3.89396204e+02  1.03114134e+02  1.07911424e+00
  2.06462847e+00  2.71732862e-01  9.44353695e-01  7.45800464e+01
  1.55521430e-01  2.41379562e-04  7.46568905e-01  1.75205983e-01
  8.24933213e+03  9.78642256e-03  9.97672467e-01]",0.09217900484838037
107,0.10041092167191146,"[ 0.00000000e+00 -5.25740779e-01  1.41686748e+00  3.01585089e-01
  1.74792418e-01  7.37344258e+01  1.51004044e+02  1.44254058e+02
  2.25910570e+00  2.74522617e+02  8.32480592e+01  1.14303041e+00
  3.23594192e+00  5.16231003e-01  9.80847109e-01  1.68380563e+01
  5.89134720e-01  1.15786708e-04  5.22611963e-01  2.04459906e-01
  1.02519631e+03  9.19518102e-03  9.98365671e-01]",0.09976710966758306
108,0.10515018085913863,"[ 0.00000000e+00 -5.44319635e-01  1.91883983e+00  1.72055817e-01
  7.69523318e-03  6.46931949e+01  1.56247621e+02  1.17240563e+02
  2.57049137e+00  2.72395916e+02  7.50621320e+01  1.48309984e+00
  3.92645935e-01  2.23887376e+00  9.70443688e-01  8.80416027e+01
  9.54327382e-01  8.22764222e-04  3.21706388e-02  2.03742795e-01
  4.92803689e+03  1.37910938e-02  8.79370754e-01]",0.09306905166232493
109,0.09653876856234422,"[ 0.00000000e+00 -5.38789765e-01  1.59153623e+00  3.35006118e-01
  2.41435597e-01  6.47515798e+01  1.56967047e+02  1.33720110e+02
  2.09202990e+00  3.12145496e+02  1.17224110e+02  3.56362074e+00
  1.48828441e+00  1.02154027e+00  9.27333419e-01  6.64925310e+01
  4.88621057e-01  2.14735761e-04  2.99832401e-01  1.89990040e-01
  8.07837692e+03  9.11484423e-03  9.97565724e-01]",0.09586581432557606
110,0.10468580157480567,"[ 0.00000000e+00 -5.71711920e-01  1.98800062e+00  1.75467252e-01
  4.34897138e-03  4.84456153e+01  1.47922388e+02  1.02243167e+02
  2.38471712e+00  2.17766926e+02  4.43589448e+01  6.90039581e-01
  7.99114585e-01  1.10465312e+00  8.84645909e-01  2.65053570e+01
  5.09450430e-01  1.12557117e-03  4.93549555e-02  2.11585387e-01
  3.40976887e+03  1.35411060e-02  8.78060364e-01]",0.09672746240716112
111,0.09793631861810959,"[ 0.00000000e+00 -5.17412430e-01  1.44616275e+00  3.28581212e-01
  8.67117798e-02  8.54117855e+01  1.47124860e+02  1.52816867e+02
  2.51126058e+00  9.30244669e+01  1.82964506e+01  7.66827582e-01
  5.88804436e-01  2.51000056e+00  9.92819143e-01  7.56246523e+01
  5.58964718e-01  1.11509806e-04  5.43493473e-01  2.06755484e-01
  5.57157853e+03  9.38768994e-03  9.99423060e-01]",0.0967496177980599
112,0.09475846853303715,"[ 0.00000000e+00 -5.24799124e-01  1.46379841e+00  3.16022007e-01
  1.45615027e-01  8.10758386e+01  1.81897429e+02  1.47510448e+02
  2.41414178e+00  2.35915254e+02  3.37258826e+01  3.17421122e-01
  1.09920618e+00  1.88279135e+00  8.86600988e-01  3.04187908e+01
  3.99333174e-02  5.23258763e-07  3.87256697e-01  2.10922677e-01
  2.31913941e+03  8.90439609e-03  9.96610406e-01]",0.0937690901791206
113,0.09925709491237411,"[ 0.00000000e+00 -5.29200605e-01  1.40897850e+00  3.16695376e-01
  8.90056928e-02  7.63219113e+01  1.48356145e+02  1.43056910e+02
  2.39634656e+00  3.82515840e+02  7.01936663e+01  3.85025783e+00
  7.79694826e-01  1.84190565e+00  8.86713581e-01  1.25193272e+01
  5.99038275e-01  7.05109098e-05  6.18333190e-01  2.26320730e-01
  4.19867088e+03  9.03562369e-03  9.98213502e-01]",0.0982808743417124
114,0.10427470631385771,"[ 0.00000000e+00 -5.42870191e-01  1.97028847e+00  1.72630725e-01
  6.24708802e-03  2.62656955e+01  1.91781002e+02  7.58137103e+01
  1.91861704e+00  2.77893640e+02  3.39859615e+00  3.06104999e+00
  2.52737223e+00  4.24729587e-01  8.59883483e-01  4.29945932e+01
  8.61876230e-01  4.39589069e-03  2.90218311e-03  1.99850592e-01
  2.78929057e+03  1.40213530e-02  8.65754070e-01]",0.10211657387670625
115,0.10451412681983652,"[ 0.00000000e+00 -5.23001375e-01  1.40529706e+00  2.37623168e-01
  3.51124386e-01  8.89718113e+01  1.12459797e+02  1.59752571e+02
  2.44526682e+00  1.44345426e+02  4.45574870e+01  1.08464145e+00
  1.82461103e+00  7.67673086e-01  9.96396698e-01  6.02933652e+01
  4.05750280e-01  2.52547679e-04  9.64145051e-01  1.95119350e-01
  4.41779795e+03  9.31522794e-03  9.97575745e-01]",0.10346915234371046
116,0.09513867392712094,"[ 0.00000000e+00 -5.34247874e-01  1.44140969e+00  2.65958429e-01
  2.77431359e-01  8.51838457e+01  1.48982229e+02  1.53636798e+02
  2.56419805e+00  5.66728727e+01  1.33739435e+02  2.45373116e+00
  1.84699052e+00  6.52906770e-01  7.16223932e-01  5.74120374e+01
  9.03740183e-01  5.28705524e-05  2.25053071e-01  1.90277497e-01
  4.42200413e+03  9.33171521e-03  9.94414732e-01]",0.09459526611192581
117,0.10204765181747955,"[ 0.00000000e+00 -5.70745061e-01  1.41162510e+00  1.61375996e-02
  6.04664034e-01  2.48988037e+01  1.59033705e+02  1.02794548e+02
  1.16556901e+00  1.57133629e+02  1.11821813e+02  1.26002681e+00
  6.42321802e-01  1.12254572e+00  9.65038068e-01  5.42453148e+01
  2.00083614e-02  3.79867173e-04  1.23732938e-01  1.37925356e-01
  4.60819305e+03  1.28223581e-02  9.89918873e-01]",0.09778135642163788
118,0.09979544602695634,"[ 0.00000000e+00 -5.89721896e-01  1.07079024e+00  2.47176265e-01
  1.17114248e-01  8.04899484e-01  3.44225828e+00  2.24052725e+00
  2.94458286e-01  3.65500366e+02  7.82462676e+01  7.11993445e-01
  1.49550057e+00  9.42558220e-01  7.80465023e-01  7.34057203e+01
  2.76830504e-01  1.64748275e-04  7.69599662e-01  1.61925325e-01
  5.16533190e+03  1.01260030e-02  9.97416959e-01]",0.09312762720469148
119,0.09883574454416322,"[ 0.00000000e+00 -5.27649153e-01  1.41877557e+00  2.88204368e-01
  1.80087967e-01  6.87273472e+01  1.45066600e+02  1.38257281e+02
  2.21589995e+00  1.82584993e+02  4.26007662e+01  3.49120956e+00
  9.09988349e-01  1.51967748e+00  8.83817352e-01  6.15806168e+01
  2.52222442e-01  2.15424664e-04  4.25221222e-01  1.96952908e-01
  3.60548694e+02  9.43589483e-03  9.99595536e-01]",0.09784486287261174
120,0.09746384765247718,"[ 0.00000000e+00 -5.16001974e-01  1.51165301e+00  3.27272758e-01
  1.10130397e-01  3.81988994e+01  1.43819533e+02  1.07093858e+02
  1.55403178e+00  3.06316895e+01  6.63579392e+01  8.67440952e-01
  2.74199830e-01  2.75667686e+00  9.19104982e-01  6.62889318e+01
  2.98834274e-01  3.05065298e-04  6.44609965e-01  1.94894921e-01
  1.42452021e+03  9.21055790e-03  9.98880506e-01]",0.09684888066405184
121,0.09733309332554285,"[ 0.00000000e+00 -5.24506661e-01  1.49756708e+00  2.94197093e-01
  2.39951357e-01  4.78819180e+01  1.00739281e+02  1.14706877e+02
  1.84606309e+00  1.89852581e+02  2.18990393e-01  1.21251121e+00
  2.00686034e+00  1.46962935e+00  8.91458591e-01  2.81602418e+01
  7.20183516e-01  7.36389225e-05  5.24391435e-01  1.92155904e-01
  6.72074822e+03  9.12203048e-03  9.99295705e-01]",0.09690872113232507
122,0.09763061137944284,"[ 0.00000000e+00 -5.33662576e-01  1.43830158e+00  3.39459801e-01
  6.93639975e-02  9.03725810e+01  1.17972721e+02  1.60478142e+02
  2.68631973e+00  1.12002396e+02  1.30762632e+01  1.05919356e+00
  5.03084657e-01  2.06240486e+00  8.61898145e-01  7.48493754e+01
  5.01150849e-01  2.33886439e-04  3.79461405e-01  2.12019505e-01
  9.34211033e+03  9.41289911e-03  9.97735640e-01]",0.09701039443957649
123,0.09417756637833596,"[ 0.00000000e+00 -5.33383786e-01  1.44943559e+00  2.89933553e-01
  2.60528026e-01  7.65026019e+01  1.58507959e+02  1.46538847e+02
  2.37051270e+00  2.56458144e+02  2.58115532e+01  3.75467252e+00
  1.86592170e+00  1.15636141e+00  8.48057057e-01  2.77594248e+01
  8.69522745e-01  8.40410781e-06  7.61045737e-01  1.86200111e-01
  8.90115927e+03  9.43687637e-03  9.92638641e-01]",0.0939014112469041
124,0.1014849755601831,"[ 0.00000000e+00 -8.43733502e-01  1.20490175e+00  1.76928108e-01
  4.24542825e-01  5.24473563e-01  1.15774956e+01  5.29414673e+00
  2.58857761e-01  3.48291572e+02  8.03924077e+01  1.02174491e+00
  2.41870477e+00  3.12371215e-01  9.49435030e-01  4.79450031e+01
  5.16008568e-01  3.15480827e-05  7.07665223e-01  1.79857015e-01
  1.99184512e+03  9.74274042e-03  9.98646259e-01]",0.09525959455674626
125,0.09780297717849495,"[ 0.00000000e+00 -5.39944648e-01  1.46127275e+00  2.81452615e-01
  2.84347805e-01  8.89715039e+01  1.57246600e+02  1.60928853e+02
  2.40983454e+00  9.68021030e+01  2.47647242e+01  8.81943834e-01
  1.05611050e+00  1.49612221e+00  8.88159241e-01  3.18106730e+01
  4.89467879e-01  1.05041927e-04  5.52840663e-01  1.76100965e-01
  7.02131561e+03  9.50318504e-03  9.96668681e-01]",0.09707019489653224
126,0.09984159110279511,"[ 0.00000000e+00 -5.47233645e-01  1.32915541e+00  1.42170703e-02
  6.12383026e-01  7.33205727e+01  1.37320853e+02  1.56053037e+02
  2.00408505e+00  2.25932010e+02  6.47702465e+01  2.04574313e+00
  1.70570848e+00  3.63918550e-01  9.67793494e-01  4.88298706e+01
  4.49504288e-01  8.85613800e-05  5.64314344e-01  1.43218498e-01
  5.25440917e+03  1.26668005e-02  9.94940534e-01]",0.09615999353402216
127,0.09484196142069246,"[ 0.00000000e+00 -5.36108022e-01  1.47019244e+00  2.99378443e-01
  2.46784718e-01  8.72234389e+01  1.92464071e+02  1.04582345e+02
  2.65374054e+00  3.36149586e+02  2.47591734e+02  3.18669895e+00
  9.86207664e-01  1.44759348e+00  9.24084234e-01  3.84552274e+01
  8.06121118e-01  1.97985902e-04  5.49108152e-01  2.10476917e-01
  9.09130246e+02  9.37344542e-03  9.98916935e-01]",0.09361422324555557
128,0.09847823061541416,"[ 0.00000000e+00 -5.33615056e-01  1.50597735e+00  3.86918320e-01
  9.28717347e-02  6.92689409e+01  1.67822449e+02  1.36790580e+02
  2.10741258e+00  8.80284746e+01  4.60110777e+00  1.81606448e+00
  1.89807025e-01  1.75556245e+00  9.41321202e-01  6.34941107e+01
  2.10282069e-01  1.33003464e-04  3.32625884e-01  1.65463710e-01
  9.59857635e+03  8.92739913e-03  9.99937818e-01]",0.09741116793777294
129,0.10284093035212272,"[ 0.00000000e+00 -5.38008355e-01  1.43367694e+00  2.88903071e-01
  2.59222445e-01  8.47380483e+01  1.45067278e+02  1.53467613e+02
  2.56725061e+00  1.79846494e+02  1.22413178e+02  3.69459521e+00
  3.00801663e-01  3.07198691e+00  8.54349687e-01  3.97402773e+01
  2.84138668e-01  3.15752719e-04  4.90315667e-01  1.94393107e-01
  7.73847148e+03  9.35883291e-03  9.97003183e-01]",0.10203388922702872
130,0.10305127530183911,"[ 0.00000000e+00 -5.88490665e-01  1.83994160e+00  1.64512149e-01
  3.61583658e-03  2.91396384e+01  3.19274791e+01  8.28285866e+01
  1.62338043e+00  5.74983166e+01  3.04947334e+01  3.89735641e-01
  1.08766099e+00  9.81994467e-01  9.41145634e-01  7.13778802e+01
  4.17237006e-01  3.33802104e-04  2.11093657e-01  2.08502250e-01
  2.77423084e+03  1.35748235e-02  8.95678179e-01]",0.09872218079358908
131,0.09680990930018252,"[ 0.00000000e+00 -5.23835683e-01  1.47381958e+00  2.74725995e-01
  3.51327202e-01  6.76254750e+01  6.66976676e+01  1.37099654e+02
  2.23965209e+00  3.99608001e+02  2.29987837e+01  2.06992234e+00
  2.80725387e-01  2.94426418e+00  9.54845219e-01  4.51166386e+01
  5.32282726e-01  2.34784348e-04  2.81163695e-01  1.68729043e-01
  1.98109882e+03  9.27983886e-03  9.93984556e-01]",0.09657340936032177
132,0.1010008265868444,"[ 0.00000000e+00 -5.55525219e-01  1.51708864e+00  1.28777328e-02
  6.51048563e-01  7.15314626e+01  1.60702611e+02  1.47258245e+02
  2.11056846e+00  1.45679125e+02  1.23489969e+01  3.34503722e+00
  1.29717739e+00  1.15939263e+00  8.99864365e-01  5.50391943e+01
  5.60262211e-01  1.28522084e-04  1.62470614e-01  1.26448994e-01
  8.25495008e+03  1.31735993e-02  9.74436111e-01]",0.09602827495460686
133,0.10079639280006969,"[ 0.00000000e+00 -5.45305110e-01  1.83854189e+00  1.66381909e-01
  2.34852443e-03  3.53829022e+01  6.22184470e+01  8.78449810e+01
  1.94075846e+00  7.67507661e+01  3.61771075e+01  3.57267146e+00
  1.66435868e+00  7.01846935e-01  6.97859674e-01  6.48570603e+01
  5.01512656e-01  2.41492496e-04  1.15048286e-01  2.18065661e-01
  9.64030344e+03  1.35449324e-02  8.67120294e-01]",0.09721212200797946
134,0.09884716892619516,"[ 0.00000000e+00 -5.21602490e-01  1.50938832e+00  3.43423305e-01
  4.15748130e-02  9.01014613e+01  3.74098686e+01  1.27390347e+02
  2.28054152e+00  2.90996511e+02  6.81615024e+01  3.37166559e+00
  6.94747414e-01  1.47723727e+00  7.88767640e-01  4.82811170e+01
  5.12869967e-01  9.25051554e-05  4.62172993e-01  2.03554100e-01
  2.25751377e+03  9.23931589e-03  9.98924798e-01]",0.09784572365142741
135,0.09800602746080611,"[ 0.00000000e+00 -5.47491921e-01  1.42481745e+00  1.20489900e-02
  6.35904627e-01  5.97808594e+01  1.61212722e+02  1.38029849e+02
  1.74220958e+00  9.44150885e+00  7.72183306e+01  2.92863709e+00
  8.46961918e-01  7.70183429e-01  9.18916517e-01  3.36061177e+01
  7.40954370e-01  1.50371164e-04  2.62615582e-01  1.38240126e-01
  4.10973577e+03  1.28421808e-02  9.83906920e-01]",0.09507233266941417
136,0.09968848454297541,"[ 0.00000000e+00 -5.45052561e-01  1.35670983e+00  1.38696384e-02
  6.21033132e-01  9.34295742e+01  1.26084395e+02  1.75107448e+02
  2.30085445e+00  3.85409062e+02  9.00120160e+01  2.01441156e+00
  6.78263799e-01  5.31692344e-01  9.09258028e-01  5.83653081e+01
  7.51092416e-01  6.44702617e-04  2.23678303e-01  1.32306540e-01
  5.40510019e+03  1.25481977e-02  9.99523370e-01]",0.09457941733136599
137,0.10135377450985383,"[ 0.00000000e+00 -5.38137232e-01  1.43758646e+00  3.35201735e-01
  1.20219123e-01  8.25416398e+01  1.11587073e+02  1.50503840e+02
  2.38692806e+00  1.81975834e+02  8.94220846e+01  2.09823410e+00
  2.13340515e+00  1.03926119e+00  8.94312701e-01  9.88113975e+01
  1.70678851e-01  1.34413033e-04  8.61397009e-01  1.65874389e-01
  6.44529441e+03  9.13500208e-03  9.98870793e-01]",0.1000862009320157
138,0.10219263933977729,"[ 0.00000000e+00 -5.26803990e-01  1.41136250e+00  3.04635931e-01
  1.53661140e-01  6.55313963e+01  1.14326758e+02  1.35389549e+02
  2.00749908e+00  2.14196853e+02  9.98064631e+01  9.70101841e-01
  1.45229031e+00  4.00984123e-01  9.63790032e-01  3.46894069e+01
  7.67713671e-01  3.20393223e-04  6.18879086e-01  1.90632446e-01
  1.73403239e+03  9.32512402e-03  9.99014993e-01]",0.1013279378957801
139,0.0981325887150315,"[ 0.00000000e+00 -5.37950051e-01  1.46756044e+00  3.36968991e-01
  1.03022887e-01  9.16105518e+01  1.10594712e+02  1.62111008e+02
  2.62875268e+00  2.81174140e+02  2.82024775e+01  8.11175417e-01
  1.44977022e+00  1.56205675e+00  8.68597212e-01  3.10901200e+01
  4.82801929e-01  3.07729978e-04  1.77043429e-01  2.05906631e-01
  4.46846273e+03  9.16690678e-03  9.97850348e-01]",0.09721611634425698
140,0.10091990888601465,"[ 0.00000000e+00 -5.36817728e-01  1.48757234e+00  3.45270328e-01
  8.42517772e-02  5.92282418e+01  1.73151789e+02  1.25680901e+02
  2.14393463e+00  1.50285672e+01  1.51769924e+02  3.67727022e+00
  1.50060115e+00  2.15628731e+00  9.26506248e-01  6.55044346e+01
  1.02099620e-01  5.01140386e-04  9.39012802e-01  2.03671434e-01
  8.10011628e+02  9.23066871e-03  9.96784580e-01]",0.10073797636487603
141,0.10001723897009629,"[ 0.00000000e+00 -5.33699490e-01  1.35037124e+00  3.05829942e-01
  6.96616384e-02  9.19531311e+01  1.65219183e+02  1.61110364e+02
  2.69043468e+00  6.33641690e+01  1.45268162e+02  1.13686343e+00
  7.60169698e-01  1.54669816e+00  9.04512499e-01  9.13914448e+01
  5.24086897e-01  7.03968256e-04  4.92951331e-01  2.06326671e-01
  6.37764545e+03  9.54388828e-03  9.99718655e-01]",0.09903496887633101
142,0.09861418767543806,"[ 0.00000000e+00 -5.17243331e-01  1.43097143e+00  3.64955251e-01
  7.51488014e-03  7.31481008e+01  1.59231913e+02  1.43415918e+02
  2.45491486e+00  6.83562767e+01  3.28381147e+01  1.66907798e+00
  1.23927000e+00  2.24008028e+00  9.74587758e-01  3.14042886e+01
  7.38125493e-01  2.60647089e-04  2.56039765e-01  1.86920553e-01
  1.00614481e+03  9.34790665e-03  9.98614853e-01]",0.09790849381878386
143,0.09803995426959611,"[ 0.00000000e+00 -5.39410982e-01  1.46976608e+00  3.20521811e-01
  2.04105367e-01  9.25507118e+01  1.90945464e+02  1.60434685e+02
  2.61068241e+00  1.38629837e+02  6.34646960e+01  3.05266494e+00
  9.92633324e-01  1.84572059e+00  9.98435662e-01  1.48605252e+01
  4.52475844e-01  4.71145627e-04  3.29627079e-01  1.68488683e-01
  6.66121039e+03  9.31292240e-03  9.99297954e-01]",0.09679522951512676
144,0.09939146005593236,"[ 0.00000000e+00 -5.30202017e-01  8.79985223e-01  1.60660311e-01
  3.26227252e-01  7.12186589e+00  9.12673272e-02  3.53274107e+00
  2.44256921e-01  3.88621834e+02  7.60000322e+01  6.98714085e-01
  2.25270048e+00  9.48056570e-01  9.69219494e-01  5.75563381e+01
  6.10934454e-01  1.25200252e-04  3.45397871e-01  1.87114087e-01
  4.17681907e+03  9.58763984e-03  9.99805085e-01]",0.09126304701686261
145,0.102162184394753,"[ 0.00000000e+00 -5.43329587e-01  1.91226449e+00  1.72279159e-01
  2.29617436e-03  5.08571774e+01  1.49417118e+02  1.05621016e+02
  2.43714571e+00  2.95452971e+02  4.65201099e+01  2.86658713e+00
  2.33606489e+00  5.34918046e-02  9.81266255e-01  5.19263532e+01
  7.90242752e-02  3.84728156e-03  7.98318220e-02  2.03096674e-01
  5.22495832e+03  1.33685771e-02  8.94360746e-01]",0.09477887083360437
146,0.09566467620124675,"[ 0.00000000e+00 -5.30968877e-01  1.37114077e+00  3.07455100e-01
  9.91883639e-02  9.17452992e+01  1.53297370e+02  1.60535665e+02
  2.65294317e+00  2.55913835e+02  1.51705050e+01  2.54202217e+00
  1.53872910e+00  8.25758610e-01  9.46732240e-01  3.49252095e+01
  8.29202564e-03  4.98810503e-04  2.38511682e-01  2.14215077e-01
  5.95970990e+03  9.64371161e-03  9.98294836e-01]",0.09505147420689686
147,0.10434941507130091,"[ 0.00000000e+00 -5.20000624e-01  1.47921810e+00  2.71347951e-01
  3.57358174e-01  6.05802598e+01  1.50909619e+02  1.28004062e+02
  2.16837186e+00  3.21262991e+02  1.12320873e+02  2.36164636e+00
  7.62680372e-01  2.24370335e+00  7.67839011e-01  7.27933646e+01
  7.51892871e-01  3.82927212e-04  6.31637030e-01  1.88463955e-01
  7.36434300e+03  9.18118097e-03  9.99971444e-01]",0.103789403330654
148,0.10238593254757333,"[ 0.00000000e+00 -5.56884511e-01  1.45841837e+00  1.64326026e-02
  6.15058517e-01  8.88951521e+01  1.30950105e+02  1.68423315e+02
  2.36188946e+00  1.14076773e+02  1.13439828e+02  6.88284384e-01
  9.08747092e-01  7.93922338e-01  9.12875965e-01  7.61844820e+01
  5.42640761e-01  1.12048839e-05  2.23680508e-01  1.46894925e-01
  7.18513646e+03  1.31518022e-02  9.79987906e-01]",0.09630313167738791
149,0.09660665900862131,"[ 0.00000000e+00 -5.34894032e-01  1.46738786e+00  2.61136803e-01
  3.36571030e-01  7.83019863e+01  9.58912028e+01  1.45163037e+02
  2.53649570e+00  1.49608716e+02  6.38113145e+01  2.13062613e+00
  1.64466750e+00  9.80527378e-01  9.40018729e-01  8.12683251e+01
  2.52615411e-01  4.70944461e-04  4.04358204e-01  1.84487648e-01
  9.26987284e+03  9.09595395e-03  9.96820978e-01]",0.09596689319293716
150,0.10347137828149444,"[ 0.00000000e+00 -5.88911370e-01  1.51401535e+00  1.25418576e-02
  6.46574630e-01  9.09529191e+01  1.05816331e+02  1.72125501e+02
  2.29384846e+00  9.17854786e+01  4.52196825e+01  1.24261309e+00
  1.33686094e+00  1.17522386e+00  9.77841265e-01  3.71066795e+01
  5.68362631e-01  7.55805887e-04  7.76074810e-02  1.36616231e-01
  7.18165618e+03  1.28486279e-02  9.94277008e-01]",0.09662853630474966
151,0.10681223307287313,"[ 0.00000000e+00 -5.40766825e-01  1.43756678e+00  2.93646811e-01
  2.51917717e-01  7.53652811e+01  1.02961642e+02  1.44673707e+02
  2.41214517e+00  2.02902506e+02  4.63373823e+01  1.82139363e+00
  3.02318131e+00  1.64677011e-01  8.64833350e-01  7.72319665e+01
  4.51171217e-01  2.29289269e-04  4.95072514e-01  2.16878004e-01
  6.73206119e+03  9.11337624e-03  9.95409333e-01]",0.10617306289942197
152,0.10444195098991804,"[ 0.00000000e+00 -5.47033452e-01  1.90226320e+00  1.70046113e-01
  4.51147069e-03  4.30157396e+01  1.51939963e+02  9.79889900e+01
  2.11994354e+00  2.33504208e+02  5.16567365e+01  1.29564522e+00
  8.91255160e-01  9.13693207e-01  7.96118790e-01  1.88940364e+01
  1.87974602e-01  6.05498667e-05  9.75623257e-02  2.31168202e-01
  5.59747730e+03  1.35117767e-02  8.82209189e-01]",0.09602041482706802
153,0.09925149087128526,"[ 0.00000000e+00 -5.70074977e-01  1.49469534e+00  1.22327150e-02
  6.40792073e-01  8.24208258e+01  1.69405073e+02  1.51927856e+02
  2.42722305e+00  2.92863938e+02  1.44580201e+02  3.03886480e+00
  1.56144170e+00  1.80845358e-01  9.34310175e-01  5.68896611e+01
  4.16189271e-01  1.11040409e-04  5.81793445e-01  1.40881014e-01
  6.01427893e+03  1.23581065e-02  9.49474392e-01]",0.09515394770570018
154,0.10275628849992158,"[ 0.00000000e+00 -5.26251729e-01  1.38840616e+00  3.19186796e-01
  6.93627862e-02  9.13389023e+01  1.19298059e+02  1.62429317e+02
  2.64911854e+00  2.63885049e+02  6.04775448e+01  2.89449288e+00
  1.35504562e-01  2.55064982e+00  8.05034492e-01  3.02094220e+01
  4.72586341e-01  4.51324545e-04  3.94794383e-01  1.84172184e-01
  6.15469551e+03  9.53031875e-03  9.98821184e-01]",0.1020360320832232
155,0.09364728974422176,"[ 0.00000000e+00 -5.37295414e-01  1.47410101e+00  3.19841457e-01
  1.39560403e-01  7.06451942e+01  8.52975862e+01  1.40240072e+02
  2.21589415e+00  2.44689912e+02  1.86193934e+01  1.50961641e+00
  7.81232483e-01  2.25361455e+00  8.83935992e-01  3.60697543e+01
  9.75275239e-03  1.90249008e-05  9.34238476e-02  1.75639719e-01
  8.58192879e+03  9.29861326e-03  9.98739517e-01]",0.0924097962377286
156,0.10045207244593546,"[ 0.00000000e+00 -5.70617575e-01  1.94523512e+00  1.71234770e-01
  2.10480344e-02  7.36486749e+01  1.37273094e+02  1.28696236e+02
  2.81894253e+00  2.96535881e+02  2.10485757e+01  2.60415686e+00
  3.51332546e-01  1.40067615e+00  9.96109987e-01  6.56587962e+01
  3.47710774e-01  9.80468744e-03  7.01673398e-02  2.18086618e-01
  5.73753929e+03  1.30194003e-02  9.30711710e-01]",0.09351961217530724
157,0.10338766765731999,"[ 0.00000000e+00 -5.35492535e-01  1.52608844e+00  3.08568939e-01
  2.50682078e-01  7.33468325e+01  9.14901374e+01  1.41035996e+02
  2.39891479e+00  1.94529561e+02  7.20291608e+01  2.67066094e+00
  2.13868597e+00  5.47607254e-01  9.76450617e-01  2.27046435e+01
  4.92780782e-01  2.80054155e-04  9.66802355e-02  1.73703278e-01
  2.03784509e+03  9.24869945e-03  9.96160537e-01]",0.10319564973518958
158,0.09669433645567704,"[ 0.00000000e+00 -5.25626305e-01  1.42491348e+00  3.12394480e-01
  1.03443307e-01  7.55301312e+01  1.18660665e+02  1.46552739e+02
  2.25352777e+00  2.87202506e+02  2.88843690e+01  3.80810556e-01
  5.63520898e-01  9.03857323e-01  8.51208440e-01  4.08937201e+01
  3.33551394e-01  3.02494896e-04  7.22662631e-01  1.75353779e-01
  5.62764449e+03  9.44274868e-03  9.99988808e-01]",0.09591534485456898
159,0.10112245849552715,"[ 0.00000000e+00 -5.19174294e-01  1.47660013e+00  3.21375824e-01
  1.92510209e-01  6.50090097e+01  1.12658089e+02  1.32082668e+02
  2.13576921e+00  6.57735634e+01  7.80693641e+01  2.18180527e+00
  2.68083506e+00  1.20197829e+00  9.08432231e-01  5.08661113e+01
  2.34761779e-01  8.81489790e-04  3.51820310e-01  1.88397369e-01
  5.34740705e+03  9.20597333e-03  9.97997484e-01]",0.10100669029277676
160,0.10081442388342399,"[ 0.00000000e+00 -5.33035797e-01  1.42794544e+00  2.53898097e-01
  3.14145721e-01  6.73297792e+01  1.82179784e+02  1.38818079e+02
  2.07745351e+00  2.39742423e+02  2.69920392e+01  2.60496727e+00
  1.17933920e+00  2.29645421e+00  9.74754287e-01  5.18567938e+01
  7.75794987e-01  1.03776632e-04  4.26913443e-02  1.99108632e-01
  5.55657075e+03  9.04169518e-03  9.97084485e-01]",0.09975224119204107
161,0.10106268124132389,"[ 0.00000000e+00 -5.16882763e-01  1.41938113e+00  2.50307455e-01
  2.85471462e-01  7.10828775e+01  1.62453267e+02  1.39881825e+02
  2.38920976e+00  1.35896547e+02  1.15550169e+02  2.82977648e+00
  6.10818781e-01  1.99735762e+00  9.26879571e-01  3.80547500e+01
  5.42122679e-01  6.30889506e-04  8.45450291e-02  2.05545991e-01
  6.29796451e+02  9.47840002e-03  9.99381656e-01]",0.10045133227208924
162,0.09794695122573094,"[ 0.00000000e+00 -5.36014886e-01  1.39106387e+00  2.40616871e-01
  2.94714771e-01  7.67132682e+01  1.72184052e+02  1.50742406e+02
  2.38477213e+00  3.17804332e+02  6.55648856e+01  3.65592831e+00
  8.06847217e-01  1.24257721e+00  9.55918736e-01  4.36806262e+01
  1.83147650e-01  3.77116001e-04  1.77109683e-01  1.78886334e-01
  6.36087596e+03  9.46215711e-03  9.98080295e-01]",0.09753748204486756
163,0.09648561630812891,"[ 0.00000000e+00 -5.26394114e-01  1.50653602e+00  3.30356766e-01
  2.02183194e-01  7.74053036e+01  7.95271988e+01  1.45892647e+02
  2.48496212e+00  2.06646471e+02  1.80359231e+01  2.90370810e+00
  1.82406853e+00  1.18860889e+00  9.54174088e-01  1.92288274e+01
  1.59291253e-01  2.71517133e-04  3.16917804e-01  1.95169039e-01
  2.48344913e+03  8.89353878e-03  9.98545546e-01]",0.09536923996692981
164,0.09535004325449237,"[ 0.00000000e+00 -7.76649717e-01  1.50298234e+00  3.30562946e-01
  1.22164426e-01  8.67127428e+01  1.51872508e+02  1.58738155e+02
  2.53827226e+00  2.54675592e+02  3.36489994e+01  1.21407167e+00
  5.71017512e-02  2.49983282e+00  8.42986824e-01  3.52646962e+01
  3.96355749e-01  1.86297352e-05  1.08937252e-01  1.91700761e-01
  2.08305136e+03  9.83211016e-03  9.99912083e-01]",0.09557096993932024
165,0.10603907211540597,"[ 0.00000000e+00 -5.61505204e-01  1.47912091e+00  1.85506206e-02
  6.12773205e-01  7.62036468e+01  1.41260461e+02  1.51640683e+02
  2.25478349e+00  2.44828692e+02  4.17645958e+01  2.80236928e+00
  7.61708056e-02  2.60200244e+00  9.98169806e-01  3.43111027e+01
  6.45272454e-01  7.11932692e-04  3.22826144e-01  1.41035032e-01
  4.88422812e+03  1.28166857e-02  9.74224142e-01]",0.0993738231709721
166,0.1057683867986956,"[ 0.00000000e+00 -5.69201725e-01  1.88444486e+00  1.58896997e-01
  2.40285133e-02  3.61701140e+01  1.02152126e+02  9.06576040e+01
  1.99132112e+00  1.09812455e+02  3.06904478e+01  2.49312099e+00
  3.78783687e-01  1.93816292e+00  9.31086673e-01  5.64873088e+01
  6.15149618e-01  2.33251763e-03  5.92136476e-02  2.11239721e-01
  3.91197536e+03  1.39303441e-02  8.84779888e-01]",0.09670074957149088
167,0.10015526715004575,"[ 0.00000000e+00 -5.48640718e-01  1.88963937e+00  1.67808874e-01
  3.40995881e-03  5.65028326e+01  1.58342913e+02  1.05102374e+02
  2.93714880e+00  4.58757347e+01  9.98110833e+01  3.44041627e+00
  1.88895559e+00  4.91735537e-01  4.08738193e-01  4.87611442e+01
  3.27830102e-01  1.64097090e-03  1.43158341e-01  2.24342202e-01
  8.94996356e+03  1.34057770e-02  8.59121819e-01]",0.09718646422602883
168,0.10255195822318408,"[ 0.00000000e+00 -5.22321229e-01  1.46603419e+00  3.12381138e-01
  1.67083403e-01  8.88504327e+01  1.76600010e+01  1.52213383e+02
  2.78375534e+00  2.88163573e+02  2.11170054e+01  3.10565134e+00
  1.54981390e+00  1.78891258e+00  7.59862365e-01  7.76769832e+01
  9.41979632e-01  1.07060902e-04  3.18629744e-01  1.84458851e-01
  3.74614168e+03  9.22379619e-03  9.98587174e-01]",0.10192141430046753
169,0.10025947066569718,"[ 0.00000000e+00 -5.65084750e-01  1.45033006e+00  2.96124837e-01
  1.70521929e-01  8.46686179e+01  1.84331288e+02  1.56235451e+02
  2.66575192e+00  5.48134520e+01  1.63072974e+02  1.12303149e+00
  2.60920824e+00  5.07252696e-01  9.57679669e-01  2.05761163e+01
  2.42579920e-01  6.43791980e-05  8.31891383e-01  1.82437104e-01
  2.65767795e+03  9.55046973e-03  9.99623325e-01]",0.0994502018958584
170,0.1055021289289707,"[ 0.00000000e+00 -5.19348742e-01  1.46862393e+00  2.25898136e-01
  4.39692888e-01  8.69254968e+01  1.88064471e+02  1.55662996e+02
  2.58842623e+00  2.61783541e+02  8.93738626e+01  8.59318535e-01
  1.07146329e+00  2.37657539e+00  9.81066348e-01  2.24790825e+01
  9.11945241e-01  2.31629032e-04  3.40485305e-01  2.20741307e-01
  3.13435251e+03  9.09230643e-03  9.99857561e-01]",0.10488711963302544
171,0.09832117525232742,"[ 0.00000000e+00 -5.23835151e-01  1.38499019e+00  3.08298173e-01
  1.35755609e-01  7.96955291e+01  1.23387405e+02  1.47054585e+02
  2.61393253e+00  7.86605147e+01  2.62534920e+01  1.37864813e+00
  1.46841602e+00  1.15269266e+00  9.32247543e-01  5.90707873e+01
  5.06672580e-01  1.80105758e-05  2.88376075e-03  1.80223348e-01
  4.75878527e+03  9.34886591e-03  9.99385841e-01]",0.09737862161251087
172,0.09610934993233078,"[ 0.00000000e+00 -5.37285016e-01  1.48461657e+00  3.43887996e-01
  1.07153963e-01  9.07663358e+01  1.22935415e+02  1.60447111e+02
  2.67714255e+00  2.73621524e+02  3.67834104e+01  1.43510015e+00
  1.37670858e+00  1.25157921e+00  8.20993790e-01  4.34299136e+01
  4.68593619e-01  4.64905732e-05  6.97746383e-01  1.66653911e-01
  5.01526169e+03  9.42762345e-03  9.96208892e-01]",0.09529010849648789
173,0.09870714448371187,"[ 0.00000000e+00 -5.35156040e-01  1.53763583e+00  3.00720867e-01
  3.59239899e-01  7.99378066e+01  1.39218247e+02  1.03815905e+02
  2.27949122e+00  2.39531779e+02  1.80310470e+02  3.11811690e+00
  1.60922587e+00  3.09622026e-01  8.59510342e-01  5.41147960e+01
  8.17910732e-03  1.69944337e-04  3.87912898e-01  1.83470747e-01
  8.48256010e+03  9.34239510e-03  9.99412444e-01]",0.09789388964894541
174,0.0977370412463866,"[ 0.00000000e+00 -5.25281419e-01  1.45610079e+00  3.07546347e-01
  1.90002948e-01  8.47560189e+01  1.02878996e+02  1.51284052e+02
  2.56776144e+00  3.30090423e+02  4.13788475e+01  1.26335841e+00
  1.52893551e+00  1.61057740e+00  9.53857688e-01  5.81630646e+01
  2.03702206e-01  8.03459563e-05  5.55673687e-01  1.80199489e-01
  5.51152474e+03  9.16236925e-03  9.97303188e-01]",0.09689268515593186
175,0.10198728488880038,"[ 0.00000000e+00 -5.67025724e-01  1.39759068e+00  1.45619843e-02
  5.86357004e-01  9.90401617e+01  1.03141133e+02  1.78281320e+02
  2.49076143e+00  3.52225921e+02  2.47352340e+01  5.25455908e-01
  1.57823792e+00  6.82743556e-01  9.83706196e-01  4.73100461e+01
  2.23030999e-01  3.24574028e-04  2.18786656e-01  1.33541166e-01
  4.03086158e+03  1.29705672e-02  9.84308251e-01]",0.0965378609281744
176,0.09961247907436666,"[ 0.00000000e+00 -5.19027189e-01  1.50517519e+00  3.15254849e-01
  2.50476921e-01  8.16301630e+01  1.15584797e+02  1.48666138e+02
  2.51054161e+00  2.59782355e+01  3.82436981e+01  2.72377768e+00
  1.99109477e+00  8.55060166e-01  9.26846362e-01  5.04060697e+01
  6.18419095e-01  9.29505245e-05  4.20020161e-01  1.60737975e-01
  8.98440793e+03  8.85562372e-03  9.99308025e-01]",0.09825939823550234
177,0.10612898991282094,"[ 0.00000000e+00 -8.38634071e-01  1.94745914e+00  1.65601564e-01
  4.18653186e-03  6.80525931e+01  1.39970703e+02  1.20241647e+02
  2.88407063e+00  1.03516574e+02  1.21893811e+02  1.05877117e+00
  1.19263240e+00  8.02337628e-01  9.10735867e-01  6.14660815e+01
  3.10391914e-01  4.17346744e-03  1.40205724e-01  1.84466352e-01
  7.40173537e+03  1.37115121e-02  9.03921178e-01]",0.09751940553527971
178,0.09679547184824899,"[ 0.00000000e+00 -5.34493688e-01  1.48448765e+00  3.20512039e-01
  1.63040071e-01  9.28963843e+01  1.70887974e+01  1.57544734e+02
  2.65087395e+00  2.19086189e+02  1.99728371e+01  3.24078962e+00
  1.18944122e+00  9.26978765e-01  9.50224848e-01  8.17188476e+01
  8.43103683e-02  1.00438511e-04  7.48351680e-01  1.79321022e-01
  2.32011576e+03  9.36179359e-03  9.96477322e-01]",0.09564392306709679
179,0.10005389253210228,"[ 0.00000000e+00 -5.43568889e-01  1.97929936e+00  1.73161805e-01
  1.74546759e-02  4.00332093e+01  1.64652013e+02  9.25915875e+01
  2.10536918e+00  3.11954309e+02  6.18969674e+01  6.87033590e-01
  1.38922014e-01  1.63905858e+00  8.83295160e-01  3.96068656e+01
  8.79249481e-01  5.86566164e-04  5.71420739e-01  2.34545285e-01
  1.81075029e+03  1.33082112e-02  8.72274198e-01]",0.0954978797211804
180,0.09640150866701502,"[ 0.00000000e+00 -5.24437780e-01  1.38022319e+00  3.32464679e-01
  6.21451318e-02  8.17742091e+01  1.19733449e+02  1.51555019e+02
  2.48276886e+00  7.89914952e+01  8.34049767e+01  8.57394733e-01
  1.84477506e+00  6.43150285e-01  9.22844632e-01  6.15668638e+01
  6.31152594e-01  3.73195699e-04  2.17976823e-01  1.91261858e-01
  3.95083660e+03  9.16048472e-03  9.99759306e-01]",0.09527480809903399
181,0.10100827380109123,"[ 0.00000000e+00 -5.66817417e-01  1.66120671e+00  1.73665421e-02
  6.72225783e-01  2.80020253e+01  1.11895428e+02  1.00263118e+02
  1.27373595e+00  3.06197837e+02  1.01815599e+02  2.49357817e+00
  1.61590094e+00  1.05349455e+00  9.34922334e-01  9.69162671e+01
  6.84006938e-01  5.18050316e-04  3.93439927e-02  1.41382794e-01
  3.36569730e+03  1.27418520e-02  9.64759501e-01]",0.09765190396193424
182,0.09762733444921767,"[ 0.00000000e+00 -5.22967977e-01  1.48220010e+00  2.71476139e-01
  3.65457392e-01  9.50951874e+01  1.53567272e+02  1.65203735e+02
  2.58528440e+00  2.68160463e+02  3.66556494e+01  2.11446547e+00
  6.55600020e-01  1.45906571e+00  9.32962355e-01  6.51463663e+01
  4.79567356e-01  4.44755682e-05  4.18179811e-01  1.67685244e-01
  2.27521299e+03  9.07943228e-03  9.97363538e-01]",0.09723563455686957
183,0.09358584081570986,"[ 0.00000000e+00 -5.28198710e-01  1.44498684e+00  3.13550409e-01
  1.81550187e-01  7.28507441e+01  1.23770840e+02  1.41966872e+02
  2.40641778e+00  3.20031379e+02  7.94830041e+01  1.84818464e+00
  5.06934401e-01  8.94694659e-01  7.35694401e-01  4.28085213e+01
  7.86407109e-01  1.37324468e-04  3.83223416e-01  1.83923882e-01
  2.34375233e+03  9.23849574e-03  9.98798423e-01]",0.0928979552738971
184,0.09864388990690265,"[ 0.00000000e+00 -5.73390955e-01  1.45329880e+00  1.63345547e-02
  6.06740534e-01  4.86980286e+01  1.82786492e+02  1.33252423e+02
  1.57740294e+00  2.36539896e+02  1.02531592e+02  1.38141738e+00
  6.50902102e-01  1.31160923e+00  9.78055164e-01  9.29543923e+01
  3.75522393e-01  3.16107967e-04  2.54954021e-01  1.26991887e-01
  4.32299931e+03  1.31176742e-02  9.97514063e-01]",0.09674660438589477
185,0.10254956719609676,"[ 0.00000000e+00 -5.72827958e-01  1.54899750e+00  1.17899770e-02
  6.67264463e-01  5.81081603e+01  1.14931394e+02  1.31444865e+02
  1.94913546e+00  6.60986401e+01  7.49638750e+01  1.38541333e+00
  1.01371442e+00  1.32014639e+00  9.16248023e-01  4.50084198e+01
  3.94319619e-01  4.36973522e-04  1.80717669e-01  1.37011712e-01
  4.40655407e+03  1.27660442e-02  9.70723893e-01]",0.0976924843120408
186,0.09980499091391448,"[ 0.00000000e+00 -5.65885038e-01  1.42535049e+00  2.46008552e-01
  2.99617111e-01  7.67706823e+01  1.51811116e+02  1.46196750e+02
  2.40233234e+00  2.04302418e+02  5.73769873e+01  2.00899666e+00
  2.17639969e+00  1.00801595e+00  9.19647099e-01  9.85012795e+01
  3.74229031e-01  3.74227504e-04  6.47264480e-01  1.94537901e-01
  2.91486064e+03  9.24297256e-03  9.97191505e-01]",0.099023253172838
187,0.09615868444564868,"[ 0.00000000e+00 -5.34811227e-01  1.49779585e+00  3.74061820e-01
  8.75381318e-02  8.26970692e+01  1.71971120e+02  1.51980575e+02
  2.53546549e+00  3.94591184e+02  4.77118262e+01  2.80013474e-01
  1.85971671e+00  1.15569012e+00  9.98872994e-01  3.46745668e+01
  8.47025427e-01  9.78641308e-05  3.30818884e-01  1.81940908e-01
  3.56618741e+03  9.16643391e-03  9.98598909e-01]",0.09500464746006643
188,0.09965106179287053,"[ 0.00000000e+00 -5.40202093e-01  1.48688954e+00  3.33905509e-01
  1.01635153e-01  9.40675935e+01  1.70672587e+02  1.60783019e+02
  2.75713045e+00  3.72129177e+02  1.00351768e+02  2.60236929e+00
  6.52357644e-01  2.21738426e+00  9.04797123e-01  7.80577303e+01
  2.15693369e-01  1.78120346e-04  1.81520943e-01  1.75404738e-01
  3.29409918e+03  9.12079685e-03  9.98740735e-01]",0.09869106787617588
189,0.10240365031172771,"[ 0.00000000e+00 -5.22462124e-01  1.41647785e+00  2.39523996e-01
  3.23482803e-01  8.35262709e+01  1.15562535e+02  1.51563347e+02
  2.50502530e+00  5.96804581e+01  9.62638860e+01  1.30321531e+00
  2.61604748e-01  2.61925641e+00  9.16083811e-01  4.66121075e+01
  5.85058366e-01  4.87418015e-04  1.61077238e-01  1.81744355e-01
  6.25815680e+03  9.04330447e-03  9.98464591e-01]",0.10120800174753253
190,0.10338126312323737,"[ 0.00000000e+00 -5.38494221e-01  1.45424247e+00  2.24868444e-01
  4.50575787e-01  7.86773163e+01  1.88549836e+02  1.50859258e+02
  2.45348201e+00  3.50781331e+02  1.21016491e+02  2.44656619e+00
  1.79259383e+00  6.96639166e-01  9.19650947e-01  5.17971434e+01
  9.31192367e-01  5.38829773e-04  4.87462846e-01  1.94612226e-01
  4.59637712e+03  9.06435024e-03  9.99060652e-01]",0.1024717825059791
191,0.1020904689744041,"[ 0.00000000e+00 -5.26923295e-01  1.47090599e+00  3.02129524e-01
  2.04311386e-01  9.86779988e+01  1.77349128e+02  1.64762093e+02
  2.94030696e+00  3.38372507e+02  7.55291379e+01  3.11805109e+00
  1.32033418e+00  8.66735748e-01  9.55497171e-01  8.80163222e+01
  6.13880229e-01  1.72129518e-04  5.97847420e-01  2.08332562e-01
  5.62208560e+03  9.12495329e-03  9.95177712e-01]",0.10113355965151649
192,0.09978682435847763,"[ 0.00000000e+00 -5.65920968e-01  1.70405529e+00  1.57154877e-01
  1.86484995e-02  5.84455277e+01  1.32991615e+02  1.16355124e+02
  2.45735581e+00  2.73032433e+01  9.41914339e+01  1.21921347e+00
  1.47063831e+00  1.97269997e+00  9.75372566e-01  5.78977275e+01
  6.14889384e-01  4.91076731e-04  7.24710579e-02  2.14424247e-01
  2.27945148e+03  1.31434027e-02  9.01587166e-01]",0.09468614341066206
193,0.10564282832864369,"[ 0.00000000e+00 -5.43314022e-01  1.90649035e+00  1.69926589e-01
  1.88830961e-03  6.50732381e+01  9.44205256e+01  1.16908201e+02
  2.80203269e+00  2.63521287e+02  6.13854553e+01  2.48173639e+00
  9.56275664e-01  1.72000616e+00  7.14305520e-01  5.13403777e+01
  5.75492806e-01  2.87947088e-03  2.50114455e-01  2.18627038e-01
  6.18749202e+03  1.33255729e-02  8.75132753e-01]",0.0964668542218109
194,0.09718344549004065,"[ 0.00000000e+00 -5.23349415e-01  1.47201724e+00  3.40289281e-01
  9.48024576e-02  5.61836227e+01  1.89178254e+02  1.23753156e+02
  1.93970811e+00  1.86980736e+02  9.11336303e+01  3.04957019e+00
  3.28440217e-01  2.33469500e+00  8.24731022e-01  2.34989166e+01
  2.36145098e-01  2.00914592e-04  1.54261146e-01  1.72766696e-01
  4.76730061e+03  9.38294722e-03  9.99075275e-01]",0.09675233533874683
195,0.09586930942081917,"[ 0.00000000e+00 -5.28307914e-01  1.43999149e+00  2.47943708e-01
  3.81070687e-01  7.88336971e+01  1.59583645e+02  9.20138288e+01
  2.20226537e+00  2.69187238e+02  2.13310251e+02  3.12543930e+00
  1.04844555e+00  1.08448438e+00  8.85607466e-01  6.02816907e+01
  6.35216302e-01  4.35538198e-04  2.09976993e-01  1.97193288e-01
  1.66743416e+03  9.34600596e-03  9.98683764e-01]",0.09493498421114821
196,0.10239893666679223,"[ 0.00000000e+00 -5.28103224e-01  1.43245764e+00  2.46314460e-01
  3.51763070e-01  9.72546366e+01  1.93093130e+02  1.66989956e+02
  2.62266049e+00  1.48436898e+02  1.68226566e+02  1.97136602e+00
  2.87955657e+00  1.54398272e-01  9.47180713e-01  8.56010243e+01
  7.61245725e-01  4.62607991e-04  4.79886277e-01  2.30540848e-01
  1.65646104e+03  9.11396448e-03  9.97445498e-01]",0.10180808210933612
197,0.10846857366915608,"[ 0.00000000e+00 -8.94013267e-01  1.99644216e+00  1.61792441e-01
  1.71271942e-02  7.18474654e+01  1.01555995e+02  1.34910029e+02
  2.52208245e+00  1.29400292e+02  7.72455094e+01  1.90878554e+00
  1.63592002e+00  1.05163519e+00  9.15525120e-01  5.45288381e+01
  1.89492046e-02  4.27805797e-04  5.59685695e-01  2.28549580e-01
  2.21843751e+03  1.38210269e-02  9.07342320e-01]",0.09780478812111637
198,0.09648746988984447,"[ 0.00000000e+00 -5.20994281e-01  1.37138402e+00  2.82883084e-01
  1.56118301e-01  9.39256148e+01  1.75275471e+02  1.65609691e+02
  2.58542704e+00  1.05408924e+02  2.88063730e+01  2.96575428e+00
  1.75870230e-01  2.94699522e+00  8.95457906e-01  7.24257519e+01
  1.53572526e-01  8.52077108e-05  5.20966693e-02  1.97647855e-01
  3.66040633e+03  9.59875022e-03  9.97181553e-01]",0.09559914239552281
199,0.10753452531976726,"[ 0.00000000e+00 -5.21312065e-01  1.43432962e+00  2.95365067e-01
  2.06724545e-01  6.17787867e+01  1.01083926e+02  1.27601486e+02
  2.34693340e+00  1.97417474e+02  8.08813200e+01  2.75566431e+00
  2.40027120e+00  3.41745755e-01  9.50878227e-01  3.39278117e+01
  5.48517306e-01  1.33078764e-04  3.43766396e-01  1.99476669e-01
  7.68127436e+03  9.17166781e-03  9.94007186e-01]",0.10720444457951128
